실험명,물체종류,측정조건,실제총무게_g,반복번호,표본번호,X축힘_N,Y축힘_N,Z축힘_N,X축모멘트_Nm,Y축모멘트_Nm,Z축모멘트_Nm
scoop_total133g_signminus_offset270_set14,스쿱,scoop_total_133g,133,1,1,-0.723292768,1.991553187,1.220642686,2.902348995,-3.537184477,0.1502139419
scoop_total133g_signminus_offset270_set14,스쿱,scoop_total_133g,133,1,2,-0.7015009522,2.00945735,1.247377992,2.902352095,-3.537186146,0.1523520797
scoop_total133g_signminus_offset270_set14,스쿱,scoop_total_133g,133,1,3,-0.7015009522,2.00945735,1.247377992,2.902352095,-3.537186146,0.1523520797
scoop_total133g_signminus_offset270_set14,스쿱,scoop_total_133g,133,1,4,-0.6893076301,2.073794365,1.227676868,2.902348518,-3.537184477,0.1499617249
scoop_total133g_signminus_offset270_set14,스쿱,scoop_total_133g,133,1,5,-0.6893076301,2.073794365,1.227676868,2.902348518,-3.537184477,0.1499617249
scoop_total133g_signminus_offset270_set14,스쿱,scoop_total_133g,133,1,6,-0.7211844325,2.011698961,1.221171975,2.902353048,-3.537186623,0.1530511081
scoop_total133g_signminus_offset270_set14,스쿱,scoop_total_133g,133,1,7,-0.7211844325,2.011698961,1.221171975,2.902353048,-3.537186623,0.1530511081
scoop_total133g_signminus_offset270_set14,스쿱,scoop_total_133g,133,1,8,-0.7305399179,1.973014593,1.190869808,2.902351618,-3.537185907,0.1520805508
scoop_total133g_signminus_offset270_set14,스쿱,scoop_total_133g,133,1,9,-0.7305399179,1.973014593,1.190869808,2.902351618,-3.537185907,0.1520805508
scoop_total133g_signminus_offset270_set14,스쿱,scoop_total_133g,133,1,10,-0.7197547555,1.974161744,1.233616233,2.902348042,-3.537184238,0.1495921463
scoop_total133g_signminus_offset270_set14,스쿱,scoop_total_133g,133,2,1,-0.6686761379,2.04752636,1.285120606,2.902354717,-3.537187576,0.1543066949
scoop_total133g_signminus_offset270_set14,스쿱,scoop_total_133g,133,2,2,-0.7098324895,2.003717661,1.265908718,2.902351856,-3.537186146,0.1522932798
scoop_total133g_signminus_offset270_set14,스쿱,scoop_total_133g,133,2,3,-0.7098324895,2.003717661,1.265908718,2.902351856,-3.537186146,0.1522932798
scoop_total133g_signminus_offset270_set14,스쿱,scoop_total_133g,133,2,4,-0.7197416425,1.942818403,1.227274537,2.902345181,-3.53718257,0.1475374699
scoop_total133g_signminus_offset270_set14,스쿱,scoop_total_133g,133,2,5,-0.7197416425,1.942818403,1.227274537,2.902345181,-3.53718257,0.1475374699
scoop_total133g_signminus_offset270_set14,스쿱,scoop_total_133g,133,2,6,-0.7408443093,1.890079975,1.225534797,2.90234375,-3.537181854,0.1465598643
scoop_total133g_signminus_offset270_set14,스쿱,scoop_total_133g,133,2,7,-0.7408443093,1.890079975,1.225534797,2.90234375,-3.537181854,0.1465598643
scoop_total133g_signminus_offset270_set14,스쿱,scoop_total_133g,133,2,8,-0.7126289606,1.975314856,1.23859036,2.902347565,-3.537184,0.149269715
scoop_total133g_signminus_offset270_set14,스쿱,scoop_total_133g,133,2,9,-0.7126289606,1.975314856,1.23859036,2.902347565,-3.537184,0.149269715
scoop_total133g_signminus_offset270_set14,스쿱,scoop_total_133g,133,2,10,-0.7124259472,2.007747173,1.230594277,2.902353525,-3.537186861,0.1533940881
scoop_total133g_signminus_offset270_set14,스쿱,scoop_total_133g,133,3,1,-0.57244277,1.99788785,1.153443456,2.902354479,-3.537187338,0.1541459262
scoop_total133g_signminus_offset270_set14,스쿱,scoop_total_133g,133,3,2,-0.5757523775,1.92956984,1.175751686,2.902353048,-3.537186623,0.1530298293
scoop_total133g_signminus_offset270_set14,스쿱,scoop_total_133g,133,3,3,-0.5757523775,1.92956984,1.175751686,2.902353048,-3.537186623,0.1530298293
scoop_total133g_signminus_offset270_set14,스쿱,scoop_total_133g,133,3,4,-0.6290089488,1.887502313,1.15934813,2.902351856,-3.537185907,0.1522110701
scoop_total133g_signminus_offset270_set14,스쿱,scoop_total_133g,133,3,5,-0.6290089488,1.887502313,1.15934813,2.902351856,-3.537185907,0.1522110701
scoop_total133g_signminus_offset270_set14,스쿱,scoop_total_133g,133,3,6,-0.6181241274,1.900790453,1.153024673,2.902349949,-3.537184954,0.1508981436
scoop_total133g_signminus_offset270_set14,스쿱,scoop_total_133g,133,3,7,-0.6181241274,1.900790453,1.153024673,2.902349949,-3.537184954,0.1508981436
scoop_total133g_signminus_offset270_set14,스쿱,scoop_total_133g,133,3,8,-0.5825853348,1.936572671,1.159546375,2.902354002,-3.537187099,0.1536857784
scoop_total133g_signminus_offset270_set14,스쿱,scoop_total_133g,133,3,9,-0.5825853348,1.936572671,1.159546375,2.902354002,-3.537187099,0.1536857784
scoop_total133g_signminus_offset270_set14,스쿱,scoop_total_133g,133,3,10,-0.5610772371,1.938629866,1.173796415,2.902350903,-3.537185669,0.1516229063
scoop_total133g_signminus_offset270_set14,스쿱,scoop_total_133g,133,4,1,-0.530556798,1.852522731,1.248831391,2.902344704,-3.537182331,0.1471359283
scoop_total133g_signminus_offset270_set14,스쿱,scoop_total_133g,133,4,2,-0.530556798,1.852522731,1.248831391,2.902344704,-3.537182331,0.1471359283
scoop_total133g_signminus_offset270_set14,스쿱,scoop_total_133g,133,4,3,-0.5131452084,1.90941298,1.253332496,2.902347326,-3.537183762,0.1490976512
scoop_total133g_signminus_offset270_set14,스쿱,scoop_total_133g,133,4,4,-0.5131452084,1.90941298,1.253332496,2.902347326,-3.537183762,0.1490976512
scoop_total133g_signminus_offset270_set14,스쿱,scoop_total_133g,133,4,5,-0.5179995894,1.889680266,1.214783192,2.902350426,-3.537185192,0.15116781
scoop_total133g_signminus_offset270_set14,스쿱,scoop_total_133g,133,4,6,-0.5179995894,1.889680266,1.214783192,2.902350426,-3.537185192,0.15116781
scoop_total133g_signminus_offset270_set14,스쿱,scoop_total_133g,133,4,7,-0.4941365123,1.853106856,1.188623071,2.902349234,-3.537184715,0.1504433751
scoop_total133g_signminus_offset270_set14,스쿱,scoop_total_133g,133,4,8,-0.4941365123,1.853106856,1.188623071,2.902349234,-3.537184715,0.1504433751
scoop_total133g_signminus_offset270_set14,스쿱,scoop_total_133g,133,4,9,-0.490546912,1.832899094,1.181507111,2.902352571,-3.537186384,0.1527270377
scoop_total133g_signminus_offset270_set14,스쿱,scoop_total_133g,133,4,10,-0.490546912,1.832899094,1.181507111,2.902352571,-3.537186384,0.1527270377
scoop_total133g_signminus_offset270_set14,스쿱,scoop_total_133g,133,5,1,-0.4815960526,1.932095766,1.293391466,2.902352333,-3.537186146,0.152583614
scoop_total133g_signminus_offset270_set14,스쿱,scoop_total_133g,133,5,2,-0.4700864553,1.939652801,1.256294727,2.902351379,-3.537185907,0.1519396752
scoop_total133g_signminus_offset270_set14,스쿱,scoop_total_133g,133,5,3,-0.4700864553,1.939652801,1.256294727,2.902351379,-3.537185907,0.1519396752
scoop_total133g_signminus_offset270_set14,스쿱,scoop_total_133g,133,5,4,-0.4727807641,1.93528676,1.296886921,2.902354479,-3.537187338,0.1540534496
scoop_total133g_signminus_offset270_set14,스쿱,scoop_total_133g,133,5,5,-0.4727807641,1.93528676,1.296886921,2.902354479,-3.537187338,0.1540534496
scoop_total133g_signminus_offset270_set14,스쿱,scoop_total_133g,133,5,6,-0.516281426,1.88757062,1.335661888,2.902352333,-3.537186146,0.1525122821
scoop_total133g_signminus_offset270_set14,스쿱,scoop_total_133g,133,5,7,-0.516281426,1.88757062,1.335661888,2.902352333,-3.537186146,0.1525122821
scoop_total133g_signminus_offset270_set14,스쿱,scoop_total_133g,133,5,8,-0.5219275951,1.889733672,1.373787403,2.902348995,-3.537184477,0.1502313316
scoop_total133g_signminus_offset270_set14,스쿱,scoop_total_133g,133,5,9,-0.5219275951,1.889733672,1.373787403,2.902348995,-3.537184477,0.1502313316
scoop_total133g_signminus_offset270_set14,스쿱,scoop_total_133g,133,5,10,-0.5422300696,1.87071538,1.379821181,2.902351141,-3.537185669,0.1517835557
scoop_total133g_signminus_offset270_set14,스쿱,scoop_total_133g,133,6,1,-0.5475016832,1.880641341,1.30882287,2.902350426,-3.537185431,0.1512505412
scoop_total133g_signminus_offset270_set14,스쿱,scoop_total_133g,133,6,2,-0.5259814262,1.923113465,1.312154055,2.902348995,-3.537184477,0.1501608193
scoop_total133g_signminus_offset270_set14,스쿱,scoop_total_133g,133,6,3,-0.5259814262,1.923113465,1.312154055,2.902348995,-3.537184477,0.1501608193
scoop_total133g_signminus_offset270_set14,스쿱,scoop_total_133g,133,6,4,-0.5432826281,1.926393151,1.350917339,2.902354956,-3.537187576,0.1543827504
scoop_total133g_signminus_offset270_set14,스쿱,scoop_total_133g,133,6,5,-0.5432826281,1.926393151,1.350917339,2.902354956,-3.537187576,0.1543827504
scoop_total133g_signminus_offset270_set14,스쿱,scoop_total_133g,133,6,6,-0.5910309553,1.861173034,1.389034033,2.902350903,-3.537185669,0.1516420692
scoop_total133g_signminus_offset270_set14,스쿱,scoop_total_133g,133,6,7,-0.5910309553,1.861173034,1.389034033,2.902350903,-3.537185669,0.1516420692
scoop_total133g_signminus_offset270_set14,스쿱,scoop_total_133g,133,6,8,-0.5747031569,1.900845766,1.387984157,2.902350426,-3.537185192,0.1512256861
scoop_total133g_signminus_offset270_set14,스쿱,scoop_total_133g,133,6,9,-0.5747031569,1.900845766,1.387984157,2.902350426,-3.537185192,0.1512256861
scoop_total133g_signminus_offset270_set14,스쿱,scoop_total_133g,133,6,10,-0.5659803748,1.879654527,1.319760919,2.902348518,-3.537184477,0.1499727368
scoop_total133g_signminus_offset270_set14,스쿱,scoop_total_133g,133,7,1,-0.5794006586,1.927519202,1.21024394,2.902349949,-3.537185192,0.1509654075
scoop_total133g_signminus_offset270_set14,스쿱,scoop_total_133g,133,7,2,-0.5794006586,1.927519202,1.21024394,2.902349949,-3.537185192,0.1509654075
scoop_total133g_signminus_offset270_set14,스쿱,scoop_total_133g,133,7,3,-0.5582787395,1.943037868,1.213569164,2.902351379,-3.537185669,0.1518432796
scoop_total133g_signminus_offset270_set14,스쿱,scoop_total_133g,133,7,4,-0.5582787395,1.943037868,1.213569164,2.902351379,-3.537185669,0.1518432796
scoop_total133g_signminus_offset270_set14,스쿱,scoop_total_133g,133,7,5,-0.5663714409,1.951763868,1.219758272,2.902353048,-3.537186623,0.1530109197
scoop_total133g_signminus_offset270_set14,스쿱,scoop_total_133g,133,7,6,-0.5663714409,1.951763868,1.219758272,2.902353048,-3.537186623,0.1530109197
scoop_total133g_signminus_offset270_set14,스쿱,scoop_total_133g,133,7,7,-0.594399631,1.930941701,1.23534739,2.902352333,-3.537186146,0.1525058448
scoop_total133g_signminus_offset270_set14,스쿱,scoop_total_133g,133,7,8,-0.594399631,1.930941701,1.23534739,2.902352333,-3.537186146,0.1525058448
scoop_total133g_signminus_offset270_set14,스쿱,scoop_total_133g,133,7,9,-0.6192986369,1.903819442,1.232674241,2.902351141,-3.537185669,0.1516588777
scoop_total133g_signminus_offset270_set14,스쿱,scoop_total_133g,133,7,10,-0.6192986369,1.903819442,1.232674241,2.902351141,-3.537185669,0.1516588777
scoop_total133g_signminus_offset270_set14,스쿱,scoop_total_133g,133,8,1,-0.6856509447,1.980371594,1.236466765,2.90234828,-3.537184238,0.1497726589
scoop_total133g_signminus_offset270_set14,스쿱,scoop_total_133g,133,8,2,-0.7080734372,1.945151567,1.203487992,2.902347326,-3.537183762,0.1490358114
scoop_total133g_signminus_offset270_set14,스쿱,scoop_total_133g,133,8,3,-0.7080734372,1.945151567,1.203487992,2.902347326,-3.537183762,0.1490358114
scoop_total133g_signminus_offset270_set14,스쿱,scoop_total_133g,133,8,4,-0.681607008,1.963328481,1.195181012,2.902345896,-3.537183046,0.1480364203
scoop_total133g_signminus_offset270_set14,스쿱,scoop_total_133g,133,8,5,-0.681607008,1.963328481,1.195181012,2.902345896,-3.537183046,0.1480364203
scoop_total133g_signminus_offset270_set14,스쿱,scoop_total_133g,133,8,6,-0.6777213812,1.993056178,1.204224706,2.902344942,-3.53718257,0.1474614292
scoop_total133g_signminus_offset270_set14,스쿱,scoop_total_133g,133,8,7,-0.6777213812,1.993056178,1.204224706,2.902344942,-3.53718257,0.1474614292
scoop_total133g_signminus_offset270_set14,스쿱,scoop_total_133g,133,8,8,-0.65924716,2.036500931,1.191252708,2.902350903,-3.537185669,0.1516199112
scoop_total133g_signminus_offset270_set14,스쿱,scoop_total_133g,133,8,9,-0.65924716,2.036500931,1.191252708,2.902350903,-3.537185669,0.1516199112
scoop_total133g_signminus_offset270_set14,스쿱,scoop_total_133g,133,8,10,-0.6442832947,2.025013208,1.202189922,2.902349949,-3.537185192,0.1509493738
scoop_total133g_signminus_offset270_set14,스쿱,scoop_total_133g,133,9,1,-0.7573032975,1.984846711,1.200470567,2.902348518,-3.537184477,0.1499221921
scoop_total133g_signminus_offset270_set14,스쿱,scoop_total_133g,133,9,2,-0.7587606907,1.980337262,1.190752506,2.902346849,-3.537183523,0.1487660259
scoop_total133g_signminus_offset270_set14,스쿱,scoop_total_133g,133,9,3,-0.7587606907,1.980337262,1.190752506,2.902346849,-3.537183523,0.1487660259
scoop_total133g_signminus_offset270_set14,스쿱,scoop_total_133g,133,9,4,-0.7359489799,2.02872777,1.219689727,2.902346134,-3.537183285,0.1482848823
scoop_total133g_signminus_offset270_set14,스쿱,scoop_total_133g,133,9,5,-0.7360162735,2.011219025,1.222719669,2.902350903,-3.537185431,0.1515377313
scoop_total133g_signminus_offset270_set14,스쿱,scoop_total_133g,133,9,6,-0.7360162735,2.011219025,1.222719669,2.902350903,-3.537185431,0.1515377313
scoop_total133g_signminus_offset270_set14,스쿱,scoop_total_133g,133,9,7,-0.7353400588,1.995859146,1.214223504,2.902348757,-3.537184477,0.1500827968
scoop_total133g_signminus_offset270_set14,스쿱,scoop_total_133g,133,9,8,-0.7353400588,1.995859146,1.214223504,2.902348757,-3.537184477,0.1500827968
scoop_total133g_signminus_offset270_set14,스쿱,scoop_total_133g,133,9,9,-0.7145177722,2.036496401,1.218487859,2.902346134,-3.537183285,0.1482770741
scoop_total133g_signminus_offset270_set14,스쿱,scoop_total_133g,133,9,10,-0.7145177722,2.036496401,1.218487859,2.902346134,-3.537183285,0.1482770741
scoop_total133g_signminus_offset270_set14,스쿱,scoop_total_133g,133,10,1,-0.660890162,1.862071157,1.046277642,2.902346611,-3.537183523,0.1485843509
scoop_total133g_signminus_offset270_set14,스쿱,scoop_total_133g,133,10,2,-0.6264619231,1.986361623,1.073066235,2.902350664,-3.537185431,0.1513962746
scoop_total133g_signminus_offset270_set14,스쿱,scoop_total_133g,133,10,3,-0.6264619231,1.986361623,1.073066235,2.902350664,-3.537185431,0.1513962746
scoop_total133g_signminus_offset270_set14,스쿱,scoop_total_133g,133,10,4,-0.6236771345,2.082071781,1.163733125,2.902352095,-3.537186146,0.1523362994
scoop_total133g_signminus_offset270_set14,스쿱,scoop_total_133g,133,10,5,-0.6236771345,2.082071781,1.163733125,2.902352095,-3.537186146,0.1523362994
scoop_total133g_signminus_offset270_set14,스쿱,scoop_total_133g,133,10,6,-0.6348741651,2.00973177,1.220139861,2.902350903,-3.537185669,0.1516281813
scoop_total133g_signminus_offset270_set14,스쿱,scoop_total_133g,133,10,7,-0.6348741651,2.00973177,1.220139861,2.902350903,-3.537185669,0.1516281813
scoop_total133g_signminus_offset270_set14,스쿱,scoop_total_133g,133,10,8,-0.6877883077,1.930481911,1.25599122,2.902346134,-3.537183046,0.1482185125
scoop_total133g_signminus_offset270_set14,스쿱,scoop_total_133g,133,10,9,-0.6877883077,1.930481911,1.25599122,2.902346134,-3.537183046,0.1482185125
scoop_total133g_signminus_offset270_set14,스쿱,scoop_total_133g,133,10,10,-0.6853559017,1.895523429,1.249245167,2.902346373,-3.537183285,0.1483866721
scoop_total133g_signminus_offset270_set14,스쿱,scoop_total_133g,133,11,1,-0.5165563822,1.919414163,1.136698365,2.902349234,-3.537184715,0.1504697353
scoop_total133g_signminus_offset270_set14,스쿱,scoop_total_133g,133,11,2,-0.4952776134,1.951630354,1.129819155,2.902350426,-3.537185192,0.1512209475
scoop_total133g_signminus_offset270_set14,스쿱,scoop_total_133g,133,11,3,-0.4952776134,1.951630354,1.129819155,2.902350426,-3.537185192,0.1512209475
scoop_total133g_signminus_offset270_set14,스쿱,scoop_total_133g,133,11,4,-0.5425639749,1.862612963,1.128185511,2.90234971,-3.537184954,0.1507665813
scoop_total133g_signminus_offset270_set14,스쿱,scoop_total_133g,133,11,5,-0.5425639749,1.862612963,1.128185511,2.90234971,-3.537184954,0.1507665813
scoop_total133g_signminus_offset270_set14,스쿱,scoop_total_133g,133,11,6,-0.5796601772,1.791674852,1.156216264,2.902349472,-3.537184954,0.1505992115
scoop_total133g_signminus_offset270_set14,스쿱,scoop_total_133g,133,11,7,-0.5796601772,1.791674852,1.156216264,2.902349472,-3.537184954,0.1505992115
scoop_total133g_signminus_offset270_set14,스쿱,scoop_total_133g,133,11,8,-0.5857974887,1.769885778,1.156305075,2.902347803,-3.537184,0.1494303346
scoop_total133g_signminus_offset270_set14,스쿱,scoop_total_133g,133,11,9,-0.5857974887,1.769885778,1.156305075,2.902347803,-3.537184,0.1494303346
scoop_total133g_signminus_offset270_set14,스쿱,scoop_total_133g,133,11,10,-0.5566620231,1.844544888,1.187510967,2.902351141,-3.537185669,0.1517547518
scoop_total133g_signminus_offset270_set14,스쿱,scoop_total_133g,133,12,1,-0.488858372,1.84785831,1.285650849,2.902349472,-3.537184715,0.150547877
scoop_total133g_signminus_offset270_set14,스쿱,scoop_total_133g,133,12,2,-0.488858372,1.84785831,1.285650849,2.902349472,-3.537184715,0.150547877
scoop_total133g_signminus_offset270_set14,스쿱,scoop_total_133g,133,12,3,-0.4599654377,1.848556399,1.292838335,2.902348518,-3.537184238,0.1498335153
scoop_total133g_signminus_offset270_set14,스쿱,scoop_total_133g,133,12,4,-0.4599654377,1.848556399,1.292838335,2.902348518,-3.537184238,0.1498335153
scoop_total133g_signminus_offset270_set14,스쿱,scoop_total_133g,133,12,5,-0.447563678,1.857556462,1.278235555,2.902346611,-3.537183285,0.1485705525
scoop_total133g_signminus_offset270_set14,스쿱,scoop_total_133g,133,12,6,-0.447563678,1.857556462,1.278235555,2.902346611,-3.537183285,0.1485705525
scoop_total133g_signminus_offset270_set14,스쿱,scoop_total_133g,133,12,7,-0.4671992064,1.822003961,1.262526274,2.902348757,-3.537184477,0.1500232518
scoop_total133g_signminus_offset270_set14,스쿱,scoop_total_133g,133,12,8,-0.4671992064,1.822003961,1.262526274,2.902348757,-3.537184477,0.1500232518
scoop_total133g_signminus_offset270_set14,스쿱,scoop_total_133g,133,12,9,-0.4718631804,1.805379868,1.275725722,2.902345419,-3.537182808,0.1477326006
scoop_total133g_signminus_offset270_set14,스쿱,scoop_total_133g,133,12,10,-0.4718631804,1.805379868,1.275725722,2.902345419,-3.537182808,0.1477326006
scoop_total133g_signminus_offset270_set14,스쿱,scoop_total_133g,133,13,1,-0.4936028421,1.894468665,1.325533748,2.90234971,-3.537184954,0.1507333964
scoop_total133g_signminus_offset270_set14,스쿱,scoop_total_133g,133,13,2,-0.4936028421,1.894468665,1.325533748,2.90234971,-3.537184954,0.1507333964
scoop_total133g_signminus_offset270_set14,스쿱,scoop_total_133g,133,13,3,-0.5067065954,1.883965969,1.320927262,2.902344465,-3.537182331,0.1470673382
scoop_total133g_signminus_offset270_set14,스쿱,scoop_total_133g,133,13,4,-0.5067065954,1.883965969,1.320927262,2.902344465,-3.537182331,0.1470673382
scoop_total133g_signminus_offset270_set14,스쿱,scoop_total_133g,133,13,5,-0.5449541807,1.808538795,1.306082606,2.902344465,-3.537182331,0.1470995843
scoop_total133g_signminus_offset270_set14,스쿱,scoop_total_133g,133,13,6,-0.5449541807,1.808538795,1.306082606,2.902344465,-3.537182331,0.1470995843
scoop_total133g_signminus_offset270_set14,스쿱,scoop_total_133g,133,13,7,-0.5561067462,1.785183549,1.346509933,2.902346134,-3.537183285,0.148275733
scoop_total133g_signminus_offset270_set14,스쿱,scoop_total_133g,133,13,8,-0.5561067462,1.785183549,1.346509933,2.902346134,-3.537183285,0.148275733
scoop_total133g_signminus_offset270_set14,스쿱,scoop_total_133g,133,13,9,-0.5010114312,1.911477447,1.365872145,2.902349472,-3.537184715,0.1505444199
scoop_total133g_signminus_offset270_set14,스쿱,scoop_total_133g,133,13,10,-0.5010114312,1.911477447,1.365872145,2.902349472,-3.537184715,0.1505444199
scoop_total133g_signminus_offset270_set14,스쿱,scoop_total_133g,133,14,1,-0.5956689119,1.853916168,1.257979512,2.902345419,-3.537182808,0.1477231532
scoop_total133g_signminus_offset270_set14,스쿱,scoop_total_133g,133,14,2,-0.6086236835,1.862718105,1.260257483,2.902348757,-3.537184477,0.1501240283
scoop_total133g_signminus_offset270_set14,스쿱,scoop_total_133g,133,14,3,-0.6054421663,1.906082153,1.284252524,2.902348518,-3.537184477,0.1499676108
scoop_total133g_signminus_offset270_set14,스쿱,scoop_total_133g,133,14,4,-0.6054421663,1.906082153,1.284252524,2.902348518,-3.537184477,0.1499676108
scoop_total133g_signminus_offset270_set14,스쿱,scoop_total_133g,133,14,5,-0.5923124552,1.938779354,1.278823137,2.902349234,-3.537184715,0.1504421234
scoop_total133g_signminus_offset270_set14,스쿱,scoop_total_133g,133,14,6,-0.6071965098,1.954129934,1.29422164,2.902349949,-3.537184954,0.1508643627
scoop_total133g_signminus_offset270_set14,스쿱,scoop_total_133g,133,14,7,-0.6071965098,1.954129934,1.29422164,2.902349949,-3.537184954,0.1508643627
scoop_total133g_signminus_offset270_set14,스쿱,scoop_total_133g,133,14,8,-0.6338314414,1.943209767,1.287105918,2.902343988,-3.537182093,0.1466435045
scoop_total133g_signminus_offset270_set14,스쿱,scoop_total_133g,133,14,9,-0.6338314414,1.943209767,1.287105918,2.902343988,-3.537182093,0.1466435045
scoop_total133g_signminus_offset270_set14,스쿱,scoop_total_133g,133,14,10,-0.643779099,1.928103566,1.30924952,2.902344465,-3.537182331,0.1470580548
scoop_total133g_signminus_offset270_set14,스쿱,scoop_total_133g,133,15,1,-0.6530130506,1.917222619,1.185586572,2.902348757,-3.537184477,0.1500712186
scoop_total133g_signminus_offset270_set14,스쿱,scoop_total_133g,133,15,2,-0.6653342247,1.925518274,1.182784319,2.902345181,-3.53718257,0.1475304961
scoop_total133g_signminus_offset270_set14,스쿱,scoop_total_133g,133,15,3,-0.6653342247,1.925518274,1.182784319,2.902345181,-3.53718257,0.1475304961
scoop_total133g_signminus_offset270_set14,스쿱,scoop_total_133g,133,15,4,-0.6598533392,1.917943001,1.181774974,2.902346611,-3.537183285,0.1484718621
scoop_total133g_signminus_offset270_set14,스쿱,scoop_total_133g,133,15,5,-0.6598533392,1.917943001,1.181774974,2.902346611,-3.537183285,0.1484718621
scoop_total133g_signminus_offset270_set14,스쿱,scoop_total_133g,133,15,6,-0.6655130386,1.930754185,1.193113923,2.902347803,-3.537184,0.1493216008
scoop_total133g_signminus_offset270_set14,스쿱,scoop_total_133g,133,15,7,-0.6655130386,1.930754185,1.193113923,2.902347803,-3.537184,0.1493216008
scoop_total133g_signminus_offset270_set14,스쿱,scoop_total_133g,133,15,8,-0.6710425615,1.945801377,1.179708719,2.902346134,-3.537183285,0.1482408792
scoop_total133g_signminus_offset270_set14,스쿱,scoop_total_133g,133,15,9,-0.6710425615,1.945801377,1.179708719,2.902346134,-3.537183285,0.1482408792
scoop_total133g_signminus_offset270_set14,스쿱,scoop_total_133g,133,15,10,-0.6887180805,1.952228785,1.189483523,2.90234971,-3.537184954,0.1507916152
scoop_total133g_signminus_offset270_set14,스쿱,scoop_total_133g,133,16,1,-0.7620409727,1.948481441,1.252186656,2.902349234,-3.537184715,0.1504615396
scoop_total133g_signminus_offset270_set14,스쿱,scoop_total_133g,133,16,2,-0.7528653145,1.962142944,1.224570751,2.902353764,-3.537186861,0.1535784155
scoop_total133g_signminus_offset270_set14,스쿱,scoop_total_133g,133,16,3,-0.7528653145,1.962142944,1.224570751,2.902353764,-3.537186861,0.1535784155
scoop_total133g_signminus_offset270_set14,스쿱,scoop_total_133g,133,16,4,-0.7421486974,1.966529131,1.182317019,2.902347326,-3.537183762,0.1490742117
scoop_total133g_signminus_offset270_set14,스쿱,scoop_total_133g,133,16,5,-0.7421486974,1.966529131,1.182317019,2.902347326,-3.537183762,0.1490742117
scoop_total133g_signminus_offset270_set14,스쿱,scoop_total_133g,133,16,6,-0.7440949082,1.969026566,1.163624763,2.902348518,-3.537184238,0.149866879
scoop_total133g_signminus_offset270_set14,스쿱,scoop_total_133g,133,16,7,-0.7440949082,1.969026566,1.163624763,2.902348518,-3.537184238,0.149866879
scoop_total133g_signminus_offset270_set14,스쿱,scoop_total_133g,133,16,8,-0.7180271149,1.992838979,1.174658418,2.902349234,-3.537184715,0.1504722834
scoop_total133g_signminus_offset270_set14,스쿱,scoop_total_133g,133,16,9,-0.7180271149,1.992838979,1.174658418,2.902349234,-3.537184715,0.1504722834
scoop_total133g_signminus_offset270_set14,스쿱,scoop_total_133g,133,16,10,-0.7160469294,1.986352444,1.157353878,2.90235424,-3.537187099,0.1538314223
scoop_total133g_signminus_offset270_set14,스쿱,scoop_total_133g,133,17,1,-0.7835608125,1.966195583,1.273611069,2.902348757,-3.537184477,0.1499753296
scoop_total133g_signminus_offset270_set14,스쿱,scoop_total_133g,133,17,2,-0.7835608125,1.966195583,1.273611069,2.902348757,-3.537184477,0.1499753296
scoop_total133g_signminus_offset270_set14,스쿱,scoop_total_133g,133,17,3,-0.8451535702,1.850973129,1.267383099,2.902340889,-3.537180424,0.1444757581
scoop_total133g_signminus_offset270_set14,스쿱,scoop_total_133g,133,17,4,-0.8451535702,1.850973129,1.267383099,2.902340889,-3.537180424,0.1444757581
scoop_total133g_signminus_offset270_set14,스쿱,scoop_total_133g,133,17,5,-0.8013714552,1.919965982,1.292909503,2.902345181,-3.53718257,0.1475668699
scoop_total133g_signminus_offset270_set14,스쿱,scoop_total_133g,133,17,6,-0.8013714552,1.919965982,1.292909503,2.902345181,-3.53718257,0.1475668699
scoop_total133g_signminus_offset270_set14,스쿱,scoop_total_133g,133,17,7,-0.7399363518,2.034809828,1.280762553,2.902350187,-3.537185192,0.151039198
scoop_total133g_signminus_offset270_set14,스쿱,scoop_total_133g,133,17,8,-0.7399363518,2.034809828,1.280762553,2.902350187,-3.537185192,0.151039198
scoop_total133g_signminus_offset270_set14,스쿱,scoop_total_133g,133,17,9,-0.7213101983,2.059122801,1.239401102,2.902349949,-3.537185192,0.1509598494
scoop_total133g_signminus_offset270_set14,스쿱,scoop_total_133g,133,17,10,-0.7213101983,2.059122801,1.239401102,2.902349949,-3.537185192,0.1509598494
scoop_total133g_signminus_offset270_set14,스쿱,scoop_total_133g,133,18,1,-0.6498629451,1.899938107,1.230109334,2.902344465,-3.537182331,0.1470762789
scoop_total133g_signminus_offset270_set14,스쿱,scoop_total_133g,133,18,2,-0.6372121572,1.902081251,1.234982967,2.902342558,-3.537181377,0.1457339972
scoop_total133g_signminus_offset270_set14,스쿱,scoop_total_133g,133,18,3,-0.6372121572,1.902081251,1.234982967,2.902342558,-3.537181377,0.1457339972
scoop_total133g_signminus_offset270_set14,스쿱,scoop_total_133g,133,18,4,-0.6105841994,1.92530334,1.231090307,2.902343273,-3.537181616,0.1461426169
scoop_total133g_signminus_offset270_set14,스쿱,scoop_total_133g,133,18,5,-0.6105841994,1.92530334,1.231090307,2.902343273,-3.537181616,0.1461426169
scoop_total133g_signminus_offset270_set14,스쿱,scoop_total_133g,133,18,6,-0.5956665277,1.963792801,1.250767827,2.902350664,-3.537185431,0.1513102651
scoop_total133g_signminus_offset270_set14,스쿱,scoop_total_133g,133,18,7,-0.5956665277,1.963792801,1.250767827,2.902350664,-3.537185431,0.1513102651
scoop_total133g_signminus_offset270_set14,스쿱,scoop_total_133g,133,18,8,-0.5985586643,1.94505465,1.246290207,2.902352333,-3.537186146,0.1525812
scoop_total133g_signminus_offset270_set14,스쿱,scoop_total_133g,133,18,9,-0.5985586643,1.94505465,1.246290207,2.902352333,-3.537186146,0.1525812
scoop_total133g_signminus_offset270_set14,스쿱,scoop_total_133g,133,18,10,-0.5986139178,1.901813388,1.239454389,2.902352333,-3.537186384,0.1525954604
scoop_total133g_signminus_offset270_set14,스쿱,scoop_total_133g,133,19,1,-0.4733647406,1.850845456,1.215023518,2.902350664,-3.537185431,0.1514630765
scoop_total133g_signminus_offset270_set14,스쿱,scoop_total_133g,133,19,2,-0.4683804214,1.847511172,1.228149652,2.902349472,-3.537184954,0.1506269276
scoop_total133g_signminus_offset270_set14,스쿱,scoop_total_133g,133,19,3,-0.4683804214,1.847511172,1.228149652,2.902349472,-3.537184954,0.1506269276
scoop_total133g_signminus_offset270_set14,스쿱,scoop_total_133g,133,19,4,-0.4825023711,1.853076816,1.20660305,2.902355433,-3.537187815,0.1547422856
scoop_total133g_signminus_offset270_set14,스쿱,scoop_total_133g,133,19,5,-0.4825023711,1.853076816,1.20660305,2.902355433,-3.537187815,0.1547422856
scoop_total133g_signminus_offset270_set14,스쿱,scoop_total_133g,133,19,6,-0.4611647427,1.857769728,1.219630361,2.902348042,-3.537184,0.1495655328
scoop_total133g_signminus_offset270_set14,스쿱,scoop_total_133g,133,19,7,-0.4611647427,1.857769728,1.219630361,2.902348042,-3.537184,0.1495655328
scoop_total133g_signminus_offset270_set14,스쿱,scoop_total_133g,133,19,8,-0.4748442173,1.869445682,1.210402966,2.90234971,-3.537184954,0.1506792754
scoop_total133g_signminus_offset270_set14,스쿱,scoop_total_133g,133,19,9,-0.4748442173,1.869445682,1.210402966,2.90234971,-3.537184954,0.1506792754
scoop_total133g_signminus_offset270_set14,스쿱,scoop_total_133g,133,19,10,-0.4545755684,1.88037467,1.232278705,2.902348995,-3.537184477,0.1501645297
scoop_total133g_signminus_offset270_set14,스쿱,scoop_total_133g,133,20,1,-0.4498400986,1.876226425,1.329921603,2.902345419,-3.537182808,0.1477665901
scoop_total133g_signminus_offset270_set14,스쿱,scoop_total_133g,133,20,2,-0.446366936,1.859655619,1.318421483,2.902350903,-3.537185431,0.151498124
scoop_total133g_signminus_offset270_set14,스쿱,scoop_total_133g,133,20,3,-0.446366936,1.859655619,1.318421483,2.902350903,-3.537185431,0.151498124
scoop_total133g_signminus_offset270_set14,스쿱,scoop_total_133g,133,20,4,-0.4527184963,1.864457488,1.307326317,2.902350664,-3.537185431,0.1514271498
scoop_total133g_signminus_offset270_set14,스쿱,scoop_total_133g,133,20,5,-0.4527184963,1.864457488,1.307326317,2.902350664,-3.537185431,0.1514271498
scoop_total133g_signminus_offset270_set14,스쿱,scoop_total_133g,133,20,6,-0.4530278146,1.863967419,1.290174961,2.902352333,-3.537186146,0.1524778605
scoop_total133g_signminus_offset270_set14,스쿱,scoop_total_133g,133,20,7,-0.4530278146,1.863967419,1.290174961,2.902352333,-3.537186146,0.1524778605
scoop_total133g_signminus_offset270_set14,스쿱,scoop_total_133g,133,20,8,-0.4598767757,1.856041908,1.278294325,2.902348995,-3.537184715,0.1502961218
scoop_total133g_signminus_offset270_set14,스쿱,scoop_total_133g,133,20,9,-0.4598767757,1.856041908,1.278294325,2.902348995,-3.537184715,0.1502961218
scoop_total133g_signminus_offset270_set14,스쿱,scoop_total_133g,133,20,10,-0.4640313983,1.833901405,1.25936234,2.902348518,-3.537184238,0.1498489678
scoop_total133g_signminus_offset270_set14,스쿱,scoop_total_133g,133,21,1,-0.5569769144,1.900495291,1.328009605,2.902351141,-3.537185669,0.1516548246
scoop_total133g_signminus_offset270_set14,스쿱,scoop_total_133g,133,21,2,-0.5569769144,1.900495291,1.328009605,2.902351141,-3.537185669,0.1516548246
scoop_total133g_signminus_offset270_set14,스쿱,scoop_total_133g,133,21,3,-0.5541284084,1.916404486,1.335853457,2.902348757,-3.537184477,0.1501050889
scoop_total133g_signminus_offset270_set14,스쿱,scoop_total_133g,133,21,4,-0.5541284084,1.916404486,1.335853457,2.902348757,-3.537184477,0.1501050889
scoop_total133g_signminus_offset270_set14,스쿱,scoop_total_133g,133,21,5,-0.5499111414,1.900459528,1.326878786,2.902348518,-3.537184238,0.1498294771
scoop_total133g_signminus_offset270_set14,스쿱,scoop_total_133g,133,21,6,-0.5499111414,1.900459528,1.326878786,2.902348518,-3.537184238,0.1498294771
scoop_total133g_signminus_offset270_set14,스쿱,scoop_total_133g,133,21,7,-0.5607024431,1.895490766,1.348972797,2.902346611,-3.537183285,0.1485501975
scoop_total133g_signminus_offset270_set14,스쿱,scoop_total_133g,133,21,8,-0.5607024431,1.895490766,1.348972797,2.902346611,-3.537183285,0.1485501975
scoop_total133g_signminus_offset270_set14,스쿱,scoop_total_133g,133,21,9,-0.5638955235,1.922359347,1.347919583,2.902347565,-3.537183762,0.1492393464
scoop_total133g_signminus_offset270_set14,스쿱,scoop_total_133g,133,21,10,-0.5638955235,1.922359347,1.347919583,2.902347565,-3.537183762,0.1492393464
scoop_total133g_signminus_offset270_set14,스쿱,scoop_total_133g,133,22,1,-0.6539906263,1.913507342,1.274523973,2.902346373,-3.537183285,0.148359865
scoop_total133g_signminus_offset270_set14,스쿱,scoop_total_133g,133,22,2,-0.634567678,1.989798307,1.270187855,2.902343988,-3.537182093,0.1467118114
scoop_total133g_signminus_offset270_set14,스쿱,scoop_total_133g,133,22,3,-0.634567678,1.989798307,1.270187855,2.902343988,-3.537182093,0.1467118114
scoop_total133g_signminus_offset270_set14,스쿱,scoop_total_133g,133,22,4,-0.6168817878,1.969980836,1.255117059,2.902351856,-3.537185907,0.1522048712
scoop_total133g_signminus_offset270_set14,스쿱,scoop_total_133g,133,22,5,-0.6168817878,1.969980836,1.255117059,2.902351856,-3.537185907,0.1522048712
scoop_total133g_signminus_offset270_set14,스쿱,scoop_total_133g,133,22,6,-0.6400668621,1.953405738,1.246587515,2.902346849,-3.537183523,0.1486948282
scoop_total133g_signminus_offset270_set14,스쿱,scoop_total_133g,133,22,7,-0.6400668621,1.953405738,1.246587515,2.902346849,-3.537183523,0.1486948282
scoop_total133g_signminus_offset270_set14,스쿱,scoop_total_133g,133,22,8,-0.6657508612,1.913578629,1.25447762,2.902344942,-3.53718257,0.1474581212
scoop_total133g_signminus_offset270_set14,스쿱,scoop_total_133g,133,22,9,-0.6657508612,1.913578629,1.25447762,2.902344942,-3.53718257,0.1474581212
scoop_total133g_signminus_offset270_set14,스쿱,scoop_total_133g,133,22,10,-0.660705626,1.935361743,1.267110229,2.902345181,-3.53718257,0.147540763
scoop_total133g_signminus_offset270_set14,스쿱,scoop_total_133g,133,23,1,-0.7152504325,1.965821743,1.157574296,2.902344942,-3.53718257,0.1473962814
scoop_total133g_signminus_offset270_set14,스쿱,scoop_total_133g,133,23,2,-0.7030997872,1.958299279,1.161703229,2.902351856,-3.537186146,0.1523075551
scoop_total133g_signminus_offset270_set14,스쿱,scoop_total_133g,133,23,3,-0.7030997872,1.958299279,1.161703229,2.902351856,-3.537186146,0.1523075551
scoop_total133g_signminus_offset270_set14,스쿱,scoop_total_133g,133,23,4,-0.7201026678,1.962159157,1.14324677,2.902350187,-3.537185192,0.1510705501
scoop_total133g_signminus_offset270_set14,스쿱,scoop_total_133g,133,23,5,-0.7201026678,1.962159157,1.14324677,2.902350187,-3.537185192,0.1510705501
scoop_total133g_signminus_offset270_set14,스쿱,scoop_total_133g,133,23,6,-0.7186622024,1.974179745,1.1643852,2.902346849,-3.537183523,0.148780033
scoop_total133g_signminus_offset270_set14,스쿱,scoop_total_133g,133,23,7,-0.7186622024,1.974179745,1.1643852,2.902346849,-3.537183523,0.148780033
scoop_total133g_signminus_offset270_set14,스쿱,scoop_total_133g,133,23,8,-0.7104597092,1.97774601,1.162268043,2.902344465,-3.537182331,0.1471303701
scoop_total133g_signminus_offset270_set14,스쿱,scoop_total_133g,133,23,9,-0.7104597092,1.97774601,1.162268043,2.902344465,-3.537182331,0.1471303701
scoop_total133g_signminus_offset270_set14,스쿱,scoop_total_133g,133,23,10,-0.7300266027,1.983689427,1.169890165,2.902344704,-3.53718257,0.1472814232
scoop_total133g_signminus_offset270_set14,스쿱,scoop_total_133g,133,24,1,-0.7716610432,1.99209249,1.225022912,2.902345657,-3.537183046,0.1479379982
scoop_total133g_signminus_offset270_set14,스쿱,scoop_total_133g,133,24,2,-0.7485070229,1.988769174,1.213347673,2.902353525,-3.537186861,0.1533596665
scoop_total133g_signminus_offset270_set14,스쿱,scoop_total_133g,133,24,3,-0.7485070229,1.988769174,1.213347673,2.902353525,-3.537186861,0.1533596665
scoop_total133g_signminus_offset270_set14,스쿱,scoop_total_133g,133,24,4,-0.7601550221,1.987869263,1.233863473,2.902346611,-3.537183523,0.1485707015
scoop_total133g_signminus_offset270_set14,스쿱,scoop_total_133g,133,24,5,-0.7601550221,1.987869263,1.233863473,2.902346611,-3.537183523,0.1485707015
scoop_total133g_signminus_offset270_set14,스쿱,scoop_total_133g,133,24,6,-0.7763090134,1.966503263,1.220615268,2.902348995,-3.537184477,0.1501799077
scoop_total133g_signminus_offset270_set14,스쿱,scoop_total_133g,133,24,7,-0.7763090134,1.966503263,1.220615268,2.902348995,-3.537184477,0.1501799077
scoop_total133g_signminus_offset270_set14,스쿱,scoop_total_133g,133,24,8,-0.7886989117,1.962900281,1.204030633,2.902352571,-3.537186384,0.152809754
scoop_total133g_signminus_offset270_set14,스쿱,scoop_total_133g,133,24,9,-0.7886989117,1.962900281,1.204030633,2.902352571,-3.537186384,0.152809754
scoop_total133g_signminus_offset270_set14,스쿱,scoop_total_133g,133,24,10,-0.7638479471,1.970442176,1.207969785,2.902353287,-3.537186623,0.1532193571
scoop_total133g_signminus_offset270_set14,스쿱,scoop_total_133g,133,25,1,-0.6594350934,1.930447459,1.173971891,2.902350426,-3.537185431,0.1512704343
scoop_total133g_signminus_offset270_set14,스쿱,scoop_total_133g,133,25,2,-0.6445019245,1.931650996,1.20780921,2.902344704,-3.53718257,0.1472422332
scoop_total133g_signminus_offset270_set14,스쿱,scoop_total_133g,133,25,3,-0.6445019245,1.931650996,1.20780921,2.902344704,-3.53718257,0.1472422332
scoop_total133g_signminus_offset270_set14,스쿱,scoop_total_133g,133,25,4,-0.6328415275,1.960455894,1.203610897,2.902349472,-3.537184954,0.1505828053
scoop_total133g_signminus_offset270_set14,스쿱,scoop_total_133g,133,25,5,-0.6328415275,1.960455894,1.203610897,2.902349472,-3.537184954,0.1505828053
scoop_total133g_signminus_offset270_set14,스쿱,scoop_total_133g,133,25,6,-0.6436678767,1.915947795,1.203439474,2.90234828,-3.537184238,0.1497632563
scoop_total133g_signminus_offset270_set14,스쿱,scoop_total_133g,133,25,7,-0.6436678767,1.915947795,1.203439474,2.90234828,-3.537184238,0.1497632563
scoop_total133g_signminus_offset270_set14,스쿱,scoop_total_133g,133,25,8,-0.6762626767,1.877398849,1.213704824,2.902347803,-3.537184,0.1493065804
scoop_total133g_signminus_offset270_set14,스쿱,scoop_total_133g,133,25,9,-0.6762626767,1.877398849,1.213704824,2.902347803,-3.537184,0.1493065804
scoop_total133g_signminus_offset270_set14,스쿱,scoop_total_133g,133,25,10,-0.6552338004,1.884358048,1.201794624,2.902347803,-3.537184,0.1493346542
scoop_total133g_signminus_offset270_set14,스쿱,scoop_total_133g,133,26,1,-0.5355463624,1.871839523,1.273890138,2.902345181,-3.53718257,0.1474949867
scoop_total133g_signminus_offset270_set14,스쿱,scoop_total_133g,133,26,2,-0.508826673,1.8664186,1.274499178,2.902345896,-3.537183046,0.1481246501
scoop_total133g_signminus_offset270_set14,스쿱,scoop_total_133g,133,26,3,-0.508826673,1.8664186,1.274499178,2.902345896,-3.537183046,0.1481246501
scoop_total133g_signminus_offset270_set14,스쿱,scoop_total_133g,133,26,4,-0.5050877929,1.847949862,1.26936996,2.902350664,-3.537185431,0.1513959765
scoop_total133g_signminus_offset270_set14,스쿱,scoop_total_133g,133,26,5,-0.5050877929,1.847949862,1.26936996,2.902350664,-3.537185431,0.1513959765
scoop_total133g_signminus_offset270_set14,스쿱,scoop_total_133g,133,26,6,-0.5162726045,1.832924843,1.236623645,2.902348042,-3.537184,0.1495602131
scoop_total133g_signminus_offset270_set14,스쿱,scoop_total_133g,133,26,7,-0.5118612051,1.822787404,1.222903848,2.902345896,-3.537183046,0.1481148005
scoop_total133g_signminus_offset270_set14,스쿱,scoop_total_133g,133,26,8,-0.5118612051,1.822787404,1.222903848,2.902345896,-3.537183046,0.1481148005
scoop_total133g_signminus_offset270_set14,스쿱,scoop_total_133g,133,26,9,-0.4998291135,1.839173436,1.215321541,2.902348042,-3.537184,0.1494951248
scoop_total133g_signminus_offset270_set14,스쿱,scoop_total_133g,133,26,10,-0.4998291135,1.839173436,1.215321541,2.902348042,-3.537184,0.1494951248
scoop_total133g_signminus_offset270_set14,스쿱,scoop_total_133g,133,27,1,-0.4152939916,1.869245052,1.289203525,2.902351856,-3.537185907,0.1521600783
scoop_total133g_signminus_offset270_set14,스쿱,scoop_total_133g,133,27,2,-0.4100117981,1.860185862,1.284443974,2.902353048,-3.537186623,0.1529088169
scoop_total133g_signminus_offset270_set14,스쿱,scoop_total_133g,133,27,3,-0.4558780491,1.819352031,1.279504538,2.902350903,-3.537185431,0.1514482647
scoop_total133g_signminus_offset270_set14,스쿱,scoop_total_133g,133,27,4,-0.4558780491,1.819352031,1.279504538,2.902350903,-3.537185431,0.1514482647
scoop_total133g_signminus_offset270_set14,스쿱,scoop_total_133g,133,27,5,-0.4424082041,1.778181434,1.278934956,2.902347803,-3.537184,0.1493887901
scoop_total133g_signminus_offset270_set14,스쿱,scoop_total_133g,133,27,6,-0.4424082041,1.778181434,1.278934956,2.902347803,-3.537184,0.1493887901
scoop_total133g_signminus_offset270_set14,스쿱,scoop_total_133g,133,27,7,-0.4454112351,1.809042811,1.27300632,2.902346611,-3.537183523,0.148583591
scoop_total133g_signminus_offset270_set14,스쿱,scoop_total_133g,133,27,8,-0.4454112351,1.809042811,1.27300632,2.902346611,-3.537183523,0.148583591
scoop_total133g_signminus_offset270_set14,스쿱,scoop_total_133g,133,27,9,-0.4322617054,1.8291049,1.255135417,2.902349949,-3.537184954,0.1508097947
scoop_total133g_signminus_offset270_set14,스쿱,scoop_total_133g,133,27,10,-0.4322617054,1.8291049,1.255135417,2.902349949,-3.537184954,0.1508097947
scoop_total133g_signminus_offset270_set14,스쿱,scoop_total_133g,133,28,1,-0.5382641554,1.851075649,1.318371058,2.902346849,-3.537183523,0.1487032026
scoop_total133g_signminus_offset270_set14,스쿱,scoop_total_133g,133,28,2,-0.5445913672,1.860157847,1.342959046,2.902349234,-3.537184715,0.1502532065
scoop_total133g_signminus_offset270_set14,스쿱,scoop_total_133g,133,28,3,-0.5445913672,1.860157847,1.342959046,2.902349234,-3.537184715,0.1502532065
scoop_total133g_signminus_offset270_set14,스쿱,scoop_total_133g,133,28,4,-0.5541877151,1.856063247,1.331894755,2.902346134,-3.537183046,0.1482163519
scoop_total133g_signminus_offset270_set14,스쿱,scoop_total_133g,133,28,5,-0.5541877151,1.856063247,1.331894755,2.902346134,-3.537183046,0.1482163519
scoop_total133g_signminus_offset270_set14,스쿱,scoop_total_133g,133,28,6,-0.5501019359,1.854802251,1.305343628,2.90234375,-3.537181854,0.146429494
scoop_total133g_signminus_offset270_set14,스쿱,scoop_total_133g,133,28,7,-0.5501019359,1.854802251,1.305343628,2.90234375,-3.537181854,0.146429494
scoop_total133g_signminus_offset270_set14,스쿱,scoop_total_133g,133,28,8,-0.5327968597,1.84510231,1.294193029,2.902348042,-3.537184,0.1495280266
scoop_total133g_signminus_offset270_set14,스쿱,scoop_total_133g,133,28,9,-0.5327968597,1.84510231,1.294193029,2.902348042,-3.537184,0.1495280266
scoop_total133g_signminus_offset270_set14,스쿱,scoop_total_133g,133,28,10,-0.54133147,1.875116467,1.26321733,2.90234828,-3.537184238,0.1496991366
scoop_total133g_signminus_offset270_set14,스쿱,scoop_total_133g,133,29,1,-0.6398406625,1.900499105,1.245977163,2.902349472,-3.537184954,0.1505994946
scoop_total133g_signminus_offset270_set14,스쿱,scoop_total_133g,133,29,2,-0.6521568298,1.913352132,1.252951503,2.902348518,-3.537184477,0.1498832703
scoop_total133g_signminus_offset270_set14,스쿱,scoop_total_133g,133,29,3,-0.6521568298,1.913352132,1.252951503,2.902348518,-3.537184477,0.1498832703
scoop_total133g_signminus_offset270_set14,스쿱,scoop_total_133g,133,29,4,-0.6493942738,1.923244476,1.264924645,2.902351141,-3.537185669,0.1516806185
scoop_total133g_signminus_offset270_set14,스쿱,scoop_total_133g,133,29,5,-0.6493942738,1.923244476,1.264924645,2.902351141,-3.537185669,0.1516806185
scoop_total133g_signminus_offset270_set14,스쿱,scoop_total_133g,133,29,6,-0.6489444971,1.94074595,1.270029426,2.902347088,-3.537183762,0.1488881409
scoop_total133g_signminus_offset270_set14,스쿱,scoop_total_133g,133,29,7,-0.6489444971,1.94074595,1.270029426,2.902347088,-3.537183762,0.1488881409
scoop_total133g_signminus_offset270_set14,스쿱,scoop_total_133g,133,29,8,-0.6670479774,1.943552613,1.280420065,2.902343512,-3.537181854,0.1464243382
scoop_total133g_signminus_offset270_set14,스쿱,scoop_total_133g,133,29,9,-0.6670479774,1.943552613,1.280420065,2.902343512,-3.537181854,0.1464243382
scoop_total133g_signminus_offset270_set14,스쿱,scoop_total_133g,133,29,10,-0.6607381701,1.938292742,1.277668953,2.902349949,-3.537184954,0.1508830041
scoop_total133g_signminus_offset270_set14,스쿱,scoop_total_133g,133,30,1,-0.748477459,1.961689353,1.252639413,2.902349234,-3.537184715,0.1502807289
scoop_total133g_signminus_offset270_set14,스쿱,scoop_total_133g,133,30,2,-0.761690855,1.972928286,1.249460578,2.902347565,-3.537183762,0.149091959
scoop_total133g_signminus_offset270_set14,스쿱,scoop_total_133g,133,30,3,-0.761690855,1.972928286,1.249460578,2.902347565,-3.537183762,0.149091959
scoop_total133g_signminus_offset270_set14,스쿱,scoop_total_133g,133,30,4,-0.7752341628,1.967496991,1.252389312,2.902343512,-3.537181854,0.1462818682
scoop_total133g_signminus_offset270_set14,스쿱,scoop_total_133g,133,30,5,-0.7752341628,1.967496991,1.252389312,2.902343512,-3.537181854,0.1462818682
scoop_total133g_signminus_offset270_set14,스쿱,scoop_total_133g,133,30,6,-0.7555295229,1.952415943,1.251806259,2.902346849,-3.537183523,0.1485759318
scoop_total133g_signminus_offset270_set14,스쿱,scoop_total_133g,133,30,7,-0.7555295229,1.952415943,1.251806259,2.902346849,-3.537183523,0.1485759318
scoop_total133g_signminus_offset270_set14,스쿱,scoop_total_133g,133,30,8,-0.7928550839,1.961194754,1.245052814,2.902348995,-3.537184477,0.1502089053
scoop_total133g_signminus_offset270_set14,스쿱,scoop_total_133g,133,30,9,-0.7928550839,1.961194754,1.245052814,2.902348995,-3.537184477,0.1502089053
scoop_total133g_signminus_offset270_set14,스쿱,scoop_total_133g,133,30,10,-0.8077170849,1.95918417,1.254742146,2.902346373,-3.537183285,0.1482952237
scoop_total133g_signminus_offset264_set15,스쿱,scoop_total_133g,133,1,1,-0.5069163442,1.847777605,1.218341231,2.902352571,-3.537186384,0.1526624262
scoop_total133g_signminus_offset264_set15,스쿱,scoop_total_133g,133,1,2,-0.5069163442,1.847777605,1.218341231,2.902352571,-3.537186384,0.1526624262
scoop_total133g_signminus_offset264_set15,스쿱,scoop_total_133g,133,1,3,-0.4860629141,1.866158843,1.237718701,2.902348757,-3.537184477,0.1500282437
scoop_total133g_signminus_offset264_set15,스쿱,scoop_total_133g,133,1,4,-0.4860629141,1.866158843,1.237718701,2.902348757,-3.537184477,0.1500282437
scoop_total133g_signminus_offset264_set15,스쿱,scoop_total_133g,133,1,5,-0.4935328066,1.870511055,1.232658505,2.902353048,-3.537186623,0.1531269848
scoop_total133g_signminus_offset264_set15,스쿱,scoop_total_133g,133,1,6,-0.4935328066,1.870511055,1.232658505,2.902353048,-3.537186623,0.1531269848
scoop_total133g_signminus_offset264_set15,스쿱,scoop_total_133g,133,1,7,-0.5035517216,1.857832432,1.234486341,2.902351618,-3.537185907,0.1520031244
scoop_total133g_signminus_offset264_set15,스쿱,scoop_total_133g,133,1,8,-0.5035517216,1.857832432,1.234486341,2.902351618,-3.537185907,0.1520031244
scoop_total133g_signminus_offset264_set15,스쿱,scoop_total_133g,133,1,9,-0.4953748286,1.862306118,1.248216867,2.902354717,-3.537187338,0.1542187333
scoop_total133g_signminus_offset264_set15,스쿱,scoop_total_133g,133,1,10,-0.4953748286,1.862306118,1.248216867,2.902354717,-3.537187338,0.1542187333
scoop_total133g_signminus_offset264_set15,스쿱,scoop_total_133g,133,2,1,-0.6643431783,1.932109714,1.359592438,2.902343512,-3.537181854,0.1463399082
scoop_total133g_signminus_offset264_set15,스쿱,scoop_total_133g,133,2,2,-0.6643431783,1.932109714,1.359592438,2.902343512,-3.537181854,0.1463399082
scoop_total133g_signminus_offset264_set15,스쿱,scoop_total_133g,133,2,3,-0.6905135512,1.877820373,1.336968422,2.902344942,-3.53718257,0.147448957
scoop_total133g_signminus_offset264_set15,스쿱,scoop_total_133g,133,2,4,-0.6905135512,1.877820373,1.336968422,2.902344942,-3.53718257,0.147448957
scoop_total133g_signminus_offset264_set15,스쿱,scoop_total_133g,133,2,5,-0.6670675874,1.918866038,1.343916178,2.902347565,-3.537183762,0.1491959095
scoop_total133g_signminus_offset264_set15,스쿱,scoop_total_133g,133,2,6,-0.6670675874,1.918866038,1.343916178,2.902347565,-3.537183762,0.1491959095
scoop_total133g_signminus_offset264_set15,스쿱,scoop_total_133g,133,2,7,-0.6481857896,1.965027094,1.352314472,2.902346134,-3.537183046,0.1481880546
scoop_total133g_signminus_offset264_set15,스쿱,scoop_total_133g,133,2,8,-0.6481857896,1.965027094,1.352314472,2.902346134,-3.537183046,0.1481880546
scoop_total133g_signminus_offset264_set15,스쿱,scoop_total_133g,133,2,9,-0.6419639587,1.957278252,1.310399652,2.902350664,-3.537185431,0.151376456
scoop_total133g_signminus_offset264_set15,스쿱,scoop_total_133g,133,2,10,-0.6332591176,1.943677664,1.248788357,2.90234971,-3.537184954,0.1506508589
scoop_total133g_signminus_offset264_set15,스쿱,scoop_total_133g,133,3,1,-0.7012500763,2.027103662,1.13866806,2.902348757,-3.537184477,0.1499883831
scoop_total133g_signminus_offset264_set15,스쿱,scoop_total_133g,133,3,2,-0.7311643362,2.006663322,1.177382231,2.902342558,-3.537181377,0.1457086951
scoop_total133g_signminus_offset264_set15,스쿱,scoop_total_133g,133,3,3,-0.7311643362,2.006663322,1.177382231,2.902342558,-3.537181377,0.1457086951
scoop_total133g_signminus_offset264_set15,스쿱,scoop_total_133g,133,3,4,-0.7507679462,1.992400169,1.172655225,2.902350187,-3.537185192,0.1510806084
scoop_total133g_signminus_offset264_set15,스쿱,scoop_total_133g,133,3,5,-0.7507679462,1.992400169,1.172655225,2.902350187,-3.537185192,0.1510806084
scoop_total133g_signminus_offset264_set15,스쿱,scoop_total_133g,133,3,6,-0.7575714588,1.99088192,1.167940974,2.902344465,-3.537182331,0.1471171826
scoop_total133g_signminus_offset264_set15,스쿱,scoop_total_133g,133,3,7,-0.7575714588,1.99088192,1.167940974,2.902344465,-3.537182331,0.1471171826
scoop_total133g_signminus_offset264_set15,스쿱,scoop_total_133g,133,3,8,-0.713708818,2.006280899,1.199111581,2.902347326,-3.537183762,0.1490247101
scoop_total133g_signminus_offset264_set15,스쿱,scoop_total_133g,133,3,9,-0.7162175775,2.019252062,1.2013309,2.902345896,-3.537183046,0.1480930895
scoop_total133g_signminus_offset264_set15,스쿱,scoop_total_133g,133,3,10,-0.7162175775,2.019252062,1.2013309,2.902345896,-3.537183046,0.1480930895
scoop_total133g_signminus_offset264_set15,스쿱,scoop_total_133g,133,4,1,-0.6673651934,1.962784052,1.218634725,2.902350903,-3.537185431,0.1514928788
scoop_total133g_signminus_offset264_set15,스쿱,scoop_total_133g,133,4,2,-0.6673651934,1.962784052,1.218634725,2.902350903,-3.537185431,0.1514928788
scoop_total133g_signminus_offset264_set15,스쿱,scoop_total_133g,133,4,3,-0.6935397387,1.95462966,1.20192802,2.90234828,-3.537184238,0.1498034298
scoop_total133g_signminus_offset264_set15,스쿱,scoop_total_133g,133,4,4,-0.6935397387,1.95462966,1.20192802,2.90234828,-3.537184238,0.1498034298
scoop_total133g_signminus_offset264_set15,스쿱,scoop_total_133g,133,4,5,-0.6607848406,1.940624595,1.193384171,2.902350426,-3.537185431,0.151306048
scoop_total133g_signminus_offset264_set15,스쿱,scoop_total_133g,133,4,6,-0.6607848406,1.940624595,1.193384171,2.902350426,-3.537185431,0.151306048
scoop_total133g_signminus_offset264_set15,스쿱,scoop_total_133g,133,4,7,-0.6657690406,1.961268187,1.175073266,2.90234828,-3.537184238,0.1496436894
scoop_total133g_signminus_offset264_set15,스쿱,scoop_total_133g,133,4,8,-0.6657690406,1.961268187,1.175073266,2.90234828,-3.537184238,0.1496436894
scoop_total133g_signminus_offset264_set15,스쿱,scoop_total_133g,133,4,9,-0.6541933417,1.986413121,1.184084177,2.902346611,-3.537183285,0.1485306025
scoop_total133g_signminus_offset264_set15,스쿱,scoop_total_133g,133,4,10,-0.6541933417,1.986413121,1.184084177,2.902346611,-3.537183285,0.1485306025
scoop_total133g_signminus_offset264_set15,스쿱,scoop_total_133g,133,5,1,-0.5585576892,1.982885957,1.22182548,2.902342319,-3.537181139,0.1455465555
scoop_total133g_signminus_offset264_set15,스쿱,scoop_total_133g,133,5,2,-0.5768553019,1.944385886,1.233765483,2.902352095,-3.537186146,0.1523829699
scoop_total133g_signminus_offset264_set15,스쿱,scoop_total_133g,133,5,3,-0.5768553019,1.944385886,1.233765483,2.902352095,-3.537186146,0.1523829699
scoop_total133g_signminus_offset264_set15,스쿱,scoop_total_133g,133,5,4,-0.5588907003,1.899080753,1.246117949,2.902352333,-3.537186146,0.1525470763
scoop_total133g_signminus_offset264_set15,스쿱,scoop_total_133g,133,5,5,-0.5597295165,1.886773825,1.225079656,2.902347565,-3.537183762,0.1491451263
scoop_total133g_signminus_offset264_set15,스쿱,scoop_total_133g,133,5,6,-0.5597295165,1.886773825,1.225079656,2.902347565,-3.537183762,0.1491451263
scoop_total133g_signminus_offset264_set15,스쿱,scoop_total_133g,133,5,7,-0.5443735123,1.876080751,1.220359564,2.902349949,-3.537184954,0.1508928835
scoop_total133g_signminus_offset264_set15,스쿱,scoop_total_133g,133,5,8,-0.5443735123,1.876080751,1.220359564,2.902349949,-3.537184954,0.1508928835
scoop_total133g_signminus_offset264_set15,스쿱,scoop_total_133g,133,5,9,-0.5383896828,1.893600941,1.210218906,2.902350426,-3.537185192,0.1512117684
scoop_total133g_signminus_offset264_set15,스쿱,scoop_total_133g,133,5,10,-0.5383896828,1.893600941,1.210218906,2.902350426,-3.537185192,0.1512117684
scoop_total133g_signminus_offset264_set15,스쿱,scoop_total_133g,133,6,1,-0.4912907481,1.843235612,1.319462538,2.902348042,-3.537184238,0.1496156901
scoop_total133g_signminus_offset264_set15,스쿱,scoop_total_133g,133,6,2,-0.4912907481,1.843235612,1.319462538,2.902348042,-3.537184238,0.1496156901
scoop_total133g_signminus_offset264_set15,스쿱,scoop_total_133g,133,6,3,-0.4857082963,1.837146401,1.31205833,2.902344942,-3.53718257,0.1473170072
scoop_total133g_signminus_offset264_set15,스쿱,scoop_total_133g,133,6,4,-0.4857082963,1.837146401,1.31205833,2.902344942,-3.53718257,0.1473170072
scoop_total133g_signminus_offset264_set15,스쿱,scoop_total_133g,133,6,5,-0.4587242305,1.851903319,1.300016999,2.902341843,-3.537180901,0.1451959759
scoop_total133g_signminus_offset264_set15,스쿱,scoop_total_133g,133,6,6,-0.4587242305,1.851903319,1.300016999,2.902341843,-3.537180901,0.1451959759
scoop_total133g_signminus_offset264_set15,스쿱,scoop_total_133g,133,6,7,-0.4531062245,1.864519238,1.2916435,2.902350426,-3.537185192,0.1511556357
scoop_total133g_signminus_offset264_set15,스쿱,scoop_total_133g,133,6,8,-0.418874234,1.869592667,1.290223956,2.902355909,-3.537188053,0.155038774
scoop_total133g_signminus_offset264_set15,스쿱,scoop_total_133g,133,6,9,-0.418874234,1.869592667,1.290223956,2.902355909,-3.537188053,0.155038774
scoop_total133g_signminus_offset264_set15,스쿱,scoop_total_133g,133,6,10,-0.4364712536,1.875374198,1.27306056,2.902351141,-3.537185669,0.1517846286
scoop_total133g_signminus_offset264_set15,스쿱,scoop_total_133g,133,7,1,-0.5099112988,1.876716256,1.32814467,2.902349949,-3.537184954,0.1508768648
scoop_total133g_signminus_offset264_set15,스쿱,scoop_total_133g,133,7,2,-0.5453045964,1.849568009,1.32078743,2.902345419,-3.537182808,0.1477598697
scoop_total133g_signminus_offset264_set15,스쿱,scoop_total_133g,133,7,3,-0.5453045964,1.849568009,1.32078743,2.902345419,-3.537182808,0.1477598697
scoop_total133g_signminus_offset264_set15,스쿱,scoop_total_133g,133,7,4,-0.5191665292,1.867982149,1.300895929,2.902350664,-3.537185431,0.1514315009
scoop_total133g_signminus_offset264_set15,스쿱,scoop_total_133g,133,7,5,-0.5191665292,1.867982149,1.300895929,2.902350664,-3.537185431,0.1514315009
scoop_total133g_signminus_offset264_set15,스쿱,scoop_total_133g,133,7,6,-0.5054180622,1.879553437,1.303561687,2.902347326,-3.537183762,0.1490368098
scoop_total133g_signminus_offset264_set15,스쿱,scoop_total_133g,133,7,7,-0.5054180622,1.879553437,1.303561687,2.902347326,-3.537183762,0.1490368098
scoop_total133g_signminus_offset264_set15,스쿱,scoop_total_133g,133,7,8,-0.5072351694,1.892756343,1.31846118,2.902349949,-3.537184954,0.150826022
scoop_total133g_signminus_offset264_set15,스쿱,scoop_total_133g,133,7,9,-0.5072351694,1.892756343,1.31846118,2.902349949,-3.537184954,0.150826022
scoop_total133g_signminus_offset264_set15,스쿱,scoop_total_133g,133,7,10,-0.536637485,1.836901903,1.285431385,2.90235281,-3.537186623,0.1529373825
scoop_total133g_signminus_offset264_set15,스쿱,scoop_total_133g,133,8,1,-0.6983343959,1.972225308,1.308085442,2.90235281,-3.537186623,0.1529393643
scoop_total133g_signminus_offset264_set15,스쿱,scoop_total_133g,133,8,2,-0.6904045939,2.00622201,1.283166647,2.902349949,-3.537184954,0.1508687884
scoop_total133g_signminus_offset264_set15,스쿱,scoop_total_133g,133,8,3,-0.6904045939,2.00622201,1.283166647,2.902349949,-3.537184954,0.1508687884
scoop_total133g_signminus_offset264_set15,스쿱,scoop_total_133g,133,8,4,-0.6719446182,1.997184277,1.213634729,2.90234828,-3.537184238,0.1496527642
scoop_total133g_signminus_offset264_set15,스쿱,scoop_total_133g,133,8,5,-0.6719446182,1.997184277,1.213634729,2.90234828,-3.537184238,0.1496527642
scoop_total133g_signminus_offset264_set15,스쿱,scoop_total_133g,133,8,6,-0.6608723402,1.968649387,1.173623681,2.902350187,-3.537185192,0.1510529816
scoop_total133g_signminus_offset264_set15,스쿱,scoop_total_133g,133,8,7,-0.6608723402,1.968649387,1.173623681,2.902350187,-3.537185192,0.1510529816
scoop_total133g_signminus_offset264_set15,스쿱,scoop_total_133g,133,8,8,-0.6664604545,1.976222634,1.146425128,2.902351618,-3.537185907,0.1520617306
scoop_total133g_signminus_offset264_set15,스쿱,scoop_total_133g,133,8,9,-0.6664604545,1.976222634,1.146425128,2.902351618,-3.537185907,0.1520617306
scoop_total133g_signminus_offset264_set15,스쿱,scoop_total_133g,133,8,10,-0.625597775,2.044560432,1.17955029,2.90235424,-3.537187338,0.1539558619
scoop_total133g_signminus_offset264_set15,스쿱,scoop_total_133g,133,9,1,-0.7446894646,2.033869743,1.234247088,2.902343035,-3.537181616,0.146015957
scoop_total133g_signminus_offset264_set15,스쿱,scoop_total_133g,133,9,2,-0.7446894646,2.033869743,1.234247088,2.902343035,-3.537181616,0.146015957
scoop_total133g_signminus_offset264_set15,스쿱,scoop_total_133g,133,9,3,-0.7189179063,2.088346958,1.206899643,2.902346849,-3.537183523,0.1486778408
scoop_total133g_signminus_offset264_set15,스쿱,scoop_total_133g,133,9,4,-0.7189179063,2.088346958,1.206899643,2.902346849,-3.537183523,0.1486778408
scoop_total133g_signminus_offset264_set15,스쿱,scoop_total_133g,133,9,5,-0.7486616969,2.090574503,1.194790125,2.902348995,-3.537184477,0.1502181143
scoop_total133g_signminus_offset264_set15,스쿱,scoop_total_133g,133,9,6,-0.7680590749,2.015022755,1.162572384,2.902350426,-3.537185431,0.1512729824
scoop_total133g_signminus_offset264_set15,스쿱,scoop_total_133g,133,9,7,-0.7680590749,2.015022755,1.162572384,2.902350426,-3.537185431,0.1512729824
scoop_total133g_signminus_offset264_set15,스쿱,scoop_total_133g,133,9,8,-0.7757626176,1.956966519,1.155376315,2.902345896,-3.537183046,0.1480087787
scoop_total133g_signminus_offset264_set15,스쿱,scoop_total_133g,133,9,9,-0.7757626176,1.956966519,1.155376315,2.902345896,-3.537183046,0.1480087787
scoop_total133g_signminus_offset264_set15,스쿱,scoop_total_133g,133,9,10,-0.7438572049,2.023661613,1.162139058,2.902353048,-3.537186623,0.1530916989
scoop_total133g_signminus_offset264_set15,스쿱,scoop_total_133g,133,10,1,-0.7211554646,2.033612251,1.250809431,2.902348757,-3.537184477,0.1501049548
scoop_total133g_signminus_offset264_set15,스쿱,scoop_total_133g,133,10,2,-0.7211554646,2.033612251,1.250809431,2.902348757,-3.537184477,0.1501049548
scoop_total133g_signminus_offset264_set15,스쿱,scoop_total_133g,133,10,3,-0.7137604356,2.026471138,1.241608977,2.902348518,-3.537184238,0.1498463452
scoop_total133g_signminus_offset264_set15,스쿱,scoop_total_133g,133,10,4,-0.7137604356,2.026471138,1.241608977,2.902348518,-3.537184238,0.1498463452
scoop_total133g_signminus_offset264_set15,스쿱,scoop_total_133g,133,10,5,-0.7307693362,1.989847541,1.23516047,2.902354717,-3.537187338,0.154174149
scoop_total133g_signminus_offset264_set15,스쿱,scoop_total_133g,133,10,6,-0.7307693362,1.989847541,1.23516047,2.902354717,-3.537187338,0.154174149
scoop_total133g_signminus_offset264_set15,스쿱,scoop_total_133g,133,10,7,-0.7588764429,1.967361689,1.221796751,2.90234971,-3.537184238,0.150321871
scoop_total133g_signminus_offset264_set15,스쿱,scoop_total_133g,133,10,8,-0.7588764429,1.967361689,1.221796751,2.90234971,-3.537184238,0.150321871
scoop_total133g_signminus_offset264_set15,스쿱,scoop_total_133g,133,10,9,-0.7109791636,1.944090486,1.224896193,2.90234971,-3.537184715,0.1506134272
scoop_total133g_signminus_offset264_set15,스쿱,scoop_total_133g,133,10,10,-0.7109791636,1.944090486,1.224896193,2.90234971,-3.537184715,0.1506134272
scoop_total133g_signminus_offset264_set15,스쿱,scoop_total_133g,133,11,1,-0.6083932519,1.957089782,1.248678207,2.902349234,-3.537184715,0.1503959149
scoop_total133g_signminus_offset264_set15,스쿱,scoop_total_133g,133,11,2,-0.6083932519,1.957089782,1.248678207,2.902349234,-3.537184715,0.1503959149
scoop_total133g_signminus_offset264_set15,스쿱,scoop_total_133g,133,11,3,-0.5818294287,1.976522088,1.260033011,2.90234971,-3.537184954,0.1508018076
scoop_total133g_signminus_offset264_set15,스쿱,scoop_total_133g,133,11,4,-0.5818294287,1.976522088,1.260033011,2.90234971,-3.537184954,0.1508018076
scoop_total133g_signminus_offset264_set15,스쿱,scoop_total_133g,133,11,5,-0.575561285,1.969582558,1.292709231,2.902350664,-3.537185431,0.1513916403
scoop_total133g_signminus_offset264_set15,스쿱,scoop_total_133g,133,11,6,-0.575561285,1.969582558,1.292709231,2.902350664,-3.537185431,0.1513916403
scoop_total133g_signminus_offset264_set15,스쿱,scoop_total_133g,133,11,7,-0.5853595138,1.953692675,1.326347828,2.902343988,-3.537182093,0.1466647536
scoop_total133g_signminus_offset264_set15,스쿱,scoop_total_133g,133,11,8,-0.5853595138,1.953692675,1.326347828,2.902343988,-3.537182093,0.1466647536
scoop_total133g_signminus_offset264_set15,스쿱,scoop_total_133g,133,11,9,-0.6308852434,1.869773507,1.337063193,2.902345896,-3.537183046,0.1481202245
scoop_total133g_signminus_offset264_set15,스쿱,scoop_total_133g,133,11,10,-0.584379971,1.905798912,1.332247376,2.902344465,-3.537182331,0.1470476538
scoop_total133g_signminus_offset264_set15,스쿱,scoop_total_133g,133,12,1,-0.457065016,1.832833648,1.275358796,2.902352095,-3.537186146,0.1523598433
scoop_total133g_signminus_offset264_set15,스쿱,scoop_total_133g,133,12,2,-0.457065016,1.832833648,1.275358796,2.902352095,-3.537186146,0.1523598433
scoop_total133g_signminus_offset264_set15,스쿱,scoop_total_133g,133,12,3,-0.4524312913,1.854966521,1.263579369,2.902349949,-3.537184954,0.1508405358
scoop_total133g_signminus_offset264_set15,스쿱,scoop_total_133g,133,12,4,-0.4524312913,1.854966521,1.263579369,2.902349949,-3.537184954,0.1508405358
scoop_total133g_signminus_offset264_set15,스쿱,scoop_total_133g,133,12,5,-0.4639471471,1.83805263,1.2608248,2.902349949,-3.537185192,0.1509306133
scoop_total133g_signminus_offset264_set15,스쿱,scoop_total_133g,133,12,6,-0.4639471471,1.83805263,1.2608248,2.902349949,-3.537185192,0.1509306133
scoop_total133g_signminus_offset264_set15,스쿱,scoop_total_133g,133,12,7,-0.4656909704,1.840789437,1.273893952,2.902346849,-3.537183523,0.1486584544
scoop_total133g_signminus_offset264_set15,스쿱,scoop_total_133g,133,12,8,-0.4656909704,1.840789437,1.273893952,2.902346849,-3.537183523,0.1486584544
scoop_total133g_signminus_offset264_set15,스쿱,scoop_total_133g,133,12,9,-0.4685408473,1.840209961,1.294106722,2.902350664,-3.537185431,0.1513745785
scoop_total133g_signminus_offset264_set15,스쿱,scoop_total_133g,133,12,10,-0.4685408473,1.840209961,1.294106722,2.902350664,-3.537185431,0.1513745785
scoop_total133g_signminus_offset264_set15,스쿱,scoop_total_133g,133,13,1,-0.4766848683,1.854703069,1.284907937,2.902347803,-3.537184,0.149383679
scoop_total133g_signminus_offset264_set15,스쿱,scoop_total_133g,133,13,2,-0.4729653001,1.838481903,1.268741727,2.902348042,-3.537184,0.1494942009
scoop_total133g_signminus_offset264_set15,스쿱,scoop_total_133g,133,13,3,-0.4729653001,1.838481903,1.268741727,2.902348042,-3.537184,0.1494942009
scoop_total133g_signminus_offset264_set15,스쿱,scoop_total_133g,133,13,4,-0.4729152322,1.845147252,1.279894233,2.902345419,-3.537182808,0.1476438344
scoop_total133g_signminus_offset264_set15,스쿱,scoop_total_133g,133,13,5,-0.4729152322,1.845147252,1.279894233,2.902345419,-3.537182808,0.1476438344
scoop_total133g_signminus_offset264_set15,스쿱,scoop_total_133g,133,13,6,-0.4568928778,1.849733949,1.275687099,2.902348042,-3.537184,0.1494795382
scoop_total133g_signminus_offset264_set15,스쿱,scoop_total_133g,133,13,7,-0.4568928778,1.849733949,1.275687099,2.902348042,-3.537184,0.1494795382
scoop_total133g_signminus_offset264_set15,스쿱,scoop_total_133g,133,13,8,-0.4654363692,1.842067122,1.268398523,2.902350664,-3.537185431,0.1514550894
scoop_total133g_signminus_offset264_set15,스쿱,scoop_total_133g,133,13,9,-0.4654363692,1.842067122,1.268398523,2.902350664,-3.537185431,0.1514550894
scoop_total133g_signminus_offset264_set15,스쿱,scoop_total_133g,133,13,10,-0.4738906622,1.841827273,1.253412008,2.902350187,-3.537185192,0.1510013789
scoop_total133g_signminus_offset264_set15,스쿱,scoop_total_133g,133,14,1,-0.5745922923,1.880590916,1.312903166,2.902348042,-3.537184,0.1495338976
scoop_total133g_signminus_offset264_set15,스쿱,scoop_total_133g,133,14,2,-0.5642337203,1.892839074,1.309290051,2.902347088,-3.537183523,0.1488833725
scoop_total133g_signminus_offset264_set15,스쿱,scoop_total_133g,133,14,3,-0.5642337203,1.892839074,1.309290051,2.902347088,-3.537183523,0.1488833725
scoop_total133g_signminus_offset264_set15,스쿱,scoop_total_133g,133,14,4,-0.5475230813,1.89189887,1.288982868,2.902352571,-3.537186384,0.1526924372
scoop_total133g_signminus_offset264_set15,스쿱,scoop_total_133g,133,14,5,-0.5475230813,1.89189887,1.288982868,2.902352571,-3.537186384,0.1526924372
scoop_total133g_signminus_offset264_set15,스쿱,scoop_total_133g,133,14,6,-0.5471151471,1.875524521,1.28821969,2.902345896,-3.537183046,0.1480012834
scoop_total133g_signminus_offset264_set15,스쿱,scoop_total_133g,133,14,7,-0.5471151471,1.875524521,1.28821969,2.902345896,-3.537183046,0.1480012834
scoop_total133g_signminus_offset264_set15,스쿱,scoop_total_133g,133,14,8,-0.568520844,1.861067057,1.281475544,2.902349234,-3.537184715,0.1504667401
scoop_total133g_signminus_offset264_set15,스쿱,scoop_total_133g,133,14,9,-0.568520844,1.861067057,1.281475544,2.902349234,-3.537184715,0.1504667401
scoop_total133g_signminus_offset264_set15,스쿱,scoop_total_133g,133,14,10,-0.5548334718,1.883193016,1.26640749,2.902355194,-3.537187576,0.1545173377
scoop_total133g_signminus_offset264_set15,스쿱,scoop_total_133g,133,15,1,-0.699339509,1.964750171,1.297813535,2.902352333,-3.537186146,0.1525820792
scoop_total133g_signminus_offset264_set15,스쿱,scoop_total_133g,133,15,2,-0.699339509,1.964750171,1.297813535,2.902352333,-3.537186146,0.1525820792
scoop_total133g_signminus_offset264_set15,스쿱,scoop_total_133g,133,15,3,-0.7206476927,1.945477009,1.308391571,2.90235281,-3.537186384,0.1528616846
scoop_total133g_signminus_offset264_set15,스쿱,scoop_total_133g,133,15,4,-0.7230576277,1.960775256,1.335421681,2.902348042,-3.537184238,0.1495972574
scoop_total133g_signminus_offset264_set15,스쿱,scoop_total_133g,133,15,5,-0.7230576277,1.960775256,1.335421681,2.902348042,-3.537184238,0.1495972574
scoop_total133g_signminus_offset264_set15,스쿱,scoop_total_133g,133,15,6,-0.7174068689,1.97193718,1.312985659,2.902349234,-3.537184715,0.1504007131
scoop_total133g_signminus_offset264_set15,스쿱,scoop_total_133g,133,15,7,-0.7174068689,1.97193718,1.312985659,2.902349234,-3.537184715,0.1504007131
scoop_total133g_signminus_offset264_set15,스쿱,scoop_total_133g,133,15,8,-0.7054211497,2.006916761,1.30576098,2.902349949,-3.537184954,0.150793314
scoop_total133g_signminus_offset264_set15,스쿱,scoop_total_133g,133,15,9,-0.7054211497,2.006916761,1.30576098,2.902349949,-3.537184954,0.150793314
scoop_total133g_signminus_offset264_set15,스쿱,scoop_total_133g,133,15,10,-0.6908003092,2.020406961,1.289969444,2.902353287,-3.537186861,0.1532045603
scoop_total133g_signminus_offset264_set15,스쿱,scoop_total_133g,133,16,1,-0.7562081814,1.960891724,1.195593715,2.902345419,-3.537182808,0.1477768123
scoop_total133g_signminus_offset264_set15,스쿱,scoop_total_133g,133,16,2,-0.7562081814,1.960891724,1.195593715,2.902345419,-3.537182808,0.1477768123
scoop_total133g_signminus_offset264_set15,스쿱,scoop_total_133g,133,16,3,-0.7506847978,2.036417723,1.206101179,2.902351856,-3.537185907,0.1522325724
scoop_total133g_signminus_offset264_set15,스쿱,scoop_total_133g,133,16,4,-0.7506847978,2.036417723,1.206101179,2.902351856,-3.537185907,0.1522325724
scoop_total133g_signminus_offset264_set15,스쿱,scoop_total_133g,133,16,5,-0.7480778098,2.037617683,1.228195548,2.902351618,-3.537185907,0.1520192474
scoop_total133g_signminus_offset264_set15,스쿱,scoop_total_133g,133,16,6,-0.7480778098,2.037617683,1.228195548,2.902351618,-3.537185907,0.1520192474
scoop_total133g_signminus_offset264_set15,스쿱,scoop_total_133g,133,16,7,-0.7658539414,2.01812005,1.234045148,2.902351379,-3.537185907,0.1519709378
scoop_total133g_signminus_offset264_set15,스쿱,scoop_total_133g,133,16,8,-0.7658539414,2.01812005,1.234045148,2.902351379,-3.537185907,0.1519709378
scoop_total133g_signminus_offset264_set15,스쿱,scoop_total_133g,133,16,9,-0.7636178136,2.009586096,1.262840509,2.902346373,-3.537183285,0.1484384984
scoop_total133g_signminus_offset264_set15,스쿱,scoop_total_133g,133,16,10,-0.7636178136,2.009586096,1.262840509,2.902346373,-3.537183285,0.1484384984
scoop_total133g_signminus_offset264_set15,스쿱,scoop_total_133g,133,17,1,-0.7445136905,1.916890383,1.139704347,2.902342558,-3.537181377,0.1456723809
scoop_total133g_signminus_offset264_set15,스쿱,scoop_total_133g,133,17,2,-0.7445136905,1.916890383,1.139704347,2.902342558,-3.537181377,0.1456723809
scoop_total133g_signminus_offset264_set15,스쿱,scoop_total_133g,133,17,3,-0.7489468455,1.917164087,1.134329915,2.902342558,-3.537181377,0.1457751691
scoop_total133g_signminus_offset264_set15,스쿱,scoop_total_133g,133,17,4,-0.7489468455,1.917164087,1.134329915,2.902342558,-3.537181377,0.1457751691
scoop_total133g_signminus_offset264_set15,스쿱,scoop_total_133g,133,17,5,-0.7331537604,1.957419634,1.135158062,2.902347565,-3.537183762,0.1491071731
scoop_total133g_signminus_offset264_set15,스쿱,scoop_total_133g,133,17,6,-0.7331537604,1.957419634,1.135158062,2.902347565,-3.537183762,0.1491071731
scoop_total133g_signminus_offset264_set15,스쿱,scoop_total_133g,133,17,7,-0.7191455364,1.963323832,1.152854681,2.902351856,-3.537184477,0.1513184756
scoop_total133g_signminus_offset264_set15,스쿱,scoop_total_133g,133,17,8,-0.7191455364,1.963323832,1.152854681,2.902351856,-3.537184477,0.1513184756
scoop_total133g_signminus_offset264_set15,스쿱,scoop_total_133g,133,17,9,-0.7204852104,1.965721488,1.187562585,2.902349234,-3.537184477,0.1501951814
scoop_total133g_signminus_offset264_set15,스쿱,scoop_total_133g,133,17,10,-0.7204852104,1.965721488,1.187562585,2.902349234,-3.537184477,0.1501951814
scoop_total133g_signminus_offset264_set15,스쿱,scoop_total_133g,133,18,1,-0.5612899065,1.926506758,1.274421215,2.902348995,-3.537184477,0.150141567
scoop_total133g_signminus_offset264_set15,스쿱,scoop_total_133g,133,18,2,-0.5304620266,1.967156172,1.286539793,2.902352333,-3.537186146,0.1525443941
scoop_total133g_signminus_offset264_set15,스쿱,scoop_total_133g,133,18,3,-0.5304620266,1.967156172,1.286539793,2.902352333,-3.537186146,0.1525443941
scoop_total133g_signminus_offset264_set15,스쿱,scoop_total_133g,133,18,4,-0.5438485742,1.92006588,1.271606207,2.902353525,-3.537186861,0.1534054577
scoop_total133g_signminus_offset264_set15,스쿱,scoop_total_133g,133,18,5,-0.5438485742,1.92006588,1.271606207,2.902353525,-3.537186861,0.1534054577
scoop_total133g_signminus_offset264_set15,스쿱,scoop_total_133g,133,18,6,-0.5733564496,1.877833128,1.274370432,2.902348518,-3.537184477,0.1499230266
scoop_total133g_signminus_offset264_set15,스쿱,scoop_total_133g,133,18,7,-0.5733564496,1.877833128,1.274370432,2.902348518,-3.537184477,0.1499230266
scoop_total133g_signminus_offset264_set15,스쿱,scoop_total_133g,133,18,8,-0.545897007,1.946784139,1.307035565,2.902355671,-3.537187576,0.154747799
scoop_total133g_signminus_offset264_set15,스쿱,scoop_total_133g,133,18,9,-0.545897007,1.946784139,1.307035565,2.902355671,-3.537187576,0.154747799
scoop_total133g_signminus_offset264_set15,스쿱,scoop_total_133g,133,18,10,-0.5607361197,1.909552813,1.311143637,2.902354717,-3.537187099,0.1540875137
scoop_total133g_signminus_offset264_set15,스쿱,scoop_total_133g,133,19,1,-0.4403753579,1.857891917,1.250899434,2.902345181,-3.537182808,0.1476334482
scoop_total133g_signminus_offset264_set15,스쿱,scoop_total_133g,133,19,2,-0.4354808331,1.859372139,1.259574056,2.902348042,-3.537184238,0.1496157199
scoop_total133g_signminus_offset264_set15,스쿱,scoop_total_133g,133,19,3,-0.4354808331,1.859372139,1.259574056,2.902348042,-3.537184238,0.1496157199
scoop_total133g_signminus_offset264_set15,스쿱,scoop_total_133g,133,19,4,-0.4264651239,1.841337204,1.260442495,2.902349234,-3.537184715,0.1504070163
scoop_total133g_signminus_offset264_set15,스쿱,scoop_total_133g,133,19,5,-0.4264651239,1.841337204,1.260442495,2.902349234,-3.537184715,0.1504070163
scoop_total133g_signminus_offset264_set15,스쿱,scoop_total_133g,133,19,6,-0.4373716414,1.837659001,1.261644006,2.902350426,-3.537185192,0.1511063725
scoop_total133g_signminus_offset264_set15,스쿱,scoop_total_133g,133,19,7,-0.4373716414,1.837659001,1.261644006,2.902350426,-3.537185192,0.1511063725
scoop_total133g_signminus_offset264_set15,스쿱,scoop_total_133g,133,19,8,-0.4209484458,1.864148855,1.252171755,2.902349472,-3.537184715,0.1503368914
scoop_total133g_signminus_offset264_set15,스쿱,scoop_total_133g,133,19,9,-0.4209484458,1.864148855,1.252171755,2.902349472,-3.537184715,0.1503368914
scoop_total133g_signminus_offset264_set15,스쿱,scoop_total_133g,133,19,10,-0.4267459512,1.880441785,1.28286171,2.902353525,-3.537186861,0.1533808261
scoop_total133g_signminus_offset264_set15,스쿱,scoop_total_133g,133,20,1,-0.4707338214,1.850224853,1.229341507,2.902347326,-3.537183762,0.1490497589
scoop_total133g_signminus_offset264_set15,스쿱,scoop_total_133g,133,20,2,-0.4477644563,1.88148737,1.227538109,2.902350426,-3.537185431,0.1512820721
scoop_total133g_signminus_offset264_set15,스쿱,scoop_total_133g,133,20,3,-0.4477644563,1.88148737,1.227538109,2.902350426,-3.537185431,0.1512820721
scoop_total133g_signminus_offset264_set15,스쿱,scoop_total_133g,133,20,4,-0.46572721,1.835120559,1.225091338,2.902348757,-3.537184477,0.1500522196
scoop_total133g_signminus_offset264_set15,스쿱,scoop_total_133g,133,20,5,-0.46572721,1.835120559,1.225091338,2.902348757,-3.537184477,0.1500522196
scoop_total133g_signminus_offset264_set15,스쿱,scoop_total_133g,133,20,6,-0.4854960442,1.839627504,1.258015513,2.902348518,-3.537184477,0.1499113441
scoop_total133g_signminus_offset264_set15,스쿱,scoop_total_133g,133,20,7,-0.5016939044,1.857342958,1.301819324,2.902346134,-3.537183046,0.1482288688
scoop_total133g_signminus_offset264_set15,스쿱,scoop_total_133g,133,20,8,-0.5016939044,1.857342958,1.301819324,2.902346134,-3.537183046,0.1482288688
scoop_total133g_signminus_offset264_set15,스쿱,scoop_total_133g,133,20,9,-0.5051715374,1.894591331,1.321690559,2.902349234,-3.537184715,0.1504698247
scoop_total133g_signminus_offset264_set15,스쿱,scoop_total_133g,133,20,10,-0.5051715374,1.894591331,1.321690559,2.902349234,-3.537184715,0.1504698247
scoop_total133g_signminus_offset264_set15,스쿱,scoop_total_133g,133,21,1,-0.6082301736,1.965842605,1.239604354,2.902355909,-3.537188053,0.1550253332
scoop_total133g_signminus_offset264_set15,스쿱,scoop_total_133g,133,21,2,-0.6516978145,1.918341041,1.26924789,2.902355909,-3.537188053,0.1549980491
scoop_total133g_signminus_offset264_set15,스쿱,scoop_total_133g,133,21,3,-0.6516978145,1.918341041,1.26924789,2.902355909,-3.537188053,0.1549980491
scoop_total133g_signminus_offset264_set15,스쿱,scoop_total_133g,133,21,4,-0.6903742552,1.862805247,1.285991192,2.902351141,-3.537185669,0.1517838985
scoop_total133g_signminus_offset264_set15,스쿱,scoop_total_133g,133,21,5,-0.6903742552,1.862805247,1.285991192,2.902351141,-3.537185669,0.1517838985
scoop_total133g_signminus_offset264_set15,스쿱,scoop_total_133g,133,21,6,-0.6834847331,1.874826074,1.287732601,2.902344704,-3.53718257,0.1472962201
scoop_total133g_signminus_offset264_set15,스쿱,scoop_total_133g,133,21,7,-0.6834847331,1.874826074,1.287732601,2.902344704,-3.53718257,0.1472962201
scoop_total133g_signminus_offset264_set15,스쿱,scoop_total_133g,133,21,8,-0.6486176848,1.946922421,1.273514509,2.90235281,-3.537186384,0.1528323591
scoop_total133g_signminus_offset264_set15,스쿱,scoop_total_133g,133,21,9,-0.6486176848,1.946922421,1.273514509,2.90235281,-3.537186384,0.1528323591
scoop_total133g_signminus_offset264_set15,스쿱,scoop_total_133g,133,21,10,-0.6326314807,1.998881221,1.246940374,2.902354717,-3.537187576,0.154284358
scoop_total133g_signminus_offset264_set15,스쿱,scoop_total_133g,133,22,1,-0.7080791593,1.962867856,1.107258558,2.902347803,-3.537184,0.1493465006
scoop_total133g_signminus_offset264_set15,스쿱,scoop_total_133g,133,22,2,-0.7171458006,1.992068887,1.146668553,2.902352571,-3.537186384,0.1527145505
scoop_total133g_signminus_offset264_set15,스쿱,scoop_total_133g,133,22,3,-0.7171458006,1.992068887,1.146668553,2.902352571,-3.537186384,0.1527145505
scoop_total133g_signminus_offset264_set15,스쿱,scoop_total_133g,133,22,4,-0.7415463328,1.98124218,1.162412763,2.902353048,-3.537186623,0.1531257182
scoop_total133g_signminus_offset264_set15,스쿱,scoop_total_133g,133,22,5,-0.7415463328,1.98124218,1.162412763,2.902353048,-3.537186623,0.1531257182
scoop_total133g_signminus_offset264_set15,스쿱,scoop_total_133g,133,22,6,-0.7362330556,1.974132061,1.173656583,2.902346849,-3.537183523,0.1486629099
scoop_total133g_signminus_offset264_set15,스쿱,scoop_total_133g,133,22,7,-0.7362330556,1.974132061,1.173656583,2.902346849,-3.537183523,0.1486629099
scoop_total133g_signminus_offset264_set15,스쿱,scoop_total_133g,133,22,8,-0.7182020545,2.048304081,1.183785558,2.902355671,-3.537187815,0.1548452526
scoop_total133g_signminus_offset264_set15,스쿱,scoop_total_133g,133,22,9,-0.7182020545,2.048304081,1.183785558,2.902355671,-3.537187815,0.1548452526
scoop_total133g_signminus_offset264_set15,스쿱,scoop_total_133g,133,22,10,-0.7257053852,2.038648605,1.212380767,2.902356386,-3.537188292,0.1553703845
scoop_total133g_signminus_offset264_set15,스쿱,scoop_total_133g,133,23,1,-0.7865114212,1.994058013,1.227532506,2.90234828,-3.537184238,0.1497799307
scoop_total133g_signminus_offset264_set15,스쿱,scoop_total_133g,133,23,2,-0.7865114212,1.994058013,1.227532506,2.90234828,-3.537184238,0.1497799307
scoop_total133g_signminus_offset264_set15,스쿱,scoop_total_133g,133,23,3,-0.7724794149,1.982897997,1.238801599,2.902349234,-3.537184715,0.1503317058
scoop_total133g_signminus_offset264_set15,스쿱,scoop_total_133g,133,23,4,-0.7724794149,1.982897997,1.238801599,2.902349234,-3.537184715,0.1503317058
scoop_total133g_signminus_offset264_set15,스쿱,scoop_total_133g,133,23,5,-0.7596666217,1.99916625,1.235207558,2.902348042,-3.537183762,0.1493609548
scoop_total133g_signminus_offset264_set15,스쿱,scoop_total_133g,133,23,6,-0.7596666217,1.99916625,1.235207558,2.902348042,-3.537183762,0.1493609548
scoop_total133g_signminus_offset264_set15,스쿱,scoop_total_133g,133,23,7,-0.752211988,1.992617249,1.229557157,2.90234828,-3.537184238,0.1497237682
scoop_total133g_signminus_offset264_set15,스쿱,scoop_total_133g,133,23,8,-0.752211988,1.992617249,1.229557157,2.90234828,-3.537184238,0.1497237682
scoop_total133g_signminus_offset264_set15,스쿱,scoop_total_133g,133,23,9,-0.7867259979,1.928881884,1.211258292,2.902349234,-3.537184715,0.1503497362
scoop_total133g_signminus_offset264_set15,스쿱,scoop_total_133g,133,23,10,-0.7867259979,1.928881884,1.211258292,2.902349234,-3.537184715,0.1503497362
scoop_total133g_signminus_offset264_set15,스쿱,scoop_total_133g,133,24,1,-0.6614943147,1.95167625,1.262172461,2.902348518,-3.537184477,0.1499419808
scoop_total133g_signminus_offset264_set15,스쿱,scoop_total_133g,133,24,2,-0.6614943147,1.95167625,1.262172461,2.902348518,-3.537184477,0.1499419808
scoop_total133g_signminus_offset264_set15,스쿱,scoop_total_133g,133,24,3,-0.6665674448,1.973255992,1.247342467,2.90234828,-3.537184238,0.1497656107
scoop_total133g_signminus_offset264_set15,스쿱,scoop_total_133g,133,24,4,-0.6665674448,1.973255992,1.247342467,2.90234828,-3.537184238,0.1497656107
scoop_total133g_signminus_offset264_set15,스쿱,scoop_total_133g,133,24,5,-0.6666353345,1.938327789,1.28486836,2.902351618,-3.537185907,0.1521340013
scoop_total133g_signminus_offset264_set15,스쿱,scoop_total_133g,133,24,6,-0.6666353345,1.938327789,1.28486836,2.902351618,-3.537185907,0.1521340013
scoop_total133g_signminus_offset264_set15,스쿱,scoop_total_133g,133,24,7,-0.6521515846,1.935984254,1.290686965,2.90234828,-3.537184238,0.1497408301
scoop_total133g_signminus_offset264_set15,스쿱,scoop_total_133g,133,24,8,-0.6521515846,1.935984254,1.290686965,2.90234828,-3.537184238,0.1497408301
scoop_total133g_signminus_offset264_set15,스쿱,scoop_total_133g,133,24,9,-0.6486554742,1.921723604,1.286646843,2.902353287,-3.537186623,0.1531823426
scoop_total133g_signminus_offset264_set15,스쿱,scoop_total_133g,133,24,10,-0.6325968504,1.901483059,1.287512541,2.902349234,-3.537184715,0.1503215283
scoop_total133g_signminus_offset264_set15,스쿱,scoop_total_133g,133,25,1,-0.5506264567,1.898784041,1.32650876,2.902347565,-3.537183762,0.1491524577
scoop_total133g_signminus_offset264_set15,스쿱,scoop_total_133g,133,25,2,-0.5524849892,1.866280794,1.313215494,2.902346611,-3.537183285,0.1485201716
scoop_total133g_signminus_offset264_set15,스쿱,scoop_total_133g,133,25,3,-0.5524849892,1.866280794,1.313215494,2.902346611,-3.537183285,0.1485201716
scoop_total133g_signminus_offset264_set15,스쿱,scoop_total_133g,133,25,4,-0.5437514782,1.883630991,1.307070732,2.902348518,-3.537184238,0.149901852
scoop_total133g_signminus_offset264_set15,스쿱,scoop_total_133g,133,25,5,-0.5437514782,1.883630991,1.307070732,2.902348518,-3.537184238,0.149901852
scoop_total133g_signminus_offset264_set15,스쿱,scoop_total_133g,133,25,6,-0.5225391388,1.872325182,1.284906745,2.902347326,-3.537183762,0.1491201818
scoop_total133g_signminus_offset264_set15,스쿱,scoop_total_133g,133,25,7,-0.5225391388,1.872325182,1.284906745,2.902347326,-3.537183762,0.1491201818
scoop_total133g_signminus_offset264_set15,스쿱,scoop_total_133g,133,25,8,-0.5248268843,1.87805593,1.30569005,2.902346134,-3.537183285,0.1482521743
scoop_total133g_signminus_offset264_set15,스쿱,scoop_total_133g,133,25,9,-0.5248268843,1.87805593,1.30569005,2.902346134,-3.537183285,0.1482521743
scoop_total133g_signminus_offset264_set15,스쿱,scoop_total_133g,133,25,10,-0.5251414776,1.845630765,1.300963521,2.902346373,-3.537183285,0.1484457552
scoop_total133g_signminus_offset264_set15,스쿱,scoop_total_133g,133,26,1,-0.488089025,1.850859284,1.263907671,2.902348518,-3.537184238,0.1498495191
scoop_total133g_signminus_offset264_set15,스쿱,scoop_total_133g,133,26,2,-0.474463284,1.850642681,1.257014632,2.902347088,-3.537183523,0.1488662213
scoop_total133g_signminus_offset264_set15,스쿱,scoop_total_133g,133,26,3,-0.474463284,1.850642681,1.257014632,2.902347088,-3.537183523,0.1488662213
scoop_total133g_signminus_offset264_set15,스쿱,scoop_total_133g,133,26,4,-0.4708843231,1.834538698,1.261333585,2.90234971,-3.537184954,0.1507768482
scoop_total133g_signminus_offset264_set15,스쿱,scoop_total_133g,133,26,5,-0.4708843231,1.834538698,1.261333585,2.90234971,-3.537184954,0.1507768482
scoop_total133g_signminus_offset264_set15,스쿱,scoop_total_133g,133,26,6,-0.4728842676,1.859254479,1.254689932,2.90234971,-3.537184954,0.150708124
scoop_total133g_signminus_offset264_set15,스쿱,scoop_total_133g,133,26,7,-0.4728842676,1.859254479,1.254689932,2.90234971,-3.537184954,0.150708124
scoop_total133g_signminus_offset264_set15,스쿱,scoop_total_133g,133,26,8,-0.4882629514,1.850516796,1.308663011,2.902350903,-3.537185669,0.1515828222
scoop_total133g_signminus_offset264_set15,스쿱,scoop_total_133g,133,26,9,-0.4882629514,1.850516796,1.308663011,2.902350903,-3.537185669,0.1515828222
scoop_total133g_signminus_offset264_set15,스쿱,scoop_total_133g,133,26,10,-0.4813279808,1.839374661,1.260592341,2.902347803,-3.537184,0.1494025439
scoop_total133g_signminus_offset264_set15,스쿱,scoop_total_133g,133,27,1,-0.539482832,1.858471274,1.301536918,2.902345896,-3.537183046,0.1480914354
scoop_total133g_signminus_offset264_set15,스쿱,scoop_total_133g,133,27,2,-0.5615756512,1.85481143,1.28669858,2.902344465,-3.537182331,0.1470662355
scoop_total133g_signminus_offset264_set15,스쿱,scoop_total_133g,133,27,3,-0.5615756512,1.85481143,1.28669858,2.902344465,-3.537182331,0.1470662355
scoop_total133g_signminus_offset264_set15,스쿱,scoop_total_133g,133,27,4,-0.5558912754,1.83867979,1.281351686,2.902351379,-3.537185907,0.1519401222
scoop_total133g_signminus_offset264_set15,스쿱,scoop_total_133g,133,27,5,-0.5558912754,1.83867979,1.281351686,2.902351379,-3.537185907,0.1519401222
scoop_total133g_signminus_offset264_set15,스쿱,scoop_total_133g,133,27,6,-0.5711199045,1.867883444,1.249738812,2.902352333,-3.537186146,0.1525580883
scoop_total133g_signminus_offset264_set15,스쿱,scoop_total_133g,133,27,7,-0.5711199045,1.867883444,1.249738812,2.902352333,-3.537186146,0.1525580883
scoop_total133g_signminus_offset264_set15,스쿱,scoop_total_133g,133,27,8,-0.5368179083,1.913434744,1.266858935,2.902350426,-3.537185431,0.1512860507
scoop_total133g_signminus_offset264_set15,스쿱,scoop_total_133g,133,27,9,-0.5368179083,1.913434744,1.266858935,2.902350426,-3.537185431,0.1512860507
scoop_total133g_signminus_offset264_set15,스쿱,scoop_total_133g,133,27,10,-0.5326652527,1.915395141,1.235139728,2.90235424,-3.537187099,0.1538171917
scoop_total133g_signminus_offset264_set15,스쿱,scoop_total_133g,133,28,1,-0.6642602086,1.909877777,1.292279363,2.90235281,-3.537186384,0.1528772414
scoop_total133g_signminus_offset264_set15,스쿱,scoop_total_133g,133,28,2,-0.6642602086,1.909877777,1.292279363,2.90235281,-3.537186384,0.1528772414
scoop_total133g_signminus_offset264_set15,스쿱,scoop_total_133g,133,28,3,-0.6807261109,1.9312253,1.301649809,2.902345896,-3.537183046,0.1481274515
scoop_total133g_signminus_offset264_set15,스쿱,scoop_total_133g,133,28,4,-0.6807261109,1.9312253,1.301649809,2.902345896,-3.537183046,0.1481274515
scoop_total133g_signminus_offset264_set15,스쿱,scoop_total_133g,133,28,5,-0.6502271891,1.953316808,1.289833903,2.902346611,-3.537183285,0.1485639066
scoop_total133g_signminus_offset264_set15,스쿱,scoop_total_133g,133,28,6,-0.6502271891,1.953316808,1.289833903,2.902346611,-3.537183285,0.1485639066
scoop_total133g_signminus_offset264_set15,스쿱,scoop_total_133g,133,28,7,-0.6595477462,1.969795585,1.29278338,2.902351141,-3.537185669,0.1517228782
scoop_total133g_signminus_offset264_set15,스쿱,scoop_total_133g,133,28,8,-0.6595477462,1.969795585,1.29278338,2.902351141,-3.537185669,0.1517228782
scoop_total133g_signminus_offset264_set15,스쿱,scoop_total_133g,133,28,9,-0.701290071,1.91253221,1.275326133,2.902346373,-3.537183285,0.148423478
scoop_total133g_signminus_offset264_set15,스쿱,scoop_total_133g,133,28,10,-0.701290071,1.91253221,1.275326133,2.902346373,-3.537183285,0.148423478
scoop_total133g_signminus_offset264_set15,스쿱,scoop_total_133g,133,29,1,-0.7551335096,1.977621794,1.212890863,2.902348518,-3.537184238,0.149894923
scoop_total133g_signminus_offset264_set15,스쿱,scoop_total_133g,133,29,2,-0.7551335096,1.977621794,1.212890863,2.902348518,-3.537184238,0.149894923
scoop_total133g_signminus_offset264_set15,스쿱,scoop_total_133g,133,29,3,-0.7618079185,1.930639863,1.235811591,2.902343273,-3.537181616,0.1461241096
scoop_total133g_signminus_offset264_set15,스쿱,scoop_total_133g,133,29,4,-0.7618079185,1.930639863,1.235811591,2.902343273,-3.537181616,0.1461241096
scoop_total133g_signminus_offset264_set15,스쿱,scoop_total_133g,133,29,5,-0.7545568943,1.944119573,1.236356616,2.902343273,-3.537181854,0.1462531388
scoop_total133g_signminus_offset264_set15,스쿱,scoop_total_133g,133,29,6,-0.7545568943,1.944119573,1.236356616,2.902343273,-3.537181854,0.1462531388
scoop_total133g_signminus_offset264_set15,스쿱,scoop_total_133g,133,29,7,-0.7469272017,1.97185576,1.237539053,2.902345657,-3.537182808,0.1478885561
scoop_total133g_signminus_offset264_set15,스쿱,scoop_total_133g,133,29,8,-0.7652342916,1.968634129,1.257497787,2.902344704,-3.537182331,0.1471887827
scoop_total133g_signminus_offset264_set15,스쿱,scoop_total_133g,133,29,9,-0.7652342916,1.968634129,1.257497787,2.902344704,-3.537182331,0.1471887827
scoop_total133g_signminus_offset264_set15,스쿱,scoop_total_133g,133,29,10,-0.7733376622,1.955182314,1.255363584,2.902345896,-3.537183046,0.1481253356
scoop_total133g_signminus_offset264_set15,스쿱,scoop_total_133g,133,30,1,-0.7659943104,1.96125114,1.202953339,2.902344227,-3.537182331,0.1469187438
scoop_total133g_signminus_offset264_set15,스쿱,scoop_total_133g,133,30,2,-0.7659943104,1.96125114,1.202953339,2.902344227,-3.537182331,0.1469187438
scoop_total133g_signminus_offset264_set15,스쿱,scoop_total_133g,133,30,3,-0.7662489414,1.970790625,1.204890013,2.902348518,-3.537184238,0.1498290747
scoop_total133g_signminus_offset264_set15,스쿱,scoop_total_133g,133,30,4,-0.7662489414,1.970790625,1.204890013,2.902348518,-3.537184238,0.1498290747
scoop_total133g_signminus_offset264_set15,스쿱,scoop_total_133g,133,30,5,-0.7720833421,1.993779302,1.210252285,2.902345419,-3.537182808,0.1476758868
scoop_total133g_signminus_offset264_set15,스쿱,scoop_total_133g,133,30,6,-0.7720833421,1.993779302,1.210252285,2.902345419,-3.537182808,0.1476758868
scoop_total133g_signminus_offset264_set15,스쿱,scoop_total_133g,133,30,7,-0.7608892918,2.006635189,1.233925581,2.902350187,-3.537185192,0.1509908736
scoop_total133g_signminus_offset264_set15,스쿱,scoop_total_133g,133,30,8,-0.7608892918,2.006635189,1.233925581,2.902350187,-3.537185192,0.1509908736
scoop_total133g_signminus_offset264_set15,스쿱,scoop_total_133g,133,30,9,-0.7725101709,1.983871102,1.189620137,2.902345181,-3.537182331,0.1474303603
scoop_total133g_signminus_offset264_set15,스쿱,scoop_total_133g,133,30,10,-0.7725101709,1.983871102,1.189620137,2.902345181,-3.537182331,0.1474303603
scoop_total133g_signminus_offset266_set16,스쿱,scoop_total_133g,133,1,1,-0.5183557868,1.882020831,1.183133602,2.902355671,-3.537187815,0.1548656523
scoop_total133g_signminus_offset266_set16,스쿱,scoop_total_133g,133,1,2,-0.5183557868,1.882020831,1.183133602,2.902355671,-3.537187815,0.1548656523
scoop_total133g_signminus_offset266_set16,스쿱,scoop_total_133g,133,1,3,-0.5357852578,1.901853561,1.210420251,2.902356386,-3.537188292,0.155336082
scoop_total133g_signminus_offset266_set16,스쿱,scoop_total_133g,133,1,4,-0.5357852578,1.901853561,1.210420251,2.902356386,-3.537188292,0.155336082
scoop_total133g_signminus_offset266_set16,스쿱,scoop_total_133g,133,1,5,-0.5427778363,1.883872032,1.213656306,2.902353048,-3.537186623,0.152979672
scoop_total133g_signminus_offset266_set16,스쿱,scoop_total_133g,133,1,6,-0.5427778363,1.883872032,1.213656306,2.902353048,-3.537186623,0.152979672
scoop_total133g_signminus_offset266_set16,스쿱,scoop_total_133g,133,1,7,-0.5558538437,1.873554349,1.20589292,2.902358294,-3.537189245,0.1566546857
scoop_total133g_signminus_offset266_set16,스쿱,scoop_total_133g,133,1,8,-0.5558538437,1.873554349,1.20589292,2.902358294,-3.537189245,0.1566546857
scoop_total133g_signminus_offset266_set16,스쿱,scoop_total_133g,133,1,9,-0.5659614205,1.891959429,1.229290843,2.902358532,-3.537189484,0.1569432616
scoop_total133g_signminus_offset266_set16,스쿱,scoop_total_133g,133,1,10,-0.5659614205,1.891959429,1.229290843,2.902358532,-3.537189484,0.1569432616
scoop_total133g_signminus_offset266_set16,스쿱,scoop_total_133g,133,2,1,-0.5825797915,1.889193654,1.203744769,2.902357101,-3.53718853,0.1558895856
scoop_total133g_signminus_offset266_set16,스쿱,scoop_total_133g,133,2,2,-0.5833042264,1.883821964,1.211857319,2.902353048,-3.537186623,0.1531121731
scoop_total133g_signminus_offset266_set16,스쿱,scoop_total_133g,133,2,3,-0.5833042264,1.883821964,1.211857319,2.902353048,-3.537186623,0.1531121731
scoop_total133g_signminus_offset266_set16,스쿱,scoop_total_133g,133,2,4,-0.5830036402,1.895926833,1.223690867,2.902353764,-3.537186861,0.1535452455
scoop_total133g_signminus_offset266_set16,스쿱,scoop_total_133g,133,2,5,-0.5830036402,1.895926833,1.223690867,2.902353764,-3.537186861,0.1535452455
scoop_total133g_signminus_offset266_set16,스쿱,scoop_total_133g,133,2,6,-0.5739825368,1.943341613,1.225351214,2.902359486,-3.537189722,0.1575475484
scoop_total133g_signminus_offset266_set16,스쿱,scoop_total_133g,133,2,7,-0.5739825368,1.943341613,1.225351214,2.902359486,-3.537189722,0.1575475484
scoop_total133g_signminus_offset266_set16,스쿱,scoop_total_133g,133,2,8,-0.5464469194,1.937101603,1.235048056,2.902355909,-3.537188053,0.1551183313
scoop_total133g_signminus_offset266_set16,스쿱,scoop_total_133g,133,2,9,-0.5464469194,1.937101603,1.235048056,2.902355909,-3.537188053,0.1551183313
scoop_total133g_signminus_offset266_set16,스쿱,scoop_total_133g,133,2,10,-0.5558534861,1.934306026,1.213623166,2.902352095,-3.537186146,0.1524371356
scoop_total133g_signminus_offset266_set16,스쿱,scoop_total_133g,133,3,1,-0.6566761136,1.96211803,1.231125712,2.902355909,-3.537188053,0.1550176591
scoop_total133g_signminus_offset266_set16,스쿱,scoop_total_133g,133,3,2,-0.661072433,1.96044004,1.178372025,2.902356863,-3.53718853,0.1556752622
scoop_total133g_signminus_offset266_set16,스쿱,scoop_total_133g,133,3,3,-0.661072433,1.96044004,1.178372025,2.902356863,-3.53718853,0.1556752622
scoop_total133g_signminus_offset266_set16,스쿱,scoop_total_133g,133,3,4,-0.6375229359,2.005353212,1.183490872,2.902360678,-3.537190437,0.158471033
scoop_total133g_signminus_offset266_set16,스쿱,scoop_total_133g,133,3,5,-0.6375229359,2.005353212,1.183490872,2.902360678,-3.537190437,0.158471033
scoop_total133g_signminus_offset266_set16,스쿱,scoop_total_133g,133,3,6,-0.620634973,2.010106087,1.215802312,2.902359962,-3.537190199,0.1579709798
scoop_total133g_signminus_offset266_set16,스쿱,scoop_total_133g,133,3,7,-0.620634973,2.010106087,1.215802312,2.902359962,-3.537190199,0.1579709798
scoop_total133g_signminus_offset266_set16,스쿱,scoop_total_133g,133,3,8,-0.6582125425,2.003946781,1.256322861,2.902355194,-3.537187815,0.1545971483
scoop_total133g_signminus_offset266_set16,스쿱,scoop_total_133g,133,3,9,-0.7071037292,1.956400633,1.291801929,2.90234971,-3.537184954,0.1507124007
scoop_total133g_signminus_offset266_set16,스쿱,scoop_total_133g,133,3,10,-0.7071037292,1.956400633,1.291801929,2.90234971,-3.537184954,0.1507124007
scoop_total133g_signminus_offset266_set16,스쿱,scoop_total_133g,133,4,1,-0.6727771163,1.929069757,1.168033957,2.902351141,-3.537185669,0.1517469138
scoop_total133g_signminus_offset266_set16,스쿱,scoop_total_133g,133,4,2,-0.6727771163,1.929069757,1.168033957,2.902351141,-3.537185669,0.1517469138
scoop_total133g_signminus_offset266_set16,스쿱,scoop_total_133g,133,4,3,-0.6654210687,1.928392053,1.170431852,2.902348995,-3.537184715,0.1502975971
scoop_total133g_signminus_offset266_set16,스쿱,scoop_total_133g,133,4,4,-0.6654210687,1.928392053,1.170431852,2.902348995,-3.537184715,0.1502975971
scoop_total133g_signminus_offset266_set16,스쿱,scoop_total_133g,133,4,5,-0.6641804576,1.923793554,1.195513368,2.902352095,-3.537186146,0.1523414701
scoop_total133g_signminus_offset266_set16,스쿱,scoop_total_133g,133,4,6,-0.6641804576,1.923793554,1.195513368,2.902352095,-3.537186146,0.1523414701
scoop_total133g_signminus_offset266_set16,스쿱,scoop_total_133g,133,4,7,-0.6660338044,1.934988379,1.211457491,2.902351141,-3.537185669,0.1517970115
scoop_total133g_signminus_offset266_set16,스쿱,scoop_total_133g,133,4,8,-0.6660338044,1.934988379,1.211457491,2.902351141,-3.537185669,0.1517970115
scoop_total133g_signminus_offset266_set16,스쿱,scoop_total_133g,133,4,9,-0.6666269302,1.950440407,1.22822082,2.90235424,-3.537187099,0.1538159698
scoop_total133g_signminus_offset266_set16,스쿱,scoop_total_133g,133,4,10,-0.6666269302,1.950440407,1.22822082,2.90235424,-3.537187099,0.1538159698
scoop_total133g_signminus_offset266_set16,스쿱,scoop_total_133g,133,5,1,-0.5636900067,1.895929933,1.15487504,2.902351141,-3.537185669,0.1517617255
scoop_total133g_signminus_offset266_set16,스쿱,scoop_total_133g,133,5,2,-0.5636900067,1.895929933,1.15487504,2.902351141,-3.537185669,0.1517617255
scoop_total133g_signminus_offset266_set16,스쿱,scoop_total_133g,133,5,3,-0.5422499776,1.882250905,1.141006947,2.902350664,-3.537185431,0.1514243186
scoop_total133g_signminus_offset266_set16,스쿱,scoop_total_133g,133,5,4,-0.5422499776,1.882250905,1.141006947,2.902350664,-3.537185431,0.1514243186
scoop_total133g_signminus_offset266_set16,스쿱,scoop_total_133g,133,5,5,-0.5273587704,1.889284968,1.159365892,2.902357817,-3.537189007,0.1563926339
scoop_total133g_signminus_offset266_set16,스쿱,scoop_total_133g,133,5,6,-0.5273587704,1.889284968,1.159365892,2.902357817,-3.537189007,0.1563926339
scoop_total133g_signminus_offset266_set16,스쿱,scoop_total_133g,133,5,7,-0.5183455944,1.876362801,1.156101346,2.902349472,-3.537184954,0.150635913
scoop_total133g_signminus_offset266_set16,스쿱,scoop_total_133g,133,5,8,-0.5183455944,1.876362801,1.156101346,2.902349472,-3.537184954,0.150635913
scoop_total133g_signminus_offset266_set16,스쿱,scoop_total_133g,133,5,9,-0.5494094491,1.873468757,1.174932718,2.902354479,-3.537187338,0.1540936232
scoop_total133g_signminus_offset266_set16,스쿱,scoop_total_133g,133,5,10,-0.5494094491,1.873468757,1.174932718,2.902354479,-3.537187338,0.1540936232
scoop_total133g_signminus_offset266_set16,스쿱,scoop_total_133g,133,6,1,-0.380980283,1.827471137,1.182894111,2.902351379,-3.537185669,0.1518715024
scoop_total133g_signminus_offset266_set16,스쿱,scoop_total_133g,133,6,2,-0.3754554689,1.819952488,1.167337894,2.902347565,-3.537183762,0.1491817236
scoop_total133g_signminus_offset266_set16,스쿱,scoop_total_133g,133,6,3,-0.3754554689,1.819952488,1.167337894,2.902347565,-3.537183762,0.1491817236
scoop_total133g_signminus_offset266_set16,스쿱,scoop_total_133g,133,6,4,-0.3812937438,1.814103603,1.168669581,2.902349472,-3.537184715,0.1505463868
scoop_total133g_signminus_offset266_set16,스쿱,scoop_total_133g,133,6,5,-0.3812937438,1.814103603,1.168669581,2.902349472,-3.537184715,0.1505463868
scoop_total133g_signminus_offset266_set16,스쿱,scoop_total_133g,133,6,6,-0.4122269452,1.809735298,1.169874907,2.90235424,-3.537187338,0.1539733857
scoop_total133g_signminus_offset266_set16,스쿱,scoop_total_133g,133,6,7,-0.3996808231,1.816106439,1.179499269,2.902350187,-3.537185192,0.1510181278
scoop_total133g_signminus_offset266_set16,스쿱,scoop_total_133g,133,6,8,-0.3996808231,1.816106439,1.179499269,2.902350187,-3.537185192,0.1510181278
scoop_total133g_signminus_offset266_set16,스쿱,scoop_total_133g,133,6,9,-0.402528882,1.818908691,1.200869322,2.902350903,-3.537185431,0.1515499651
scoop_total133g_signminus_offset266_set16,스쿱,scoop_total_133g,133,6,10,-0.402528882,1.818908691,1.200869322,2.902350903,-3.537185431,0.1515499651
scoop_total133g_signminus_offset266_set16,스쿱,scoop_total_133g,133,7,1,-0.4110979736,1.794014692,1.280398607,2.90235734,-3.537188768,0.1560684741
scoop_total133g_signminus_offset266_set16,스쿱,scoop_total_133g,133,7,2,-0.4110979736,1.794014692,1.280398607,2.90235734,-3.537188768,0.1560684741
scoop_total133g_signminus_offset266_set16,스쿱,scoop_total_133g,133,7,3,-0.4008152783,1.816192627,1.299729109,2.902354479,-3.537187338,0.1540874839
scoop_total133g_signminus_offset266_set16,스쿱,scoop_total_133g,133,7,4,-0.3934981823,1.840269566,1.300337553,2.90235424,-3.537187099,0.153816998
scoop_total133g_signminus_offset266_set16,스쿱,scoop_total_133g,133,7,5,-0.3934981823,1.840269566,1.300337553,2.90235424,-3.537187099,0.153816998
scoop_total133g_signminus_offset266_set16,스쿱,scoop_total_133g,133,7,6,-0.4079412818,1.820640802,1.288285613,2.902354002,-3.537187099,0.15368177
scoop_total133g_signminus_offset266_set16,스쿱,scoop_total_133g,133,7,7,-0.4079412818,1.820640802,1.288285613,2.902354002,-3.537187099,0.15368177
scoop_total133g_signminus_offset266_set16,스쿱,scoop_total_133g,133,7,8,-0.4036179483,1.791054845,1.281333208,2.902352571,-3.537186384,0.1527094841
scoop_total133g_signminus_offset266_set16,스쿱,scoop_total_133g,133,7,9,-0.4036179483,1.791054845,1.281333208,2.902352571,-3.537186384,0.1527094841
scoop_total133g_signminus_offset266_set16,스쿱,scoop_total_133g,133,7,10,-0.4071364999,1.775942326,1.285493851,2.902350187,-3.537185192,0.1509869844
scoop_total133g_signminus_offset266_set16,스쿱,scoop_total_133g,133,8,1,-0.5043261051,1.720692039,1.331440091,2.902353287,-3.537186623,0.1532393694
scoop_total133g_signminus_offset266_set16,스쿱,scoop_total_133g,133,8,2,-0.48810184,1.74200356,1.295892119,2.902355909,-3.537188053,0.1550399661
scoop_total133g_signminus_offset266_set16,스쿱,scoop_total_133g,133,8,3,-0.48810184,1.74200356,1.295892119,2.902355909,-3.537188053,0.1550399661
scoop_total133g_signminus_offset266_set16,스쿱,scoop_total_133g,133,8,4,-0.444693923,1.793123484,1.225040078,2.90235281,-3.537186384,0.1528944671
scoop_total133g_signminus_offset266_set16,스쿱,scoop_total_133g,133,8,5,-0.444693923,1.793123484,1.225040078,2.90235281,-3.537186384,0.1528944671
scoop_total133g_signminus_offset266_set16,스쿱,scoop_total_133g,133,8,6,-0.3943783641,1.891358137,1.181165934,2.902355909,-3.537188053,0.1550687402
scoop_total133g_signminus_offset266_set16,스쿱,scoop_total_133g,133,8,7,-0.3943783641,1.891358137,1.181165934,2.902355909,-3.537188053,0.1550687402
scoop_total133g_signminus_offset266_set16,스쿱,scoop_total_133g,133,8,8,-0.3872103989,1.903387904,1.16554153,2.902359724,-3.53718996,0.1577124149
scoop_total133g_signminus_offset266_set16,스쿱,scoop_total_133g,133,8,9,-0.3872103989,1.903387904,1.16554153,2.902359724,-3.53718996,0.1577124149
scoop_total133g_signminus_offset266_set16,스쿱,scoop_total_133g,133,8,10,-0.4105241597,1.887993097,1.215466022,2.902363539,-3.537191868,0.1604656428
scoop_total133g_signminus_offset266_set16,스쿱,scoop_total_133g,133,9,1,-0.5487705469,1.85067153,1.266324043,2.902354479,-3.537187099,0.1539374292
scoop_total133g_signminus_offset266_set16,스쿱,scoop_total_133g,133,9,2,-0.5625349283,1.823642731,1.255535245,2.902355909,-3.537188053,0.1551150829
scoop_total133g_signminus_offset266_set16,스쿱,scoop_total_133g,133,9,3,-0.5625349283,1.823642731,1.255535245,2.902355909,-3.537188053,0.1551150829
scoop_total133g_signminus_offset266_set16,스쿱,scoop_total_133g,133,9,4,-0.5589994788,1.849280477,1.268427372,2.902354717,-3.537187338,0.1541666389
scoop_total133g_signminus_offset266_set16,스쿱,scoop_total_133g,133,9,5,-0.5589994788,1.849280477,1.268427372,2.902354717,-3.537187338,0.1541666389
scoop_total133g_signminus_offset266_set16,스쿱,scoop_total_133g,133,9,6,-0.5522921085,1.887381911,1.277801871,2.902353525,-3.537186861,0.1534354091
scoop_total133g_signminus_offset266_set16,스쿱,scoop_total_133g,133,9,7,-0.5522921085,1.887381911,1.277801871,2.902353525,-3.537186861,0.1534354091
scoop_total133g_signminus_offset266_set16,스쿱,scoop_total_133g,133,9,8,-0.5740836859,1.8910079,1.311236143,2.902353287,-3.537186623,0.1532059759
scoop_total133g_signminus_offset266_set16,스쿱,scoop_total_133g,133,9,9,-0.5740836859,1.8910079,1.311236143,2.902353287,-3.537186623,0.1532059759
scoop_total133g_signminus_offset266_set16,스쿱,scoop_total_133g,133,9,10,-0.5716108084,1.866471291,1.296227574,2.902350187,-3.537185192,0.1509940177
scoop_total133g_signminus_offset266_set16,스쿱,scoop_total_133g,133,10,1,-0.6393407583,1.889296055,1.218795657,2.90235281,-3.537186384,0.152911216
scoop_total133g_signminus_offset266_set16,스쿱,scoop_total_133g,133,10,2,-0.6527122259,1.870261192,1.233059645,2.902351856,-3.537185907,0.152203992
scoop_total133g_signminus_offset266_set16,스쿱,scoop_total_133g,133,10,3,-0.6527122259,1.870261192,1.233059645,2.902351856,-3.537185907,0.152203992
scoop_total133g_signminus_offset266_set16,스쿱,scoop_total_133g,133,10,4,-0.6436730623,1.912107587,1.231403828,2.902348757,-3.537184477,0.1501212567
scoop_total133g_signminus_offset266_set16,스쿱,scoop_total_133g,133,10,5,-0.6436730623,1.912107587,1.231403828,2.902348757,-3.537184477,0.1501212567
scoop_total133g_signminus_offset266_set16,스쿱,scoop_total_133g,133,10,6,-0.6120609641,1.965800524,1.245296478,2.902358532,-3.537189245,0.1568738073
scoop_total133g_signminus_offset266_set16,스쿱,scoop_total_133g,133,10,7,-0.6500502229,1.960927606,1.210071564,2.902356863,-3.53718853,0.1556878537
scoop_total133g_signminus_offset266_set16,스쿱,scoop_total_133g,133,10,8,-0.6500502229,1.960927606,1.210071564,2.902356863,-3.53718853,0.1556878537
scoop_total133g_signminus_offset266_set16,스쿱,scoop_total_133g,133,10,9,-0.6858446002,1.886565566,1.20918107,2.902350187,-3.537185192,0.1509889215
scoop_total133g_signminus_offset266_set16,스쿱,scoop_total_133g,133,10,10,-0.6858446002,1.886565566,1.20918107,2.902350187,-3.537185192,0.1509889215
scoop_total133g_signminus_offset266_set16,스쿱,scoop_total_133g,133,11,1,-0.6809774041,1.953363419,1.168993711,2.902348757,-3.537184477,0.1500265896
scoop_total133g_signminus_offset266_set16,스쿱,scoop_total_133g,133,11,2,-0.6809774041,1.953363419,1.168993711,2.902348757,-3.537184477,0.1500265896
scoop_total133g_signminus_offset266_set16,스쿱,scoop_total_133g,133,11,3,-0.67935431,1.935946107,1.145752192,2.902356386,-3.537188292,0.1554583758
scoop_total133g_signminus_offset266_set16,스쿱,scoop_total_133g,133,11,4,-0.67935431,1.935946107,1.145752192,2.902356386,-3.537188292,0.1554583758
scoop_total133g_signminus_offset266_set16,스쿱,scoop_total_133g,133,11,5,-0.6832447052,1.942961335,1.140191197,2.902353764,-3.537186861,0.153561756
scoop_total133g_signminus_offset266_set16,스쿱,scoop_total_133g,133,11,6,-0.6832447052,1.942961335,1.140191197,2.902353764,-3.537186861,0.153561756
scoop_total133g_signminus_offset266_set16,스쿱,scoop_total_133g,133,11,7,-0.6798797846,1.932901144,1.13427496,2.90235424,-3.537187099,0.153878063
scoop_total133g_signminus_offset266_set16,스쿱,scoop_total_133g,133,11,8,-0.6809369922,1.949652672,1.127844691,2.902350903,-3.537185431,0.1514965296
scoop_total133g_signminus_offset266_set16,스쿱,scoop_total_133g,133,11,9,-0.6809369922,1.949652672,1.127844691,2.902350903,-3.537185431,0.1514965296
scoop_total133g_signminus_offset266_set16,스쿱,scoop_total_133g,133,11,10,-0.6912220716,1.942128062,1.138371348,2.902357817,-3.537189007,0.1564480662
scoop_total133g_signminus_offset266_set16,스쿱,scoop_total_133g,133,12,1,-0.5968737006,1.846086264,1.06776762,2.90235424,-3.537187099,0.1538642496
scoop_total133g_signminus_offset266_set16,스쿱,scoop_total_133g,133,12,2,-0.5968737006,1.846086264,1.06776762,2.90235424,-3.537187099,0.1538642496
scoop_total133g_signminus_offset266_set16,스쿱,scoop_total_133g,133,12,3,-0.5375956893,1.910665035,0.9957737923,2.902360201,-3.537190199,0.1580203623
scoop_total133g_signminus_offset266_set16,스쿱,scoop_total_133g,133,12,4,-0.5375956893,1.910665035,0.9957737923,2.902360201,-3.537190199,0.1580203623
scoop_total133g_signminus_offset266_set16,스쿱,scoop_total_133g,133,12,5,-0.4917000532,2.011936665,0.9928687215,2.902360201,-3.537190199,0.1580705345
scoop_total133g_signminus_offset266_set16,스쿱,scoop_total_133g,133,12,6,-0.4917000532,2.011936665,0.9928687215,2.902360201,-3.537190199,0.1580705345
scoop_total133g_signminus_offset266_set16,스쿱,scoop_total_133g,133,12,7,-0.5080014467,1.98636651,1.074653625,2.902357578,-3.537188768,0.1562608927
scoop_total133g_signminus_offset266_set16,스쿱,scoop_total_133g,133,12,8,-0.5080014467,1.98636651,1.074653625,2.902357578,-3.537188768,0.1562608927
scoop_total133g_signminus_offset266_set16,스쿱,scoop_total_133g,133,12,9,-0.5536734462,1.904450536,1.180695891,2.90235424,-3.537187099,0.1538808197
scoop_total133g_signminus_offset266_set16,스쿱,scoop_total_133g,133,12,10,-0.5536734462,1.904450536,1.180695891,2.90235424,-3.537187099,0.1538808197
scoop_total133g_signminus_offset266_set16,스쿱,scoop_total_133g,133,13,1,-0.4658021927,1.832120657,1.163716197,2.902349949,-3.537185192,0.1509365439
scoop_total133g_signminus_offset266_set16,스쿱,scoop_total_133g,133,13,2,-0.4658021927,1.832120657,1.163716197,2.902349949,-3.537185192,0.1509365439
scoop_total133g_signminus_offset266_set16,스쿱,scoop_total_133g,133,13,3,-0.4312082231,1.828997493,1.167982936,2.902355194,-3.537187815,0.1546264142
scoop_total133g_signminus_offset266_set16,스쿱,scoop_total_133g,133,13,4,-0.4312082231,1.828997493,1.167982936,2.902355194,-3.537187815,0.1546264142
scoop_total133g_signminus_offset266_set16,스쿱,scoop_total_133g,133,13,5,-0.4277863204,1.830479503,1.160765171,2.902358294,-3.537189245,0.1566877514
scoop_total133g_signminus_offset266_set16,스쿱,scoop_total_133g,133,13,6,-0.4277863204,1.830479503,1.160765171,2.902358294,-3.537189245,0.1566877514
scoop_total133g_signminus_offset266_set16,스쿱,scoop_total_133g,133,13,7,-0.4370180666,1.801899076,1.149726748,2.902353287,-3.537186623,0.153186962
scoop_total133g_signminus_offset266_set16,스쿱,scoop_total_133g,133,13,8,-0.4370180666,1.801899076,1.149726748,2.902353287,-3.537186623,0.153186962
scoop_total133g_signminus_offset266_set16,스쿱,scoop_total_133g,133,13,9,-0.4416512251,1.825398326,1.167461634,2.90234971,-3.537184954,0.1507845968
scoop_total133g_signminus_offset266_set16,스쿱,scoop_total_133g,133,13,10,-0.4416512251,1.825398326,1.167461634,2.90234971,-3.537184954,0.1507845968
scoop_total133g_signminus_offset266_set16,스쿱,scoop_total_133g,133,14,1,-0.3720275164,1.785895586,1.185834408,2.902352571,-3.537186384,0.1527925432
scoop_total133g_signminus_offset266_set16,스쿱,scoop_total_133g,133,14,2,-0.3720275164,1.785895586,1.185834408,2.902352571,-3.537186384,0.1527925432
scoop_total133g_signminus_offset266_set16,스쿱,scoop_total_133g,133,14,3,-0.3653116226,1.754103065,1.188472629,2.902351379,-3.537185669,0.15189071
scoop_total133g_signminus_offset266_set16,스쿱,scoop_total_133g,133,14,4,-0.3653116226,1.754103065,1.188472629,2.902351379,-3.537185669,0.15189071
scoop_total133g_signminus_offset266_set16,스쿱,scoop_total_133g,133,14,5,-0.3656053245,1.769797325,1.169536948,2.902351618,-3.537185907,0.1521337479
scoop_total133g_signminus_offset266_set16,스쿱,scoop_total_133g,133,14,6,-0.3656053245,1.769797325,1.169536948,2.902351618,-3.537185907,0.1521337479
scoop_total133g_signminus_offset266_set16,스쿱,scoop_total_133g,133,14,7,-0.3578888774,1.791686058,1.221762896,2.902354002,-3.537187099,0.153679356
scoop_total133g_signminus_offset266_set16,스쿱,scoop_total_133g,133,14,8,-0.3578888774,1.791686058,1.221762896,2.902354002,-3.537187099,0.153679356
scoop_total133g_signminus_offset266_set16,스쿱,scoop_total_133g,133,14,9,-0.3808995485,1.810776949,1.232599735,2.902355909,-3.537188053,0.1550692618
scoop_total133g_signminus_offset266_set16,스쿱,scoop_total_133g,133,14,10,-0.3808995485,1.810776949,1.232599735,2.902355909,-3.537188053,0.1550692618
scoop_total133g_signminus_offset266_set16,스쿱,scoop_total_133g,133,15,1,-0.4418159723,1.79046464,1.178240299,2.902356148,-3.537188292,0.1552829295
scoop_total133g_signminus_offset266_set16,스쿱,scoop_total_133g,133,15,2,-0.4418159723,1.79046464,1.178240299,2.902356148,-3.537188292,0.1552829295
scoop_total133g_signminus_offset266_set16,스쿱,scoop_total_133g,133,15,3,-0.4837911427,1.75157094,1.191913843,2.902347803,-3.537184,0.1494137794
scoop_total133g_signminus_offset266_set16,스쿱,scoop_total_133g,133,15,4,-0.4837911427,1.75157094,1.191913843,2.902347803,-3.537184,0.1494137794
scoop_total133g_signminus_offset266_set16,스쿱,scoop_total_133g,133,15,5,-0.4569734335,1.757438064,1.173175931,2.902353764,-3.537186861,0.1535862088
scoop_total133g_signminus_offset266_set16,스쿱,scoop_total_133g,133,15,6,-0.4569734335,1.757438064,1.173175931,2.902353764,-3.537186861,0.1535862088
scoop_total133g_signminus_offset266_set16,스쿱,scoop_total_133g,133,15,7,-0.4315819442,1.817795873,1.154476643,2.902356625,-3.537188292,0.1554998159
scoop_total133g_signminus_offset266_set16,스쿱,scoop_total_133g,133,15,8,-0.403723985,1.881588101,1.14790225,2.902354479,-3.537187338,0.1540474892
scoop_total133g_signminus_offset266_set16,스쿱,scoop_total_133g,133,15,9,-0.403723985,1.881588101,1.14790225,2.902354479,-3.537187338,0.1540474892
scoop_total133g_signminus_offset266_set16,스쿱,scoop_total_133g,133,15,10,-0.4343439341,1.895309567,1.143775344,2.902358532,-3.537189484,0.1569370329
scoop_total133g_signminus_offset266_set16,스쿱,scoop_total_133g,133,16,1,-0.5190994143,1.908304811,1.137534142,2.902355909,-3.537188053,0.1551334858
scoop_total133g_signminus_offset266_set16,스쿱,scoop_total_133g,133,16,2,-0.5190994143,1.908304811,1.137534142,2.902355909,-3.537188053,0.1551334858
scoop_total133g_signminus_offset266_set16,스쿱,scoop_total_133g,133,16,3,-0.5262002945,1.905190229,1.109198093,2.902348518,-3.537184477,0.1499232203
scoop_total133g_signminus_offset266_set16,스쿱,scoop_total_133g,133,16,4,-0.5262002945,1.905190229,1.109198093,2.902348518,-3.537184477,0.1499232203
scoop_total133g_signminus_offset266_set16,스쿱,scoop_total_133g,133,16,5,-0.5687727928,1.876280904,1.102493644,2.902352571,-3.537186384,0.1527567208
scoop_total133g_signminus_offset266_set16,스쿱,scoop_total_133g,133,16,6,-0.5722885728,1.875841498,1.102895856,2.902356148,-3.537188053,0.1551685482
scoop_total133g_signminus_offset266_set16,스쿱,scoop_total_133g,133,16,7,-0.5722885728,1.875841498,1.102895856,2.902356148,-3.537188053,0.1551685482
scoop_total133g_signminus_offset266_set16,스쿱,scoop_total_133g,133,16,8,-0.571611166,1.849395633,1.107954025,2.902351618,-3.537185907,0.1520942748
scoop_total133g_signminus_offset266_set16,스쿱,scoop_total_133g,133,16,9,-0.571611166,1.849395633,1.107954025,2.902351618,-3.537185907,0.1520942748
scoop_total133g_signminus_offset266_set16,스쿱,scoop_total_133g,133,16,10,-0.5530922413,1.874224186,1.123199582,2.902343035,-3.537181616,0.1461022645
scoop_total133g_signminus_offset266_set16,스쿱,scoop_total_133g,133,17,1,-0.6319919825,1.953351021,1.152513385,2.902354002,-3.537187099,0.1537836492
scoop_total133g_signminus_offset266_set16,스쿱,scoop_total_133g,133,17,2,-0.6319919825,1.953351021,1.152513385,2.902354002,-3.537187099,0.1537836492
scoop_total133g_signminus_offset266_set16,스쿱,scoop_total_133g,133,17,3,-0.646910727,1.945512652,1.127691746,2.902353287,-3.537186623,0.1531734765
scoop_total133g_signminus_offset266_set16,스쿱,scoop_total_133g,133,17,4,-0.646910727,1.945512652,1.127691746,2.902353287,-3.537186623,0.1531734765
scoop_total133g_signminus_offset266_set16,스쿱,scoop_total_133g,133,17,5,-0.6486269832,1.936741233,1.140917897,2.902354002,-3.537187099,0.153795898
scoop_total133g_signminus_offset266_set16,스쿱,scoop_total_133g,133,17,6,-0.6493145227,1.93069756,1.136638284,2.902348995,-3.537184477,0.15021649
scoop_total133g_signminus_offset266_set16,스쿱,scoop_total_133g,133,17,7,-0.6493145227,1.93069756,1.136638284,2.902348995,-3.537184477,0.15021649
scoop_total133g_signminus_offset266_set16,스쿱,scoop_total_133g,133,17,8,-0.6520466208,1.903223753,1.10915482,2.902351856,-3.537185907,0.1522076428
scoop_total133g_signminus_offset266_set16,스쿱,scoop_total_133g,133,17,9,-0.6520466208,1.903223753,1.10915482,2.902351856,-3.537185907,0.1522076428
scoop_total133g_signminus_offset266_set16,스쿱,scoop_total_133g,133,17,10,-0.6473734379,1.928573489,1.10292387,2.902352333,-3.537186146,0.1525005251
scoop_total133g_signminus_offset266_set16,스쿱,scoop_total_133g,133,18,1,-0.6120636463,1.971510172,1.323057652,2.902349472,-3.537184954,0.1505869925
scoop_total133g_signminus_offset266_set16,스쿱,scoop_total_133g,133,18,2,-0.6120636463,1.971510172,1.323057652,2.902349472,-3.537184954,0.1505869925
scoop_total133g_signminus_offset266_set16,스쿱,scoop_total_133g,133,18,3,-0.5956181288,1.950012445,1.316274643,2.902347326,-3.537183762,0.1490221918
scoop_total133g_signminus_offset266_set16,스쿱,scoop_total_133g,133,18,4,-0.5956181288,1.950012445,1.316274643,2.902347326,-3.537183762,0.1490221918
scoop_total133g_signminus_offset266_set16,스쿱,scoop_total_133g,133,18,5,-0.5930491686,1.928117275,1.281109452,2.902348042,-3.537184238,0.1496060491
scoop_total133g_signminus_offset266_set16,스쿱,scoop_total_133g,133,18,6,-0.5930491686,1.928117275,1.281109452,2.902348042,-3.537184238,0.1496060491
scoop_total133g_signminus_offset266_set16,스쿱,scoop_total_133g,133,18,7,-0.5721390843,1.934751272,1.272117972,2.902356863,-3.53718853,0.1557707042
scoop_total133g_signminus_offset266_set16,스쿱,scoop_total_133g,133,18,8,-0.5721390843,1.934751272,1.272117972,2.902356863,-3.53718853,0.1557707042
scoop_total133g_signminus_offset266_set16,스쿱,scoop_total_133g,133,18,9,-0.5776775479,1.926869988,1.2733078,2.902353525,-3.537186861,0.1533933729
scoop_total133g_signminus_offset266_set16,스쿱,scoop_total_133g,133,18,10,-0.5776775479,1.926869988,1.2733078,2.902353525,-3.537186861,0.1533933729
scoop_total133g_signminus_offset266_set16,스쿱,scoop_total_133g,133,19,1,-0.42577824,1.873320937,1.224355221,2.902345896,-3.537183046,0.1481319219
scoop_total133g_signminus_offset266_set16,스쿱,scoop_total_133g,133,19,2,-0.4173273146,1.860437632,1.229529738,2.902351618,-3.537185907,0.1520743519
scoop_total133g_signminus_offset266_set16,스쿱,scoop_total_133g,133,19,3,-0.4173273146,1.860437632,1.229529738,2.902351618,-3.537185907,0.1520743519
scoop_total133g_signminus_offset266_set16,스쿱,scoop_total_133g,133,19,4,-0.4160587788,1.853643656,1.241595387,2.90234971,-3.537184954,0.1507883221
scoop_total133g_signminus_offset266_set16,스쿱,scoop_total_133g,133,19,5,-0.4160587788,1.853643656,1.241595387,2.90234971,-3.537184954,0.1507883221
scoop_total133g_signminus_offset266_set16,스쿱,scoop_total_133g,133,19,6,-0.4302100837,1.864185095,1.24211359,2.902350187,-3.537185192,0.1511118263
scoop_total133g_signminus_offset266_set16,스쿱,scoop_total_133g,133,19,7,-0.4302100837,1.864185095,1.24211359,2.902350187,-3.537185192,0.1511118263
scoop_total133g_signminus_offset266_set16,스쿱,scoop_total_133g,133,19,8,-0.4070158303,1.818651438,1.234259486,2.902346611,-3.537183285,0.1485345066
scoop_total133g_signminus_offset266_set16,스쿱,scoop_total_133g,133,19,9,-0.4070158303,1.818651438,1.234259486,2.902346611,-3.537183285,0.1485345066
scoop_total133g_signminus_offset266_set16,스쿱,scoop_total_133g,133,19,10,-0.4365430176,1.803024888,1.240046144,2.902350903,-3.537185431,0.1514986306
scoop_total133g_signminus_offset266_set16,스쿱,scoop_total_133g,133,20,1,-0.4652818143,1.831856728,1.298598528,2.902350903,-3.537185431,0.1515554339
scoop_total133g_signminus_offset266_set16,스쿱,scoop_total_133g,133,20,2,-0.4952069819,1.777599335,1.307784438,2.902346373,-3.537183285,0.1484475136
scoop_total133g_signminus_offset266_set16,스쿱,scoop_total_133g,133,20,3,-0.4952069819,1.777599335,1.307784438,2.902346373,-3.537183285,0.1484475136
scoop_total133g_signminus_offset266_set16,스쿱,scoop_total_133g,133,20,4,-0.4675850272,1.816772819,1.328417897,2.902349472,-3.537184954,0.1506320238
scoop_total133g_signminus_offset266_set16,스쿱,scoop_total_133g,133,20,5,-0.464620024,1.806456566,1.319010496,2.902353048,-3.537186623,0.1530327648
scoop_total133g_signminus_offset266_set16,스쿱,scoop_total_133g,133,20,6,-0.464620024,1.806456566,1.319010496,2.902353048,-3.537186623,0.1530327648
scoop_total133g_signminus_offset266_set16,스쿱,scoop_total_133g,133,20,7,-0.4509162009,1.825585604,1.317415476,2.902353048,-3.537186623,0.1531240195
scoop_total133g_signminus_offset266_set16,스쿱,scoop_total_133g,133,20,8,-0.4509162009,1.825585604,1.317415476,2.902353048,-3.537186623,0.1531240195
scoop_total133g_signminus_offset266_set16,스쿱,scoop_total_133g,133,20,9,-0.4429181218,1.811368823,1.250411868,2.902352095,-3.537186146,0.1523456275
scoop_total133g_signminus_offset266_set16,스쿱,scoop_total_133g,133,20,10,-0.4429181218,1.811368823,1.250411868,2.902352095,-3.537186146,0.1523456275
scoop_total133g_signminus_offset266_set16,스쿱,scoop_total_133g,133,21,1,-0.5232978463,1.845626831,1.185432792,2.902352095,-3.537186146,0.1523224711
scoop_total133g_signminus_offset266_set16,스쿱,scoop_total_133g,133,21,2,-0.53570503,1.86002326,1.163613081,2.902353048,-3.537186623,0.1530532241
scoop_total133g_signminus_offset266_set16,스쿱,scoop_total_133g,133,21,3,-0.53570503,1.86002326,1.163613081,2.902353048,-3.537186623,0.1530532241
scoop_total133g_signminus_offset266_set16,스쿱,scoop_total_133g,133,21,4,-0.5073444247,1.901270032,1.149589658,2.902355671,-3.537188053,0.1549551636
scoop_total133g_signminus_offset266_set16,스쿱,scoop_total_133g,133,21,5,-0.5073444247,1.901270032,1.149589658,2.902355671,-3.537188053,0.1549551636
scoop_total133g_signminus_offset266_set16,스쿱,scoop_total_133g,133,21,6,-0.5058089495,1.912494898,1.157142878,2.902351856,-3.537185907,0.1522345841
scoop_total133g_signminus_offset266_set16,스쿱,scoop_total_133g,133,21,7,-0.5058089495,1.912494898,1.157142878,2.902351856,-3.537185907,0.1522345841
scoop_total133g_signminus_offset266_set16,스쿱,scoop_total_133g,133,21,8,-0.543546617,1.871639132,1.177759171,2.902349234,-3.537184715,0.1504090577
scoop_total133g_signminus_offset266_set16,스쿱,scoop_total_133g,133,21,9,-0.543546617,1.871639132,1.177759171,2.902349234,-3.537184715,0.1504090577
scoop_total133g_signminus_offset266_set16,스쿱,scoop_total_133g,133,21,10,-0.5641416907,1.829911351,1.17946279,2.902350903,-3.537185669,0.151633352
scoop_total133g_signminus_offset266_set16,스쿱,scoop_total_133g,133,22,1,-0.6318050027,1.893241167,1.156045079,2.902351856,-3.537185907,0.1522255838
scoop_total133g_signminus_offset266_set16,스쿱,scoop_total_133g,133,22,2,-0.6413903832,1.856972575,1.110649228,2.902348757,-3.537184477,0.1500964165
scoop_total133g_signminus_offset266_set16,스쿱,scoop_total_133g,133,22,3,-0.6413903832,1.856972575,1.110649228,2.902348757,-3.537184477,0.1500964165
scoop_total133g_signminus_offset266_set16,스쿱,scoop_total_133g,133,22,4,-0.6090043187,1.893583655,1.086327672,2.902346611,-3.537183285,0.148532331
scoop_total133g_signminus_offset266_set16,스쿱,scoop_total_133g,133,22,5,-0.6090043187,1.893583655,1.086327672,2.902346611,-3.537183285,0.148532331
scoop_total133g_signminus_offset266_set16,스쿱,scoop_total_133g,133,22,6,-0.571664691,1.949900866,1.076345682,2.902351379,-3.537185907,0.151935637
scoop_total133g_signminus_offset266_set16,스쿱,scoop_total_133g,133,22,7,-0.571664691,1.949900866,1.076345682,2.902351379,-3.537185907,0.151935637
scoop_total133g_signminus_offset266_set16,스쿱,scoop_total_133g,133,22,8,-0.5547579527,1.962295175,1.066889882,2.902350903,-3.537185431,0.1514813304
scoop_total133g_signminus_offset266_set16,스쿱,scoop_total_133g,133,22,9,-0.5547579527,1.962295175,1.066889882,2.902350903,-3.537185431,0.1514813304
scoop_total133g_signminus_offset266_set16,스쿱,scoop_total_133g,133,22,10,-0.6018745899,1.922692418,1.044767737,2.902354002,-3.537187099,0.1537474543
scoop_total133g_signminus_offset266_set16,스쿱,scoop_total_133g,133,23,1,-0.5762839317,2.011535883,1.151040554,2.902356386,-3.537188292,0.1553412378
scoop_total133g_signminus_offset266_set16,스쿱,scoop_total_133g,133,23,2,-0.5762839317,2.011535883,1.151040554,2.902356386,-3.537188292,0.1553412378
scoop_total133g_signminus_offset266_set16,스쿱,scoop_total_133g,133,23,3,-0.6023972034,1.925452709,1.173861861,2.90235281,-3.537186623,0.1529690921
scoop_total133g_signminus_offset266_set16,스쿱,scoop_total_133g,133,23,4,-0.6023972034,1.925452709,1.173861861,2.90235281,-3.537186623,0.1529690921
scoop_total133g_signminus_offset266_set16,스쿱,scoop_total_133g,133,23,5,-0.6253738403,1.89452219,1.186317921,2.902351379,-3.537185669,0.1518423557
scoop_total133g_signminus_offset266_set16,스쿱,scoop_total_133g,133,23,6,-0.6253738403,1.89452219,1.186317921,2.902351379,-3.537185669,0.1518423557
scoop_total133g_signminus_offset266_set16,스쿱,scoop_total_133g,133,23,7,-0.6444138288,1.871678352,1.211066723,2.90234971,-3.537184954,0.1507207006
scoop_total133g_signminus_offset266_set16,스쿱,scoop_total_133g,133,23,8,-0.6444138288,1.871678352,1.211066723,2.90234971,-3.537184954,0.1507207006
scoop_total133g_signminus_offset266_set16,스쿱,scoop_total_133g,133,23,9,-0.6343948841,1.869819999,1.201293826,2.902347088,-3.537183762,0.1489158124
scoop_total133g_signminus_offset266_set16,스쿱,scoop_total_133g,133,23,10,-0.6343948841,1.869819999,1.201293826,2.902347088,-3.537183762,0.1489158124
scoop_total133g_signminus_offset266_set16,스쿱,scoop_total_133g,133,24,1,-0.5285544991,1.877843976,1.160554528,2.90234828,-3.537184238,0.1497020423
scoop_total133g_signminus_offset266_set16,스쿱,scoop_total_133g,133,24,2,-0.5285544991,1.877843976,1.160554528,2.90234828,-3.537184238,0.1497020423
scoop_total133g_signminus_offset266_set16,스쿱,scoop_total_133g,133,24,3,-0.5163892508,1.846246123,1.159163475,2.902348042,-3.537184,0.1494977772
scoop_total133g_signminus_offset266_set16,스쿱,scoop_total_133g,133,24,4,-0.5163892508,1.846246123,1.159163475,2.902348042,-3.537184,0.1494977772
scoop_total133g_signminus_offset266_set16,스쿱,scoop_total_133g,133,24,5,-0.511754632,1.86130774,1.166024208,2.902344227,-3.537182331,0.1469486952
scoop_total133g_signminus_offset266_set16,스쿱,scoop_total_133g,133,24,6,-0.511754632,1.86130774,1.166024208,2.902344227,-3.537182331,0.1469486952
scoop_total133g_signminus_offset266_set16,스쿱,scoop_total_133g,133,24,7,-0.4843524992,1.905452251,1.224722743,2.902349472,-3.537184954,0.1505807042
scoop_total133g_signminus_offset266_set16,스쿱,scoop_total_133g,133,24,8,-0.4843524992,1.905452251,1.224722743,2.902349472,-3.537184954,0.1505807042
scoop_total133g_signminus_offset266_set16,스쿱,scoop_total_133g,133,24,9,-0.5063954592,1.907903671,1.267312288,2.902346611,-3.537183285,0.148498252
scoop_total133g_signminus_offset266_set16,스쿱,scoop_total_133g,133,24,10,-0.5063954592,1.907903671,1.267312288,2.902346611,-3.537183285,0.148498252
scoop_total133g_signminus_offset266_set16,스쿱,scoop_total_133g,133,25,1,-0.4173143804,1.807124257,1.211442113,2.90234971,-3.537184954,0.1507086754
scoop_total133g_signminus_offset266_set16,스쿱,scoop_total_133g,133,25,2,-0.4173143804,1.807124257,1.211442113,2.90234971,-3.537184954,0.1507086754
scoop_total133g_signminus_offset266_set16,스쿱,scoop_total_133g,133,25,3,-0.4042485058,1.826319814,1.19563365,2.902347088,-3.537183762,0.1489561349
scoop_total133g_signminus_offset266_set16,스쿱,scoop_total_133g,133,25,4,-0.4042485058,1.826319814,1.19563365,2.902347088,-3.537183762,0.1489561349
scoop_total133g_signminus_offset266_set16,스쿱,scoop_total_133g,133,25,5,-0.4222244322,1.816859484,1.187699795,2.90234971,-3.537184954,0.1507320851
scoop_total133g_signminus_offset266_set16,스쿱,scoop_total_133g,133,25,6,-0.4222244322,1.816859484,1.187699795,2.90234971,-3.537184954,0.1507320851
scoop_total133g_signminus_offset266_set16,스쿱,scoop_total_133g,133,25,7,-0.4068273604,1.818230629,1.196802258,2.902353287,-3.537186623,0.1531677693
scoop_total133g_signminus_offset266_set16,스쿱,scoop_total_133g,133,25,8,-0.4068273604,1.818230629,1.196802258,2.902353287,-3.537186623,0.1531677693
scoop_total133g_signminus_offset266_set16,스쿱,scoop_total_133g,133,25,9,-0.3917865455,1.816339016,1.205280066,2.902355433,-3.537187815,0.1546766162
scoop_total133g_signminus_offset266_set16,스쿱,scoop_total_133g,133,25,10,-0.3917865455,1.816339016,1.205280066,2.902355433,-3.537187815,0.1546766162
scoop_total133g_signminus_offset266_set16,스쿱,scoop_total_133g,133,26,1,-0.3710107207,1.87721765,1.245747805,2.902348518,-3.537184238,0.1498678923
scoop_total133g_signminus_offset266_set16,스쿱,scoop_total_133g,133,26,2,-0.3655373156,1.878337622,1.268252254,2.902347565,-3.537183762,0.1491943151
scoop_total133g_signminus_offset266_set16,스쿱,scoop_total_133g,133,26,3,-0.3655373156,1.878337622,1.268252254,2.902347565,-3.537183762,0.1491943151
scoop_total133g_signminus_offset266_set16,스쿱,scoop_total_133g,133,26,4,-0.3893555403,1.854010344,1.280698061,2.902345181,-3.537182808,0.1475721151
scoop_total133g_signminus_offset266_set16,스쿱,scoop_total_133g,133,26,5,-0.3893555403,1.854010344,1.280698061,2.902345181,-3.537182808,0.1475721151
scoop_total133g_signminus_offset266_set16,스쿱,scoop_total_133g,133,26,6,-0.4254847169,1.777562976,1.254397392,2.902347088,-3.537183523,0.1488084644
scoop_total133g_signminus_offset266_set16,스쿱,scoop_total_133g,133,26,7,-0.4372483194,1.747887492,1.212247133,2.902347326,-3.537183762,0.1489791423
scoop_total133g_signminus_offset266_set16,스쿱,scoop_total_133g,133,26,8,-0.4372483194,1.747887492,1.212247133,2.902347326,-3.537183762,0.1489791423
scoop_total133g_signminus_offset266_set16,스쿱,scoop_total_133g,133,26,9,-0.3987782896,1.806774378,1.226265788,2.902352571,-3.537186384,0.1527132392
scoop_total133g_signminus_offset266_set16,스쿱,scoop_total_133g,133,26,10,-0.3987782896,1.806774378,1.226265788,2.902352571,-3.537186384,0.1527132392
scoop_total133g_signminus_offset266_set16,스쿱,scoop_total_133g,133,27,1,-0.4522641599,1.845422387,1.175735116,2.902352095,-3.537186146,0.1523864567
scoop_total133g_signminus_offset266_set16,스쿱,scoop_total_133g,133,27,2,-0.4685626626,1.851357222,1.157816291,2.902350664,-3.537185431,0.1514119506
scoop_total133g_signminus_offset266_set16,스쿱,scoop_total_133g,133,27,3,-0.4685626626,1.851357222,1.157816291,2.902350664,-3.537185431,0.1514119506
scoop_total133g_signminus_offset266_set16,스쿱,scoop_total_133g,133,27,4,-0.4715381265,1.845168948,1.173712969,2.902355433,-3.537187815,0.154676944
scoop_total133g_signminus_offset266_set16,스쿱,scoop_total_133g,133,27,5,-0.4715381265,1.845168948,1.173712969,2.902355433,-3.537187815,0.154676944
scoop_total133g_signminus_offset266_set16,스쿱,scoop_total_133g,133,27,6,-0.4570325613,1.871536016,1.175155759,2.902351379,-3.537185669,0.1519055665
scoop_total133g_signminus_offset266_set16,스쿱,scoop_total_133g,133,27,7,-0.4570325613,1.871536016,1.175155759,2.902351379,-3.537185669,0.1519055665
scoop_total133g_signminus_offset266_set16,스쿱,scoop_total_133g,133,27,8,-0.4666694701,1.877029181,1.147533655,2.902349949,-3.537185192,0.150927946
scoop_total133g_signminus_offset266_set16,스쿱,scoop_total_133g,133,27,9,-0.4666694701,1.877029181,1.147533655,2.902349949,-3.537185192,0.150927946
scoop_total133g_signminus_offset266_set16,스쿱,scoop_total_133g,133,27,10,-0.4839952588,1.870131373,1.156767845,2.902353048,-3.537186623,0.1531308889
scoop_total133g_signminus_offset266_set16,스쿱,scoop_total_133g,133,28,1,-0.5352403522,2.036404133,1.225358486,2.902359962,-3.53718996,0.1578298509
scoop_total133g_signminus_offset266_set16,스쿱,scoop_total_133g,133,28,2,-0.5556643009,1.989581347,1.216958523,2.902360678,-3.537190437,0.1584295779
scoop_total133g_signminus_offset266_set16,스쿱,scoop_total_133g,133,28,3,-0.5556643009,1.989581347,1.216958523,2.902360678,-3.537190437,0.1584295779
scoop_total133g_signminus_offset266_set16,스쿱,scoop_total_133g,133,28,4,-0.5992016792,1.896317601,1.202691913,2.902360201,-3.537190199,0.1580159217
scoop_total133g_signminus_offset266_set16,스쿱,scoop_total_133g,133,28,5,-0.5992016792,1.896317601,1.202691913,2.902360201,-3.537190199,0.1580159217
scoop_total133g_signminus_offset266_set16,스쿱,scoop_total_133g,133,28,6,-0.5889869928,1.916553259,1.192085862,2.902351379,-3.537185669,0.1518157721
scoop_total133g_signminus_offset266_set16,스쿱,scoop_total_133g,133,28,7,-0.5862826705,1.924314499,1.198217869,2.902355194,-3.537187815,0.1546313316
scoop_total133g_signminus_offset266_set16,스쿱,scoop_total_133g,133,28,8,-0.5862826705,1.924314499,1.198217869,2.902355194,-3.537187815,0.1546313316
scoop_total133g_signminus_offset266_set16,스쿱,scoop_total_133g,133,28,9,-0.5904838443,1.930315495,1.182943583,2.902347803,-3.537184,0.1493349522
scoop_total133g_signminus_offset266_set16,스쿱,scoop_total_133g,133,28,10,-0.5904838443,1.930315495,1.182943583,2.902347803,-3.537184,0.1493349522
scoop_total133g_signminus_offset266_set16,스쿱,scoop_total_133g,133,29,1,-0.6324394941,1.953097582,1.165318251,2.902356148,-3.537188292,0.1552752554
scoop_total133g_signminus_offset266_set16,스쿱,scoop_total_133g,133,29,2,-0.6387848854,1.961473227,1.195848942,2.902356148,-3.537188053,0.1552155018
scoop_total133g_signminus_offset266_set16,스쿱,scoop_total_133g,133,29,3,-0.6387848854,1.961473227,1.195848942,2.902356148,-3.537188053,0.1552155018
scoop_total133g_signminus_offset266_set16,스쿱,scoop_total_133g,133,29,4,-0.6376780272,1.939208508,1.228720307,2.902354002,-3.537187099,0.1537201852
scoop_total133g_signminus_offset266_set16,스쿱,scoop_total_133g,133,29,5,-0.6376780272,1.939208508,1.228720307,2.902354002,-3.537187099,0.1537201852
scoop_total133g_signminus_offset266_set16,스쿱,scoop_total_133g,133,29,6,-0.6574739218,1.949272394,1.234854341,2.90235281,-3.537186623,0.1529670954
scoop_total133g_signminus_offset266_set16,스쿱,scoop_total_133g,133,29,7,-0.6574739218,1.949272394,1.234854341,2.90235281,-3.537186623,0.1529670954
scoop_total133g_signminus_offset266_set16,스쿱,scoop_total_133g,133,29,8,-0.6603655219,1.921286702,1.24357748,2.902351618,-3.537185907,0.1520275921
scoop_total133g_signminus_offset266_set16,스쿱,scoop_total_133g,133,29,9,-0.6603655219,1.921286702,1.24357748,2.902351618,-3.537185907,0.1520275921
scoop_total133g_signminus_offset266_set16,스쿱,scoop_total_133g,133,29,10,-0.6278515458,1.95926106,1.240085483,2.902348042,-3.537184,0.1495173723
scoop_total133g_signminus_offset266_set16,스쿱,scoop_total_133g,133,30,1,-0.6499729753,1.92612648,1.186382771,2.90235281,-3.537186623,0.1529598385
scoop_total133g_signminus_offset266_set16,스쿱,scoop_total_133g,133,30,2,-0.6521681547,1.91864109,1.178438663,2.902350187,-3.537185192,0.1509788334
scoop_total133g_signminus_offset266_set16,스쿱,scoop_total_133g,133,30,3,-0.6521681547,1.91864109,1.178438663,2.902350187,-3.537185192,0.1509788334
scoop_total133g_signminus_offset266_set16,스쿱,scoop_total_133g,133,30,4,-0.651987195,1.923986197,1.190780997,2.902350664,-3.537185431,0.1514001489
scoop_total133g_signminus_offset266_set16,스쿱,scoop_total_133g,133,30,5,-0.651987195,1.923986197,1.190780997,2.902350664,-3.537185431,0.1514001489
scoop_total133g_signminus_offset266_set16,스쿱,scoop_total_133g,133,30,6,-0.6488685012,1.932992578,1.202237725,2.902346373,-3.537183285,0.1484138072
scoop_total133g_signminus_offset266_set16,스쿱,scoop_total_133g,133,30,7,-0.6488685012,1.932992578,1.202237725,2.902346373,-3.537183285,0.1484138072
scoop_total133g_signminus_offset266_set16,스쿱,scoop_total_133g,133,30,8,-0.6362509131,1.9148947,1.202794671,2.902346373,-3.537183285,0.1483900547
scoop_total133g_signminus_offset266_set16,스쿱,scoop_total_133g,133,30,9,-0.6362509131,1.9148947,1.202794671,2.902346373,-3.537183285,0.1483900547
scoop_total133g_signminus_offset266_set16,스쿱,scoop_total_133g,133,30,10,-0.6309686899,1.947624803,1.209420562,2.902348995,-3.537184477,0.150184989
scoop_total133g_signminus_offset258_set19,스쿱,scoop_total_133g,133,1,1,-0.5670466423,1.893037796,1.316607833,2.902370453,-3.537189245,0.1434692293
scoop_total133g_signminus_offset258_set19,스쿱,scoop_total_133g,133,1,2,-0.5755065084,1.894387484,1.318304658,2.90237236,-3.537190676,0.1447762549
scoop_total133g_signminus_offset258_set19,스쿱,scoop_total_133g,133,1,3,-0.5515452623,1.917913318,1.32600534,2.902374506,-3.537191868,0.1462316215
scoop_total133g_signminus_offset258_set19,스쿱,scoop_total_133g,133,1,4,-0.5515452623,1.917913318,1.32600534,2.902374506,-3.537191868,0.1462316215
scoop_total133g_signminus_offset258_set19,스쿱,scoop_total_133g,133,1,5,-0.5443891883,1.941913605,1.349969864,2.902377129,-3.53719306,0.1478106827
scoop_total133g_signminus_offset258_set19,스쿱,scoop_total_133g,133,1,6,-0.5443891883,1.941913605,1.349969864,2.902377129,-3.53719306,0.1478106827
scoop_total133g_signminus_offset258_set19,스쿱,scoop_total_133g,133,1,7,-0.5472609997,1.928608894,1.363554001,2.902378321,-3.537193775,0.1486560851
scoop_total133g_signminus_offset258_set19,스쿱,scoop_total_133g,133,1,8,-0.5472609997,1.928608894,1.363554001,2.902378321,-3.537193775,0.1486560851
scoop_total133g_signminus_offset258_set19,스쿱,scoop_total_133g,133,1,9,-0.5518573523,1.908127904,1.367709994,2.902370214,-3.537189722,0.1435410678
scoop_total133g_signminus_offset258_set19,스쿱,scoop_total_133g,133,1,10,-0.5518573523,1.908127904,1.367709994,2.902370214,-3.537189722,0.1435410678
scoop_total133g_signminus_offset258_set19,스쿱,scoop_total_133g,133,2,1,-0.4777272046,1.898789644,1.321161628,2.902371883,-3.537190676,0.1445959508
scoop_total133g_signminus_offset258_set19,스쿱,scoop_total_133g,133,2,2,-0.4777272046,1.898789644,1.321161628,2.902371883,-3.537190676,0.1445959508
scoop_total133g_signminus_offset258_set19,스쿱,scoop_total_133g,133,2,3,-0.4917405546,1.886279941,1.305482388,2.902370691,-3.53718996,0.143798545
scoop_total133g_signminus_offset258_set19,스쿱,scoop_total_133g,133,2,4,-0.4917405546,1.886279941,1.305482388,2.902370691,-3.53718996,0.143798545
scoop_total133g_signminus_offset258_set19,스쿱,scoop_total_133g,133,2,5,-0.4928970635,1.846002102,1.272328973,2.902369261,-3.537189245,0.1429724097
scoop_total133g_signminus_offset258_set19,스쿱,scoop_total_133g,133,2,6,-0.4928970635,1.846002102,1.272328973,2.902369261,-3.537189245,0.1429724097
scoop_total133g_signminus_offset258_set19,스쿱,scoop_total_133g,133,2,7,-0.4923604429,1.85682857,1.257541895,2.902371168,-3.537190199,0.1441992074
scoop_total133g_signminus_offset258_set19,스쿱,scoop_total_133g,133,2,8,-0.4923604429,1.85682857,1.257541895,2.902371168,-3.537190199,0.1441992074
scoop_total133g_signminus_offset258_set19,스쿱,scoop_total_133g,133,2,9,-0.4870766103,1.865853667,1.256724596,2.902373075,-3.537191153,0.1452942491
scoop_total133g_signminus_offset258_set19,스쿱,scoop_total_133g,133,2,10,-0.4870766103,1.865853667,1.256724596,2.902373075,-3.537191153,0.1452942491
scoop_total133g_signminus_offset258_set19,스쿱,scoop_total_133g,133,3,1,-0.5011647344,1.802740932,1.232661963,2.902370214,-3.537189722,0.1435668617
scoop_total133g_signminus_offset258_set19,스쿱,scoop_total_133g,133,3,2,-0.5011647344,1.802740932,1.232661963,2.902370214,-3.537189722,0.1435668617
scoop_total133g_signminus_offset258_set19,스쿱,scoop_total_133g,133,3,3,-0.47808671,1.847116828,1.193720937,2.902368307,-3.537188768,0.1423667669
scoop_total133g_signminus_offset258_set19,스쿱,scoop_total_133g,133,3,4,-0.47808671,1.847116828,1.193720937,2.902368307,-3.537188768,0.1423667669
scoop_total133g_signminus_offset258_set19,스쿱,scoop_total_133g,133,3,5,-0.4276160896,1.950029016,1.219483376,2.902380705,-3.537194967,0.1500268281
scoop_total133g_signminus_offset258_set19,스쿱,scoop_total_133g,133,3,6,-0.4276160896,1.950029016,1.219483376,2.902380705,-3.537194967,0.1500268281
scoop_total133g_signminus_offset258_set19,스쿱,scoop_total_133g,133,3,7,-0.4618867934,1.923799038,1.255110741,2.90237999,-3.537194729,0.1496894062
scoop_total133g_signminus_offset258_set19,스쿱,scoop_total_133g,133,3,8,-0.4618867934,1.923799038,1.255110741,2.90237999,-3.537194729,0.1496894062
scoop_total133g_signminus_offset258_set19,스쿱,scoop_total_133g,133,3,9,-0.5049293041,1.8353405,1.260080576,2.902374506,-3.537191868,0.1462715715
scoop_total133g_signminus_offset258_set19,스쿱,scoop_total_133g,133,3,10,-0.5049293041,1.8353405,1.260080576,2.902374506,-3.537191868,0.1462715715
scoop_total133g_signminus_offset258_set19,스쿱,scoop_total_133g,133,4,1,-0.5255155563,1.893862963,1.288130879,2.902371645,-3.537190437,0.14447245
scoop_total133g_signminus_offset258_set19,스쿱,scoop_total_133g,133,4,2,-0.5255155563,1.893862963,1.288130879,2.902371645,-3.537190437,0.14447245
scoop_total133g_signminus_offset258_set19,스쿱,scoop_total_133g,133,4,3,-0.5377091765,1.906835914,1.299588323,2.90237689,-3.53719306,0.1476935744
scoop_total133g_signminus_offset258_set19,스쿱,scoop_total_133g,133,4,4,-0.5377091765,1.906835914,1.299588323,2.90237689,-3.53719306,0.1476935744
scoop_total133g_signminus_offset258_set19,스쿱,scoop_total_133g,133,4,5,-0.5575919151,1.914415359,1.300037742,2.902380466,-3.537194729,0.1498895586
scoop_total133g_signminus_offset258_set19,스쿱,scoop_total_133g,133,4,6,-0.5575919151,1.914415359,1.300037742,2.902380466,-3.537194729,0.1498895586
scoop_total133g_signminus_offset258_set19,스쿱,scoop_total_133g,133,4,7,-0.5427540541,1.872525692,1.271653891,2.902372122,-3.537190676,0.1446726769
scoop_total133g_signminus_offset258_set19,스쿱,scoop_total_133g,133,4,8,-0.5495121479,1.902455807,1.285537839,2.902374744,-3.537192106,0.1463606805
scoop_total133g_signminus_offset258_set19,스쿱,scoop_total_133g,133,4,9,-0.5495121479,1.902455807,1.285537839,2.902374744,-3.537192106,0.1463606805
scoop_total133g_signminus_offset258_set19,스쿱,scoop_total_133g,133,4,10,-0.5252249241,1.914229035,1.299288154,2.902374744,-3.537191868,0.1462968737
scoop_total133g_signminus_offset258_set19,스쿱,scoop_total_133g,133,5,1,-0.5477427244,1.84421587,1.194751859,2.902371168,-3.537190199,0.1441853046
scoop_total133g_signminus_offset258_set19,스쿱,scoop_total_133g,133,5,2,-0.5488906503,1.927642226,1.237977266,2.902377844,-3.537193537,0.1482854784
scoop_total133g_signminus_offset258_set19,스쿱,scoop_total_133g,133,5,3,-0.5488906503,1.927642226,1.237977266,2.902377844,-3.537193537,0.1482854784
scoop_total133g_signminus_offset258_set19,스쿱,scoop_total_133g,133,5,4,-0.5428737402,1.939062834,1.259371996,2.902377129,-3.537193298,0.1479176134
scoop_total133g_signminus_offset258_set19,스쿱,scoop_total_133g,133,5,5,-0.5428737402,1.939062834,1.259371996,2.902377129,-3.537193298,0.1479176134
scoop_total133g_signminus_offset258_set19,스쿱,scoop_total_133g,133,5,6,-0.546615839,1.904729962,1.270370603,2.902374506,-3.537191868,0.146215871
scoop_total133g_signminus_offset258_set19,스쿱,scoop_total_133g,133,5,7,-0.546615839,1.904729962,1.270370603,2.902374506,-3.537191868,0.146215871
scoop_total133g_signminus_offset258_set19,스쿱,scoop_total_133g,133,5,8,-0.5691274405,1.889315367,1.253373146,2.902372599,-3.537190914,0.1450226605
scoop_total133g_signminus_offset258_set19,스쿱,scoop_total_133g,133,5,9,-0.5691274405,1.889315367,1.253373146,2.902372599,-3.537190914,0.1450226605
scoop_total133g_signminus_offset258_set19,스쿱,scoop_total_133g,133,5,10,-0.5710052848,1.906861186,1.259451866,2.90237546,-3.537192345,0.1467770338
scoop_total133g_signminus_offset258_set19,스쿱,scoop_total_133g,133,6,1,-0.5256319642,1.85170424,1.237333298,2.902375937,-3.537192583,0.147032246
scoop_total133g_signminus_offset258_set19,스쿱,scoop_total_133g,133,6,2,-0.5256319642,1.85170424,1.237333298,2.902375937,-3.537192583,0.147032246
scoop_total133g_signminus_offset258_set19,스쿱,scoop_total_133g,133,6,3,-0.5241968632,1.877535343,1.212667942,2.902371645,-3.537190437,0.1444630921
scoop_total133g_signminus_offset258_set19,스쿱,scoop_total_133g,133,6,4,-0.5241968632,1.877535343,1.212667942,2.902371645,-3.537190437,0.1444630921
scoop_total133g_signminus_offset258_set19,스쿱,scoop_total_133g,133,6,5,-0.5160998106,1.887740254,1.213480711,2.902377844,-3.537193537,0.1482996792
scoop_total133g_signminus_offset258_set19,스쿱,scoop_total_133g,133,6,6,-0.5160998106,1.887740254,1.213480711,2.902377844,-3.537193537,0.1482996792
scoop_total133g_signminus_offset258_set19,스쿱,scoop_total_133g,133,6,7,-0.4976038039,1.942308545,1.226228356,2.902376175,-3.537192822,0.1472607702
scoop_total133g_signminus_offset258_set19,스쿱,scoop_total_133g,133,6,8,-0.4976038039,1.942308545,1.226228356,2.902376175,-3.537192822,0.1472607702
scoop_total133g_signminus_offset258_set19,스쿱,scoop_total_133g,133,6,9,-0.5030942559,1.950863004,1.288607597,2.902379751,-3.53719449,0.1495052129
scoop_total133g_signminus_offset258_set19,스쿱,scoop_total_133g,133,6,10,-0.5030942559,1.950863004,1.288607597,2.902379751,-3.53719449,0.1495052129
scoop_total133g_signminus_offset258_set19,스쿱,scoop_total_133g,133,7,1,-0.4817970693,1.935675979,1.325209856,2.902368546,-3.537188768,0.1424349844
scoop_total133g_signminus_offset258_set19,스쿱,scoop_total_133g,133,7,2,-0.4853756428,1.917378545,1.317597389,2.902370691,-3.53718996,0.1438403875
scoop_total133g_signminus_offset258_set19,스쿱,scoop_total_133g,133,7,3,-0.4853756428,1.917378545,1.317597389,2.902370691,-3.53718996,0.1438403875
scoop_total133g_signminus_offset258_set19,스쿱,scoop_total_133g,133,7,4,-0.5092699528,1.853620768,1.290058374,2.9023664,-3.537187815,0.14117001
scoop_total133g_signminus_offset258_set19,스쿱,scoop_total_133g,133,7,5,-0.5092699528,1.853620768,1.290058374,2.9023664,-3.537187815,0.14117001
scoop_total133g_signminus_offset258_set19,스쿱,scoop_total_133g,133,7,6,-0.5236501098,1.839907646,1.298155427,2.902368069,-3.53718853,0.1421720386
scoop_total133g_signminus_offset258_set19,스쿱,scoop_total_133g,133,7,7,-0.5236501098,1.839907646,1.298155427,2.902368069,-3.53718853,0.1421720386
scoop_total133g_signminus_offset258_set19,스쿱,scoop_total_133g,133,7,8,-0.4871305227,1.889025807,1.299341798,2.902374983,-3.537192106,0.1464452744
scoop_total133g_signminus_offset258_set19,스쿱,scoop_total_133g,133,7,9,-0.4871305227,1.889025807,1.299341798,2.902374983,-3.537192106,0.1464452744
scoop_total133g_signminus_offset258_set19,스쿱,scoop_total_133g,133,7,10,-0.4650149941,1.919393539,1.289611578,2.902372837,-3.537191153,0.1452147067
scoop_total133g_signminus_offset258_set19,스쿱,scoop_total_133g,133,8,1,-0.5387473702,1.867329359,1.317783237,2.90237689,-3.53719306,0.1476857662
scoop_total133g_signminus_offset258_set19,스쿱,scoop_total_133g,133,8,2,-0.5387473702,1.867329359,1.317783237,2.90237689,-3.53719306,0.1476857662
scoop_total133g_signminus_offset258_set19,스쿱,scoop_total_133g,133,8,3,-0.5281561017,1.909539461,1.298410773,2.902377605,-3.537193537,0.1481394768
scoop_total133g_signminus_offset258_set19,스쿱,scoop_total_133g,133,8,4,-0.5281561017,1.909539461,1.298410773,2.902377605,-3.537193537,0.1481394768
scoop_total133g_signminus_offset258_set19,스쿱,scoop_total_133g,133,8,5,-0.5378079414,1.922643185,1.304848313,2.902380228,-3.537194729,0.1497147828
scoop_total133g_signminus_offset258_set19,스쿱,scoop_total_133g,133,8,6,-0.5378079414,1.922643185,1.304848313,2.902380228,-3.537194729,0.1497147828
scoop_total133g_signminus_offset258_set19,스쿱,scoop_total_133g,133,8,7,-0.5270693302,1.887847781,1.315167665,2.902375937,-3.537192583,0.1471749395
scoop_total133g_signminus_offset258_set19,스쿱,scoop_total_133g,133,8,8,-0.5270693302,1.887847781,1.315167665,2.902375937,-3.537192583,0.1471749395
scoop_total133g_signminus_offset258_set19,스쿱,scoop_total_133g,133,8,9,-0.5344488621,1.885874867,1.317762375,2.902381182,-3.537195206,0.1504054815
scoop_total133g_signminus_offset258_set19,스쿱,scoop_total_133g,133,8,10,-0.5344488621,1.885874867,1.317762375,2.902381182,-3.537195206,0.1504054815
scoop_total133g_signminus_offset258_set19,스쿱,scoop_total_133g,133,9,1,-0.5269242525,1.87722826,1.250004649,2.902373075,-3.537191153,0.1452654153
scoop_total133g_signminus_offset258_set19,스쿱,scoop_total_133g,133,9,2,-0.5269242525,1.87722826,1.250004649,2.902373075,-3.537191153,0.1452654153
scoop_total133g_signminus_offset258_set19,스쿱,scoop_total_133g,133,9,3,-0.5277267098,1.89431107,1.269156694,2.902374268,-3.537191868,0.1460537314
scoop_total133g_signminus_offset258_set19,스쿱,scoop_total_133g,133,9,4,-0.5277267098,1.89431107,1.269156694,2.902374268,-3.537191868,0.1460537314
scoop_total133g_signminus_offset258_set19,스쿱,scoop_total_133g,133,9,5,-0.5272747874,1.926630855,1.291024804,2.902384996,-3.537197113,0.1527601331
scoop_total133g_signminus_offset258_set19,스쿱,scoop_total_133g,133,9,6,-0.5272747874,1.926630855,1.291024804,2.902384996,-3.537197113,0.1527601331
scoop_total133g_signminus_offset258_set19,스쿱,scoop_total_133g,133,9,7,-0.5421417952,1.923554063,1.301761746,2.902379751,-3.53719449,0.1494407356
scoop_total133g_signminus_offset258_set19,스쿱,scoop_total_133g,133,9,8,-0.5421417952,1.923554063,1.301761746,2.902379751,-3.53719449,0.1494407356
scoop_total133g_signminus_offset258_set19,스쿱,scoop_total_133g,133,9,9,-0.5702257752,1.882438898,1.306494832,2.902374268,-3.537191868,0.1461105347
scoop_total133g_signminus_offset258_set19,스쿱,scoop_total_133g,133,9,10,-0.5702257752,1.882438898,1.306494832,2.902374268,-3.537191868,0.1461105347
scoop_total133g_signminus_offset258_set19,스쿱,scoop_total_133g,133,10,1,-0.5597541332,1.870222449,1.198358655,2.902375221,-3.537192345,0.1466483325
scoop_total133g_signminus_offset258_set19,스쿱,scoop_total_133g,133,10,2,-0.5600423813,1.90310657,1.200382113,2.902377129,-3.537193298,0.1479086578
scoop_total133g_signminus_offset258_set19,스쿱,scoop_total_133g,133,10,3,-0.5600423813,1.90310657,1.200382113,2.902377129,-3.537193298,0.1479086578
scoop_total133g_signminus_offset258_set19,스쿱,scoop_total_133g,133,10,4,-0.5616852045,1.924711823,1.197555304,2.902373552,-3.537191391,0.1456016004
scoop_total133g_signminus_offset258_set19,스쿱,scoop_total_133g,133,10,5,-0.5616852045,1.924711823,1.197555304,2.902373552,-3.537191391,0.1456016004
scoop_total133g_signminus_offset258_set19,스쿱,scoop_total_133g,133,10,6,-0.5566275716,1.932139397,1.223333597,2.902375698,-3.537192345,0.1469209492
scoop_total133g_signminus_offset258_set19,스쿱,scoop_total_133g,133,10,7,-0.5566275716,1.932139397,1.223333597,2.902375698,-3.537192345,0.1469209492
scoop_total133g_signminus_offset258_set19,스쿱,scoop_total_133g,133,10,8,-0.5755974054,1.918733954,1.230023623,2.902371407,-3.537190199,0.1442575455
scoop_total133g_signminus_offset258_set19,스쿱,scoop_total_133g,133,10,9,-0.5755974054,1.918733954,1.230023623,2.902371407,-3.537190199,0.1442575455
scoop_total133g_signminus_offset258_set19,스쿱,scoop_total_133g,133,10,10,-0.5899431705,1.896953225,1.251581192,2.902377129,-3.53719306,0.1478213966
scoop_total133g_signminus_offset258_set19,스쿱,scoop_total_133g,133,11,1,-0.5823049545,1.892460585,1.141020894,2.902367353,-3.537188292,0.1417146474
scoop_total133g_signminus_offset258_set19,스쿱,scoop_total_133g,133,11,2,-0.5823049545,1.892460585,1.141020894,2.902367353,-3.537188292,0.1417146474
scoop_total133g_signminus_offset258_set19,스쿱,scoop_total_133g,133,11,3,-0.566044271,1.931571603,1.173846722,2.902375698,-3.537192583,0.1469627321
scoop_total133g_signminus_offset258_set19,스쿱,scoop_total_133g,133,11,4,-0.5720225573,1.92247498,1.169099092,2.90237689,-3.53719306,0.1476807147
scoop_total133g_signminus_offset258_set19,스쿱,scoop_total_133g,133,11,5,-0.5720225573,1.92247498,1.169099092,2.90237689,-3.53719306,0.1476807147
scoop_total133g_signminus_offset258_set19,스쿱,scoop_total_133g,133,11,6,-0.5806806087,1.894847274,1.179523826,2.90237236,-3.537190914,0.1448966414
scoop_total133g_signminus_offset258_set19,스쿱,scoop_total_133g,133,11,7,-0.5806806087,1.894847274,1.179523826,2.90237236,-3.537190914,0.1448966414
scoop_total133g_signminus_offset258_set19,스쿱,scoop_total_133g,133,11,8,-0.6093099713,1.882497072,1.186382651,2.902377129,-3.537193298,0.1479021758
scoop_total133g_signminus_offset258_set19,스쿱,scoop_total_133g,133,11,9,-0.616984427,1.9043262,1.19186914,2.902372837,-3.537191153,0.1451801211
scoop_total133g_signminus_offset258_set19,스쿱,scoop_total_133g,133,11,10,-0.616984427,1.9043262,1.19186914,2.902372837,-3.537191153,0.1451801211
scoop_total133g_signminus_offset258_set19,스쿱,scoop_total_133g,133,12,1,-0.5561866164,1.937238932,1.181723595,2.902371407,-3.537190437,0.1443097144
scoop_total133g_signminus_offset258_set19,스쿱,scoop_total_133g,133,12,2,-0.5561866164,1.937238932,1.181723595,2.902371407,-3.537190437,0.1443097144
scoop_total133g_signminus_offset258_set19,스쿱,scoop_total_133g,133,12,3,-0.5380564332,1.929284334,1.187783599,2.90237546,-3.537192345,0.146830231
scoop_total133g_signminus_offset258_set19,스쿱,scoop_total_133g,133,12,4,-0.5380564332,1.929284334,1.187783599,2.90237546,-3.537192345,0.146830231
scoop_total133g_signminus_offset258_set19,스쿱,scoop_total_133g,133,12,5,-0.5541758537,1.93112278,1.166771293,2.902379036,-3.537194252,0.1491124034
scoop_total133g_signminus_offset258_set19,스쿱,scoop_total_133g,133,12,6,-0.5541758537,1.93112278,1.166771293,2.902379036,-3.537194252,0.1491124034
scoop_total133g_signminus_offset258_set19,스쿱,scoop_total_133g,133,12,7,-0.5326978564,1.900824547,1.178259134,2.902376652,-3.537192822,0.1475086659
scoop_total133g_signminus_offset258_set19,스쿱,scoop_total_133g,133,12,8,-0.5326978564,1.900824547,1.178259134,2.902376652,-3.537192822,0.1475086659
scoop_total133g_signminus_offset258_set19,스쿱,scoop_total_133g,133,12,9,-0.5668194294,1.888837337,1.197515726,2.902377605,-3.537193537,0.1481742412
scoop_total133g_signminus_offset258_set19,스쿱,scoop_total_133g,133,12,10,-0.5668194294,1.888837337,1.197515726,2.902377605,-3.537193537,0.1481742412
scoop_total133g_signminus_offset258_set19,스쿱,scoop_total_133g,133,13,1,-0.582536757,1.903168678,1.329731822,2.902372122,-3.537190676,0.1447531283
scoop_total133g_signminus_offset258_set19,스쿱,scoop_total_133g,133,13,2,-0.582536757,1.903168678,1.329731822,2.902372122,-3.537190676,0.1447531283
scoop_total133g_signminus_offset258_set19,스쿱,scoop_total_133g,133,13,3,-0.5646005273,1.899009466,1.328555226,2.902377129,-3.537193298,0.1479056627
scoop_total133g_signminus_offset258_set19,스쿱,scoop_total_133g,133,13,4,-0.5646005273,1.899009466,1.328555226,2.902377129,-3.537193298,0.1479056627
scoop_total133g_signminus_offset258_set19,스쿱,scoop_total_133g,133,13,5,-0.567494452,1.87844789,1.311702728,2.902377844,-3.537193537,0.1483346671
scoop_total133g_signminus_offset258_set19,스쿱,scoop_total_133g,133,13,6,-0.567494452,1.87844789,1.311702728,2.902377844,-3.537193537,0.1483346671
scoop_total133g_signminus_offset258_set19,스쿱,scoop_total_133g,133,13,7,-0.5609244704,1.891312003,1.310872197,2.902379751,-3.53719449,0.1494398713
scoop_total133g_signminus_offset258_set19,스쿱,scoop_total_133g,133,13,8,-0.5609244704,1.891312003,1.310872197,2.902379751,-3.53719449,0.1494398713
scoop_total133g_signminus_offset258_set19,스쿱,scoop_total_133g,133,13,9,-0.5436453819,1.897099614,1.30076468,2.902378559,-3.537194014,0.1487226188
scoop_total133g_signminus_offset258_set19,스쿱,scoop_total_133g,133,13,10,-0.568516016,1.901557088,1.284850955,2.902374029,-3.537191629,0.145879969
scoop_total133g_signminus_offset258_set19,스쿱,scoop_total_133g,133,14,1,-0.5547765493,1.894394159,1.358359694,2.90237546,-3.537192345,0.1468725204
scoop_total133g_signminus_offset258_set19,스쿱,scoop_total_133g,133,14,2,-0.5453557968,1.889793158,1.361247897,2.902375698,-3.537192345,0.1468877494
scoop_total133g_signminus_offset258_set19,스쿱,scoop_total_133g,133,14,3,-0.5453557968,1.889793158,1.361247897,2.902375698,-3.537192345,0.1468877494
scoop_total133g_signminus_offset258_set19,스쿱,scoop_total_133g,133,14,4,-0.5383826494,1.891842961,1.348085642,2.902375221,-3.537192345,0.1466771215
scoop_total133g_signminus_offset258_set19,스쿱,scoop_total_133g,133,14,5,-0.5383826494,1.891842961,1.348085642,2.902375221,-3.537192345,0.1466771215
scoop_total133g_signminus_offset258_set19,스쿱,scoop_total_133g,133,14,6,-0.5475115776,1.881099105,1.366350293,2.902373552,-3.537191391,0.1455723196
scoop_total133g_signminus_offset258_set19,스쿱,scoop_total_133g,133,14,7,-0.5475115776,1.881099105,1.366350293,2.902373552,-3.537191391,0.1455723196
scoop_total133g_signminus_offset258_set19,스쿱,scoop_total_133g,133,14,8,-0.5297838449,1.875553489,1.359399438,2.902376413,-3.537192822,0.1474649459
scoop_total133g_signminus_offset258_set19,스쿱,scoop_total_133g,133,14,9,-0.5297838449,1.875553489,1.359399438,2.902376413,-3.537192822,0.1474649459
scoop_total133g_signminus_offset258_set19,스쿱,scoop_total_133g,133,14,10,-0.5141500831,1.900028825,1.353994846,2.902376652,-3.53719306,0.1475544423
scoop_total133g_signminus_offset258_set19,스쿱,scoop_total_133g,133,15,1,-0.5009093881,1.868493438,1.30697906,2.902374506,-3.537191868,0.1461227834
scoop_total133g_signminus_offset258_set19,스쿱,scoop_total_133g,133,15,2,-0.5283776522,1.870942354,1.327096343,2.902376413,-3.537192822,0.1474623382
scoop_total133g_signminus_offset258_set19,스쿱,scoop_total_133g,133,15,3,-0.5283776522,1.870942354,1.327096343,2.902376413,-3.537192822,0.1474623382
scoop_total133g_signminus_offset258_set19,스쿱,scoop_total_133g,133,15,4,-0.5133687258,1.856833696,1.330382824,2.902377367,-3.537193298,0.1480284035
scoop_total133g_signminus_offset258_set19,스쿱,scoop_total_133g,133,15,5,-0.5133687258,1.856833696,1.330382824,2.902377367,-3.537193298,0.1480284035
scoop_total133g_signminus_offset258_set19,스쿱,scoop_total_133g,133,15,6,-0.5410689712,1.856315494,1.351273537,2.902378559,-3.537193775,0.1487061381
scoop_total133g_signminus_offset258_set19,스쿱,scoop_total_133g,133,15,7,-0.5410689712,1.856315494,1.351273537,2.902378559,-3.537193775,0.1487061381
scoop_total133g_signminus_offset258_set19,스쿱,scoop_total_133g,133,15,8,-0.5446586013,1.858819604,1.336249471,2.90238142,-3.537195444,0.1505605578
scoop_total133g_signminus_offset258_set19,스쿱,scoop_total_133g,133,15,9,-0.5446586013,1.858819604,1.336249471,2.90238142,-3.537195444,0.1505605578
scoop_total133g_signminus_offset258_set19,스쿱,scoop_total_133g,133,15,10,-0.536691606,1.855388522,1.342282653,2.902379274,-3.537194252,0.1491080374
scoop_total133g_signminus_offset258_set19,스쿱,scoop_total_133g,133,16,1,-0.4923198521,1.883080125,1.216193438,2.902380943,-3.537194967,0.1501724422
scoop_total133g_signminus_offset258_set19,스쿱,scoop_total_133g,133,16,2,-0.4923198521,1.883080125,1.216193438,2.902380943,-3.537194967,0.1501724422
scoop_total133g_signminus_offset258_set19,스쿱,scoop_total_133g,133,16,3,-0.5073654652,1.889815211,1.197989702,2.902374268,-3.537191868,0.146068871
scoop_total133g_signminus_offset258_set19,스쿱,scoop_total_133g,133,16,4,-0.5050389171,1.882919192,1.19014585,2.902380943,-3.537194967,0.1501607448
scoop_total133g_signminus_offset258_set19,스쿱,scoop_total_133g,133,16,5,-0.5050389171,1.882919192,1.19014585,2.902380943,-3.537194967,0.1501607448
scoop_total133g_signminus_offset258_set19,스쿱,scoop_total_133g,133,16,6,-0.5059754848,1.862907052,1.174814701,2.902371407,-3.537189722,0.1439528167
scoop_total133g_signminus_offset258_set19,스쿱,scoop_total_133g,133,16,7,-0.5059754848,1.862907052,1.174814701,2.902371407,-3.537189722,0.1439528167
scoop_total133g_signminus_offset258_set19,스쿱,scoop_total_133g,133,16,8,-0.5285227299,1.89269352,1.195369124,2.902370214,-3.537189484,0.1434333473
scoop_total133g_signminus_offset258_set19,스쿱,scoop_total_133g,133,16,9,-0.5285227299,1.89269352,1.195369124,2.902370214,-3.537189484,0.1434333473
scoop_total133g_signminus_offset258_set19,스쿱,scoop_total_133g,133,16,10,-0.5356629491,1.892772317,1.201925159,2.902372599,-3.537190914,0.1450118423
scoop_total133g_signminus_offset258_set19,스쿱,scoop_total_133g,133,17,1,-0.5760512948,1.925343752,1.259709239,2.902381659,-3.537195444,0.1507114023
scoop_total133g_signminus_offset258_set19,스쿱,scoop_total_133g,133,17,2,-0.5760512948,1.925343752,1.259709239,2.902381659,-3.537195444,0.1507114023
scoop_total133g_signminus_offset258_set19,스쿱,scoop_total_133g,133,17,3,-0.5722349286,1.93041563,1.244849682,2.902380228,-3.537194252,0.1494758427
scoop_total133g_signminus_offset258_set19,스쿱,scoop_total_133g,133,17,4,-0.5545377731,1.929112554,1.239697933,2.902374506,-3.537191629,0.1461720616
scoop_total133g_signminus_offset258_set19,스쿱,scoop_total_133g,133,17,5,-0.5545377731,1.929112554,1.239697933,2.902374506,-3.537191629,0.1461720616
scoop_total133g_signminus_offset258_set19,스쿱,scoop_total_133g,133,17,6,-0.5557642579,1.916779637,1.207979798,2.902377129,-3.53719306,0.14782013
scoop_total133g_signminus_offset258_set19,스쿱,scoop_total_133g,133,17,7,-0.5557642579,1.916779637,1.207979798,2.902377129,-3.53719306,0.14782013
scoop_total133g_signminus_offset258_set19,스쿱,scoop_total_133g,133,17,8,-0.552153945,1.917411923,1.189675331,2.902379036,-3.537194252,0.1490385383
scoop_total133g_signminus_offset258_set19,스쿱,scoop_total_133g,133,17,9,-0.552153945,1.917411923,1.189675331,2.902379036,-3.537194252,0.1490385383
scoop_total133g_signminus_offset258_set19,스쿱,scoop_total_133g,133,17,10,-0.5577305555,1.913603902,1.166455984,2.902385473,-3.537197351,0.1530850232
scoop_total133g_signminus_offset258_set19,스쿱,scoop_total_133g,133,18,1,-0.6297078133,1.948931813,1.232459903,2.902382374,-3.537195921,0.1511640698
scoop_total133g_signminus_offset258_set19,스쿱,scoop_total_133g,133,18,2,-0.6297078133,1.948931813,1.232459903,2.902382374,-3.537195921,0.1511640698
scoop_total133g_signminus_offset258_set19,스쿱,scoop_total_133g,133,18,3,-0.6044800282,1.95235014,1.231685638,2.902379036,-3.537194252,0.1490553021
scoop_total133g_signminus_offset258_set19,스쿱,scoop_total_133g,133,18,4,-0.6044800282,1.95235014,1.231685638,2.902379036,-3.537194252,0.1490553021
scoop_total133g_signminus_offset258_set19,스쿱,scoop_total_133g,133,18,5,-0.5977466106,1.961562514,1.237096429,2.902376175,-3.537192822,0.1473070979
scoop_total133g_signminus_offset258_set19,스쿱,scoop_total_133g,133,18,6,-0.5977466106,1.961562514,1.237096429,2.902376175,-3.537192822,0.1473070979
scoop_total133g_signminus_offset258_set19,스쿱,scoop_total_133g,133,18,7,-0.5965704322,1.948815584,1.252511024,2.902376652,-3.53719306,0.1475907266
scoop_total133g_signminus_offset258_set19,스쿱,scoop_total_133g,133,18,8,-0.5965704322,1.948815584,1.252511024,2.902376652,-3.53719306,0.1475907266
scoop_total133g_signminus_offset258_set19,스쿱,scoop_total_133g,133,18,9,-0.6252713799,1.91195488,1.240155101,2.902381897,-3.537195444,0.150794372
scoop_total133g_signminus_offset258_set19,스쿱,scoop_total_133g,133,18,10,-0.6252713799,1.91195488,1.240155101,2.902381897,-3.537195444,0.150794372
scoop_total133g_signminus_offset258_set19,스쿱,scoop_total_133g,133,19,1,-0.5673035383,1.919119,1.244954467,2.902370453,-3.537189722,0.143631652
scoop_total133g_signminus_offset258_set19,스쿱,scoop_total_133g,133,19,2,-0.5673035383,1.919119,1.244954467,2.902370453,-3.537189722,0.143631652
scoop_total133g_signminus_offset258_set19,스쿱,scoop_total_133g,133,19,3,-0.6057597995,1.935868263,1.234330177,2.90237236,-3.537190676,0.1448054314
scoop_total133g_signminus_offset258_set19,스쿱,scoop_total_133g,133,19,4,-0.6057597995,1.935868263,1.234330177,2.90237236,-3.537190676,0.1448054314
scoop_total133g_signminus_offset258_set19,스쿱,scoop_total_133g,133,19,5,-0.6151350737,1.927782536,1.24437511,2.902370214,-3.537189722,0.1435413659
scoop_total133g_signminus_offset258_set19,스쿱,scoop_total_133g,133,19,6,-0.6151350737,1.927782536,1.24437511,2.902370214,-3.537189722,0.1435413659
scoop_total133g_signminus_offset258_set19,스쿱,scoop_total_133g,133,19,7,-0.6214379072,1.93723917,1.254472613,2.902373791,-3.537191629,0.1456428915
scoop_total133g_signminus_offset258_set19,스쿱,scoop_total_133g,133,19,8,-0.6214379072,1.93723917,1.254472613,2.902373791,-3.537191629,0.1456428915
scoop_total133g_signminus_offset258_set19,스쿱,scoop_total_133g,133,19,9,-0.6113843322,1.961988926,1.246809602,2.902373552,-3.537191391,0.1454940438
scoop_total133g_signminus_offset258_set19,스쿱,scoop_total_133g,133,19,10,-0.6113843322,1.961988926,1.246809602,2.902373552,-3.537191391,0.1454940438
scoop_total133g_signminus_offset258_set19,스쿱,scoop_total_133g,133,20,1,-0.551196456,1.84444201,1.234731674,2.902372122,-3.537190676,0.1446533501
scoop_total133g_signminus_offset258_set19,스쿱,scoop_total_133g,133,20,2,-0.5930916071,1.828495026,1.232413888,2.90237236,-3.537190676,0.1448131055
scoop_total133g_signminus_offset258_set19,스쿱,scoop_total_133g,133,20,3,-0.5930916071,1.828495026,1.232413888,2.90237236,-3.537190676,0.1448131055
scoop_total133g_signminus_offset258_set19,스쿱,scoop_total_133g,133,20,4,-0.5815628767,1.852694273,1.237352848,2.9023664,-3.537187815,0.1412078589
scoop_total133g_signminus_offset258_set19,스쿱,scoop_total_133g,133,20,5,-0.5815628767,1.852694273,1.237352848,2.9023664,-3.537187815,0.1412078589
scoop_total133g_signminus_offset258_set19,스쿱,scoop_total_133g,133,20,6,-0.5581445694,1.890680313,1.219041109,2.90237999,-3.537194729,0.1496344805
scoop_total133g_signminus_offset258_set19,스쿱,scoop_total_133g,133,20,7,-0.5581445694,1.890680313,1.219041109,2.90237999,-3.537194729,0.1496344805
scoop_total133g_signminus_offset258_set19,스쿱,scoop_total_133g,133,20,8,-0.5334082246,1.918666601,1.20903933,2.902374506,-3.537191868,0.1461729109
scoop_total133g_signminus_offset258_set19,스쿱,scoop_total_133g,133,20,9,-0.5334082246,1.918666601,1.20903933,2.902374506,-3.537191868,0.1461729109
scoop_total133g_signminus_offset258_set19,스쿱,scoop_total_133g,133,20,10,-0.501403451,1.943712711,1.196960449,2.902380705,-3.537194967,0.1500444859
scoop_total133g_signminus_offset258_set19,스쿱,scoop_total_133g,133,21,1,-0.4999616444,1.917814612,1.263844848,2.902372837,-3.537191153,0.1451998502
scoop_total133g_signminus_offset258_set19,스쿱,scoop_total_133g,133,21,2,-0.4846643806,1.9021523,1.225804448,2.902378082,-3.537193537,0.1483940035
scoop_total133g_signminus_offset258_set19,스쿱,scoop_total_133g,133,21,3,-0.4846643806,1.9021523,1.225804448,2.902378082,-3.537193537,0.1483940035
scoop_total133g_signminus_offset258_set19,스쿱,scoop_total_133g,133,21,4,-0.4864464998,1.898778319,1.215966821,2.902374268,-3.537191629,0.1460122615
scoop_total133g_signminus_offset258_set19,스쿱,scoop_total_133g,133,21,5,-0.4864464998,1.898778319,1.215966821,2.902374268,-3.537191629,0.1460122615
scoop_total133g_signminus_offset258_set19,스쿱,scoop_total_133g,133,21,6,-0.4996681213,1.871687174,1.252517819,2.902373075,-3.537191153,0.1453879923
scoop_total133g_signminus_offset258_set19,스쿱,scoop_total_133g,133,21,7,-0.4996681213,1.871687174,1.252517819,2.902373075,-3.537191153,0.1453879923
scoop_total133g_signminus_offset258_set19,스쿱,scoop_total_133g,133,21,8,-0.52716887,1.86248374,1.249283791,2.902371883,-3.537190676,0.1446029991
scoop_total133g_signminus_offset258_set19,스쿱,scoop_total_133g,133,21,9,-0.52716887,1.86248374,1.249283791,2.902371883,-3.537190676,0.1446029991
scoop_total133g_signminus_offset258_set19,스쿱,scoop_total_133g,133,21,10,-0.523425281,1.843413115,1.246128678,2.902378082,-3.537193775,0.1484964341
scoop_total133g_signminus_offset258_set19,스쿱,scoop_total_133g,133,22,1,-0.534408927,1.921145797,1.409546375,2.90237999,-3.537194729,0.1496650428
scoop_total133g_signminus_offset258_set19,스쿱,scoop_total_133g,133,22,2,-0.5583828092,1.844887853,1.387097955,2.902378321,-3.537193775,0.1485323906
scoop_total133g_signminus_offset258_set19,스쿱,scoop_total_133g,133,22,3,-0.5583828092,1.844887853,1.387097955,2.902378321,-3.537193775,0.1485323906
scoop_total133g_signminus_offset258_set19,스쿱,scoop_total_133g,133,22,4,-0.5749223232,1.821980119,1.378440857,2.902375937,-3.537192583,0.1471252143
scoop_total133g_signminus_offset258_set19,스쿱,scoop_total_133g,133,22,5,-0.5749223232,1.821980119,1.378440857,2.902375937,-3.537192583,0.1471252143
scoop_total133g_signminus_offset258_set19,스쿱,scoop_total_133g,133,22,6,-0.5391297936,1.854362607,1.335395455,2.902374983,-3.537192106,0.1464865804
scoop_total133g_signminus_offset258_set19,스쿱,scoop_total_133g,133,22,7,-0.5167458057,1.905588031,1.330554247,2.902379036,-3.537194252,0.149044469
scoop_total133g_signminus_offset258_set19,스쿱,scoop_total_133g,133,22,8,-0.5167458057,1.905588031,1.330554247,2.902379036,-3.537194252,0.149044469
scoop_total133g_signminus_offset258_set19,스쿱,scoop_total_133g,133,22,9,-0.5050204396,1.945676923,1.321284056,2.902379274,-3.537194252,0.1491361409
scoop_total133g_signminus_offset258_set19,스쿱,scoop_total_133g,133,22,10,-0.5050204396,1.945676923,1.321284056,2.902379274,-3.537194252,0.1491361409
scoop_total133g_signminus_offset258_set19,스쿱,scoop_total_133g,133,23,1,-0.5073819757,1.891524553,1.237941861,2.902376413,-3.537192822,0.1473928094
scoop_total133g_signminus_offset258_set19,스쿱,scoop_total_133g,133,23,2,-0.5107098222,1.917013407,1.250491977,2.902372599,-3.537190914,0.1449897289
scoop_total133g_signminus_offset258_set19,스쿱,scoop_total_133g,133,23,3,-0.5107098222,1.917013407,1.250491977,2.902372599,-3.537190914,0.1449897289
scoop_total133g_signminus_offset258_set19,스쿱,scoop_total_133g,133,23,4,-0.5127536654,1.882492065,1.229396939,2.902372599,-3.537190914,0.1450089812
scoop_total133g_signminus_offset258_set19,스쿱,scoop_total_133g,133,23,5,-0.5127536654,1.882492065,1.229396939,2.902372599,-3.537190914,0.1450089812
scoop_total133g_signminus_offset258_set19,스쿱,scoop_total_133g,133,23,6,-0.5103629827,1.878991246,1.234740734,2.902379036,-3.537194252,0.1490265727
scoop_total133g_signminus_offset258_set19,스쿱,scoop_total_133g,133,23,7,-0.5103629827,1.878991246,1.234740734,2.902379036,-3.537194252,0.1490265727
scoop_total133g_signminus_offset258_set19,스쿱,scoop_total_133g,133,23,8,-0.511972785,1.884310126,1.226523757,2.902375221,-3.537192106,0.1466169208
scoop_total133g_signminus_offset258_set19,스쿱,scoop_total_133g,133,23,9,-0.511972785,1.884310126,1.226523757,2.902375221,-3.537192106,0.1466169208
scoop_total133g_signminus_offset258_set19,스쿱,scoop_total_133g,133,23,10,-0.5000597239,1.897088766,1.242290378,2.902374983,-3.537192106,0.1465428919
scoop_total133g_signminus_offset258_set19,스쿱,scoop_total_133g,133,24,1,-0.5674484372,1.909790874,1.262528658,2.902377605,-3.537193537,0.1482142955
scoop_total133g_signminus_offset258_set19,스쿱,scoop_total_133g,133,24,2,-0.5814222693,1.923776269,1.2473315,2.902375937,-3.537192583,0.1471058279
scoop_total133g_signminus_offset258_set19,스쿱,scoop_total_133g,133,24,3,-0.5814222693,1.923776269,1.2473315,2.902375937,-3.537192583,0.1471058279
scoop_total133g_signminus_offset258_set19,스쿱,scoop_total_133g,133,24,4,-0.5788834691,1.930876255,1.234593153,2.902375221,-3.537192345,0.146707356
scoop_total133g_signminus_offset258_set19,스쿱,scoop_total_133g,133,24,5,-0.5645430088,1.928764462,1.243306518,2.902375937,-3.537192583,0.1471159309
scoop_total133g_signminus_offset258_set19,스쿱,scoop_total_133g,133,24,6,-0.5645430088,1.928764462,1.243306518,2.902375937,-3.537192583,0.1471159309
scoop_total133g_signminus_offset258_set19,스쿱,scoop_total_133g,133,24,7,-0.5547149181,1.954254985,1.257486224,2.902378082,-3.537193775,0.148471266
scoop_total133g_signminus_offset258_set19,스쿱,scoop_total_133g,133,24,8,-0.5547149181,1.954254985,1.257486224,2.902378082,-3.537193775,0.148471266
scoop_total133g_signminus_offset258_set19,스쿱,scoop_total_133g,133,24,9,-0.5359520912,1.950612903,1.278689623,2.902379751,-3.53719449,0.1495458335
scoop_total133g_signminus_offset258_set19,스쿱,scoop_total_133g,133,24,10,-0.5359520912,1.950612903,1.278689623,2.902379751,-3.53719449,0.1495458335
scoop_total133g_signminus_offset258_set19,스쿱,scoop_total_133g,133,25,1,-0.5762047768,1.927645564,1.181615472,2.902377844,-3.537193537,0.1483535022
scoop_total133g_signminus_offset258_set19,스쿱,scoop_total_133g,133,25,2,-0.5809226036,1.905345321,1.179184198,2.902378321,-3.537193537,0.1484929472
scoop_total133g_signminus_offset258_set19,스쿱,scoop_total_133g,133,25,3,-0.5809226036,1.905345321,1.179184198,2.902378321,-3.537193537,0.1484929472
scoop_total133g_signminus_offset258_set19,스쿱,scoop_total_133g,133,25,4,-0.5669749975,1.891566277,1.162336707,2.902375221,-3.537192106,0.1466026902
scoop_total133g_signminus_offset258_set19,스쿱,scoop_total_133g,133,25,5,-0.5669749975,1.891566277,1.162336707,2.902375221,-3.537192106,0.1466026902
scoop_total133g_signminus_offset258_set19,스쿱,scoop_total_133g,133,25,6,-0.5661438704,1.894203186,1.157171607,2.902380228,-3.537194729,0.149848789
scoop_total133g_signminus_offset258_set19,스쿱,scoop_total_133g,133,25,7,-0.574108839,1.913740396,1.17165935,2.902379513,-3.537194252,0.1492947638
scoop_total133g_signminus_offset258_set19,스쿱,scoop_total_133g,133,25,8,-0.574108839,1.913740396,1.17165935,2.902379513,-3.537194252,0.1492947638
scoop_total133g_signminus_offset258_set19,스쿱,scoop_total_133g,133,25,9,-0.5788754821,1.906040668,1.182301641,2.902375937,-3.537192583,0.1470613182
scoop_total133g_signminus_offset258_set19,스쿱,scoop_total_133g,133,25,10,-0.5788754821,1.906040668,1.182301641,2.902375937,-3.537192583,0.1470613182
scoop_total133g_signminus_offset258_set19,스쿱,scoop_total_133g,133,26,1,-0.5667785406,1.922517896,1.265690088,2.90238142,-3.537195444,0.1505188495
scoop_total133g_signminus_offset258_set19,스쿱,scoop_total_133g,133,26,2,-0.5667785406,1.922517896,1.265690088,2.90238142,-3.537195444,0.1505188495
scoop_total133g_signminus_offset258_set19,스쿱,scoop_total_133g,133,26,3,-0.5905733705,1.902496696,1.272932172,2.902379036,-3.537194252,0.149084121
scoop_total133g_signminus_offset258_set19,스쿱,scoop_total_133g,133,26,4,-0.5905733705,1.902496696,1.272932172,2.902379036,-3.537194252,0.149084121
scoop_total133g_signminus_offset258_set19,스쿱,scoop_total_133g,133,26,5,-0.5952490568,1.878230572,1.275364757,2.902379274,-3.537194252,0.149189204
scoop_total133g_signminus_offset258_set19,스쿱,scoop_total_133g,133,26,6,-0.5952490568,1.878230572,1.275364757,2.902379274,-3.537194252,0.149189204
scoop_total133g_signminus_offset258_set19,스쿱,scoop_total_133g,133,26,7,-0.593174994,1.886824846,1.282623887,2.902381182,-3.53719449,0.1500203311
scoop_total133g_signminus_offset258_set19,스쿱,scoop_total_133g,133,26,8,-0.593174994,1.886824846,1.282623887,2.902381182,-3.53719449,0.1500203311
scoop_total133g_signminus_offset258_set19,스쿱,scoop_total_133g,133,26,9,-0.602620542,1.902455807,1.275262713,2.902378321,-3.537193537,0.1485283077
scoop_total133g_signminus_offset258_set19,스쿱,scoop_total_133g,133,26,10,-0.602620542,1.902455807,1.275262713,2.902378321,-3.537193537,0.1485283077
scoop_total133g_signminus_offset258_set19,스쿱,scoop_total_133g,133,27,1,-0.5370210409,1.917363167,1.235693455,2.902374029,-3.537191629,0.1459302306
scoop_total133g_signminus_offset258_set19,스쿱,scoop_total_133g,133,27,2,-0.5370210409,1.917363167,1.235693455,2.902374029,-3.537191629,0.1459302306
scoop_total133g_signminus_offset258_set19,스쿱,scoop_total_133g,133,27,3,-0.543908596,1.895499468,1.244370103,2.902377129,-3.537193298,0.1479054093
scoop_total133g_signminus_offset258_set19,스쿱,scoop_total_133g,133,27,4,-0.543908596,1.895499468,1.244370103,2.902377129,-3.537193298,0.1479054093
scoop_total133g_signminus_offset258_set19,스쿱,scoop_total_133g,133,27,5,-0.5558012724,1.848256826,1.256177902,2.902376175,-3.537192822,0.1472728401
scoop_total133g_signminus_offset258_set19,스쿱,scoop_total_133g,133,27,6,-0.5558012724,1.848256826,1.256177902,2.902376175,-3.537192822,0.1472728401
scoop_total133g_signminus_offset258_set19,스쿱,scoop_total_133g,133,27,7,-0.5344768763,1.838957429,1.258240223,2.902376652,-3.537192822,0.1474828124
scoop_total133g_signminus_offset258_set19,스쿱,scoop_total_133g,133,27,8,-0.5344768763,1.838957429,1.258240223,2.902376652,-3.537192822,0.1474828124
scoop_total133g_signminus_offset258_set19,스쿱,scoop_total_133g,133,27,9,-0.5171979666,1.854545593,1.240657806,2.902377367,-3.537193298,0.1480290741
scoop_total133g_signminus_offset258_set19,스쿱,scoop_total_133g,133,27,10,-0.5171979666,1.854545593,1.240657806,2.902377367,-3.537193298,0.1480290741
scoop_total133g_signminus_offset258_set19,스쿱,scoop_total_133g,133,28,1,-0.5347326994,1.881680727,1.316530943,2.902376175,-3.537192583,0.1471927315
scoop_total133g_signminus_offset258_set19,스쿱,scoop_total_133g,133,28,2,-0.5238127112,1.891299605,1.301848531,2.902371883,-3.537190437,0.1445044726
scoop_total133g_signminus_offset258_set19,스쿱,scoop_total_133g,133,28,3,-0.5238127112,1.891299605,1.301848531,2.902371883,-3.537190437,0.1445044726
scoop_total133g_signminus_offset258_set19,스쿱,scoop_total_133g,133,28,4,-0.511403501,1.882850289,1.310494661,2.902380466,-3.537194967,0.1499791294
scoop_total133g_signminus_offset258_set19,스쿱,scoop_total_133g,133,28,5,-0.4860309362,1.899636388,1.301221848,2.902377844,-3.537193537,0.1483109444
scoop_total133g_signminus_offset258_set19,스쿱,scoop_total_133g,133,28,6,-0.4860309362,1.899636388,1.301221848,2.902377844,-3.537193537,0.1483109444
scoop_total133g_signminus_offset258_set19,스쿱,scoop_total_133g,133,28,7,-0.4949435592,1.902945995,1.305025935,2.902377367,-3.537193298,0.1479920298
scoop_total133g_signminus_offset258_set19,스쿱,scoop_total_133g,133,28,8,-0.4949435592,1.902945995,1.305025935,2.902377367,-3.537193298,0.1479920298
scoop_total133g_signminus_offset258_set19,스쿱,scoop_total_133g,133,28,9,-0.5047237873,1.870464087,1.300768733,2.902377844,-3.537193537,0.1483215094
scoop_total133g_signminus_offset258_set19,스쿱,scoop_total_133g,133,28,10,-0.5047237873,1.870464087,1.300768733,2.902377844,-3.537193537,0.1483215094
scoop_total133g_signminus_offset258_set19,스쿱,scoop_total_133g,133,29,1,-0.5290305018,1.926388741,1.370957613,2.902372599,-3.537190914,0.1450577974
scoop_total133g_signminus_offset258_set19,스쿱,scoop_total_133g,133,29,2,-0.5290305018,1.926388741,1.370957613,2.902372599,-3.537190914,0.1450577974
scoop_total133g_signminus_offset258_set19,스쿱,scoop_total_133g,133,29,3,-0.5174999833,1.938226938,1.378704667,2.902371168,-3.537190199,0.1441401392
scoop_total133g_signminus_offset258_set19,스쿱,scoop_total_133g,133,29,4,-0.5316772461,1.929134607,1.350274563,2.902379036,-3.537194014,0.1489700228
scoop_total133g_signminus_offset258_set19,스쿱,scoop_total_133g,133,29,5,-0.5316772461,1.929134607,1.350274563,2.902379036,-3.537194014,0.1489700228
scoop_total133g_signminus_offset258_set19,스쿱,scoop_total_133g,133,29,6,-0.5316728354,1.918287277,1.309427977,2.90237546,-3.537192345,0.1468473375
scoop_total133g_signminus_offset258_set19,스쿱,scoop_total_133g,133,29,7,-0.5316728354,1.918287277,1.309427977,2.90237546,-3.537192345,0.1468473375
scoop_total133g_signminus_offset258_set19,스쿱,scoop_total_133g,133,29,8,-0.5456707478,1.904223323,1.312687635,2.902370453,-3.537189722,0.1436644197
scoop_total133g_signminus_offset258_set19,스쿱,scoop_total_133g,133,29,9,-0.5456707478,1.904223323,1.312687635,2.902370453,-3.537189722,0.1436644197
scoop_total133g_signminus_offset258_set19,스쿱,scoop_total_133g,133,29,10,-0.5711064935,1.894381523,1.328585148,2.902376652,-3.537192822,0.1475008726
scoop_total133g_signminus_offset258_set19,스쿱,scoop_total_133g,133,30,1,-0.5474740863,1.935727239,1.220598459,2.902377367,-3.537193298,0.1480356157
scoop_total133g_signminus_offset258_set19,스쿱,scoop_total_133g,133,30,2,-0.5474740863,1.935727239,1.220598459,2.902377367,-3.537193298,0.1480356157
scoop_total133g_signminus_offset258_set19,스쿱,scoop_total_133g,133,30,3,-0.5361804366,1.933727026,1.180516124,2.902376652,-3.53719306,0.1475487947
scoop_total133g_signminus_offset258_set19,스쿱,scoop_total_133g,133,30,4,-0.5361804366,1.933727026,1.180516124,2.902376652,-3.53719306,0.1475487947
scoop_total133g_signminus_offset258_set19,스쿱,scoop_total_133g,133,30,5,-0.5470531583,1.914021492,1.17035532,2.902377129,-3.53719306,0.1477432251
scoop_total133g_signminus_offset258_set19,스쿱,scoop_total_133g,133,30,6,-0.5470531583,1.914021492,1.17035532,2.902377129,-3.53719306,0.1477432251
scoop_total133g_signminus_offset258_set19,스쿱,scoop_total_133g,133,30,7,-0.5599164963,1.896134496,1.177582264,2.902378321,-3.537193775,0.1486315429
scoop_total133g_signminus_offset258_set19,스쿱,scoop_total_133g,133,30,8,-0.5599164963,1.896134496,1.177582264,2.902378321,-3.537193775,0.1486315429
scoop_total133g_signminus_offset258_set19,스쿱,scoop_total_133g,133,30,9,-0.5653240085,1.889768004,1.192283154,2.902377844,-3.537193537,0.148288548
scoop_total133g_signminus_offset258_set19,스쿱,scoop_total_133g,133,30,10,-0.5653240085,1.889768004,1.192283154,2.902377844,-3.537193537,0.148288548
scoop_total133g_signminus_offset259_set20,스쿱,scoop_total_133g,133,1,1,-0.6679073572,1.895075917,1.193373203,2.902379513,-3.53719449,0.1494000554
scoop_total133g_signminus_offset259_set20,스쿱,scoop_total_133g,133,1,2,-0.6679073572,1.895075917,1.193373203,2.902379513,-3.53719449,0.1494000554
scoop_total133g_signminus_offset259_set20,스쿱,scoop_total_133g,133,1,3,-0.6482435465,1.978201151,1.212419748,2.902378321,-3.537193775,0.148660779
scoop_total133g_signminus_offset259_set20,스쿱,scoop_total_133g,133,1,4,-0.6482435465,1.978201151,1.212419748,2.902378321,-3.537193775,0.148660779
scoop_total133g_signminus_offset259_set20,스쿱,scoop_total_133g,133,1,5,-0.6099487543,2.047546387,1.199300408,2.902383804,-3.537196398,0.151979804
scoop_total133g_signminus_offset259_set20,스쿱,scoop_total_133g,133,1,6,-0.6099487543,2.047546387,1.199300408,2.902383804,-3.537196398,0.151979804
scoop_total133g_signminus_offset259_set20,스쿱,scoop_total_133g,133,1,7,-0.6337413788,2.010307312,1.227209806,2.902377129,-3.537193298,0.1478697658
scoop_total133g_signminus_offset259_set20,스쿱,scoop_total_133g,133,1,8,-0.6337413788,2.010307312,1.227209806,2.902377129,-3.537193298,0.1478697658
scoop_total133g_signminus_offset259_set20,스쿱,scoop_total_133g,133,1,9,-0.6588523388,1.969965935,1.290110111,2.902373791,-3.537191391,0.1456763148
scoop_total133g_signminus_offset259_set20,스쿱,scoop_total_133g,133,1,10,-0.6588523388,1.969965935,1.290110111,2.902373791,-3.537191391,0.1456763148
scoop_total133g_signminus_offset259_set20,스쿱,scoop_total_133g,133,2,1,-0.7422907948,1.876784325,1.185655713,2.902369022,-3.537189245,0.1428154409
scoop_total133g_signminus_offset259_set20,스쿱,scoop_total_133g,133,2,2,-0.7422907948,1.876784325,1.185655713,2.902369022,-3.537189245,0.1428154409
scoop_total133g_signminus_offset259_set20,스쿱,scoop_total_133g,133,2,3,-0.7256990671,1.899548054,1.188045621,2.902371407,-3.537190437,0.144331187
scoop_total133g_signminus_offset259_set20,스쿱,scoop_total_133g,133,2,4,-0.7256990671,1.899548054,1.188045621,2.902371407,-3.537190437,0.144331187
scoop_total133g_signminus_offset259_set20,스쿱,scoop_total_133g,133,2,5,-0.692253828,1.943440557,1.176499009,2.902374029,-3.537191629,0.1458940208
scoop_total133g_signminus_offset259_set20,스쿱,scoop_total_133g,133,2,6,-0.692253828,1.943440557,1.176499009,2.902374029,-3.537191629,0.1458940208
scoop_total133g_signminus_offset259_set20,스쿱,scoop_total_133g,133,2,7,-0.6660754681,2.00744009,1.175783038,2.902381659,-3.537195206,0.1505721807
scoop_total133g_signminus_offset259_set20,스쿱,scoop_total_133g,133,2,8,-0.6660754681,2.00744009,1.175783038,2.902381659,-3.537195206,0.1505721807
scoop_total133g_signminus_offset259_set20,스쿱,scoop_total_133g,133,2,9,-0.6688218117,1.979973197,1.182350039,2.902378082,-3.537193775,0.1484602541
scoop_total133g_signminus_offset259_set20,스쿱,scoop_total_133g,133,2,10,-0.6688218117,1.979973197,1.182350039,2.902378082,-3.537193775,0.1484602541
scoop_total133g_signminus_offset259_set20,스쿱,scoop_total_133g,133,3,1,-0.6701848507,1.906140327,1.186850786,2.902372837,-3.537191153,0.1451704651
scoop_total133g_signminus_offset259_set20,스쿱,scoop_total_133g,133,3,2,-0.6610003114,1.88015914,1.170038819,2.902374744,-3.537191868,0.1462826431
scoop_total133g_signminus_offset259_set20,스쿱,scoop_total_133g,133,3,3,-0.6610003114,1.88015914,1.170038819,2.902374744,-3.537191868,0.1462826431
scoop_total133g_signminus_offset259_set20,스쿱,scoop_total_133g,133,3,4,-0.6236125231,1.922852039,1.155685663,2.902378559,-3.537193775,0.1486800015
scoop_total133g_signminus_offset259_set20,스쿱,scoop_total_133g,133,3,5,-0.6236125231,1.922852039,1.155685663,2.902378559,-3.537193775,0.1486800015
scoop_total133g_signminus_offset259_set20,스쿱,scoop_total_133g,133,3,6,-0.5946444869,1.980294228,1.14986968,2.902383089,-3.537196159,0.1515427381
scoop_total133g_signminus_offset259_set20,스쿱,scoop_total_133g,133,3,7,-0.5946444869,1.980294228,1.14986968,2.902383089,-3.537196159,0.1515427381
scoop_total133g_signminus_offset259_set20,스쿱,scoop_total_133g,133,3,8,-0.5922961235,1.988143921,1.117392182,2.902380466,-3.537194967,0.1498941183
scoop_total133g_signminus_offset259_set20,스쿱,scoop_total_133g,133,3,9,-0.5922961235,1.988143921,1.117392182,2.902380466,-3.537194967,0.1498941183
scoop_total133g_signminus_offset259_set20,스쿱,scoop_total_133g,133,3,10,-0.6006633043,1.928530455,1.125118732,2.902374506,-3.537191868,0.1461804807
scoop_total133g_signminus_offset259_set20,스쿱,scoop_total_133g,133,4,1,-0.5032750964,1.919318557,1.292559385,2.902380228,-3.537194729,0.1497174948
scoop_total133g_signminus_offset259_set20,스쿱,scoop_total_133g,133,4,2,-0.5032750964,1.919318557,1.292559385,2.902380228,-3.537194729,0.1497174948
scoop_total133g_signminus_offset259_set20,스쿱,scoop_total_133g,133,4,3,-0.5332327485,1.872401953,1.268074274,2.902374744,-3.537191868,0.1463162452
scoop_total133g_signminus_offset259_set20,스쿱,scoop_total_133g,133,4,4,-0.5332327485,1.872401953,1.268074274,2.902374744,-3.537191868,0.1463162452
scoop_total133g_signminus_offset259_set20,스쿱,scoop_total_133g,133,4,5,-0.5349482894,1.858225942,1.269850373,2.902374983,-3.537192106,0.1465532631
scoop_total133g_signminus_offset259_set20,스쿱,scoop_total_133g,133,4,6,-0.5349482894,1.858225942,1.269850373,2.902374983,-3.537192106,0.1465532631
scoop_total133g_signminus_offset259_set20,스쿱,scoop_total_133g,133,4,7,-0.4981255531,1.87665391,1.260233521,2.90237546,-3.537192345,0.1467680186
scoop_total133g_signminus_offset259_set20,스쿱,scoop_total_133g,133,4,8,-0.4938988686,1.92889142,1.238868237,2.902380705,-3.537194967,0.1501213312
scoop_total133g_signminus_offset259_set20,스쿱,scoop_total_133g,133,4,9,-0.4938988686,1.92889142,1.238868237,2.902380705,-3.537194967,0.1501213312
scoop_total133g_signminus_offset259_set20,스쿱,scoop_total_133g,133,4,10,-0.5082203746,1.941200614,1.215716243,2.902379274,-3.537194252,0.1491455436
scoop_total133g_signminus_offset259_set20,스쿱,scoop_total_133g,133,5,1,-0.4699447155,1.782216787,1.336240888,2.902372837,-3.537190914,0.1451221108
scoop_total133g_signminus_offset259_set20,스쿱,scoop_total_133g,133,5,2,-0.4699447155,1.782216787,1.336240888,2.902372837,-3.537190914,0.1451221108
scoop_total133g_signminus_offset259_set20,스쿱,scoop_total_133g,133,5,3,-0.4454531074,1.771426678,1.329574108,2.902374268,-3.537191629,0.1460129917
scoop_total133g_signminus_offset259_set20,스쿱,scoop_total_133g,133,5,4,-0.4454531074,1.771426678,1.329574108,2.902374268,-3.537191629,0.1460129917
scoop_total133g_signminus_offset259_set20,스쿱,scoop_total_133g,133,5,5,-0.4082996249,1.858634591,1.323623061,2.902379274,-3.537194252,0.1492256373
scoop_total133g_signminus_offset259_set20,스쿱,scoop_total_133g,133,5,6,-0.4082996249,1.858634591,1.323623061,2.902379274,-3.537194252,0.1492256373
scoop_total133g_signminus_offset259_set20,스쿱,scoop_total_133g,133,5,7,-0.3930298388,1.911972284,1.328194737,2.902383566,-3.537196398,0.1519014835
scoop_total133g_signminus_offset259_set20,스쿱,scoop_total_133g,133,5,8,-0.3930298388,1.911972284,1.328194737,2.902383566,-3.537196398,0.1519014835
scoop_total133g_signminus_offset259_set20,스쿱,scoop_total_133g,133,5,9,-0.3879542351,1.934257746,1.331804395,2.90237999,-3.537194729,0.1496350169
scoop_total133g_signminus_offset259_set20,스쿱,scoop_total_133g,133,5,10,-0.4153470993,1.839878559,1.307394624,2.902378798,-3.537194014,0.1488950551
scoop_total133g_signminus_offset259_set20,스쿱,scoop_total_133g,133,6,1,-0.4420074522,1.902351499,1.317394495,2.902377844,-3.537193537,0.1483573914
scoop_total133g_signminus_offset259_set20,스쿱,scoop_total_133g,133,6,2,-0.4533640444,1.845789194,1.298776507,2.902381897,-3.537195444,0.150758341
scoop_total133g_signminus_offset259_set20,스쿱,scoop_total_133g,133,6,3,-0.4533640444,1.845789194,1.298776507,2.902381897,-3.537195444,0.150758341
scoop_total133g_signminus_offset259_set20,스쿱,scoop_total_133g,133,6,4,-0.4507267475,1.836987972,1.258996248,2.902379036,-3.537194014,0.148982361
scoop_total133g_signminus_offset259_set20,스쿱,scoop_total_133g,133,6,5,-0.4507267475,1.836987972,1.258996248,2.902379036,-3.537194014,0.148982361
scoop_total133g_signminus_offset259_set20,스쿱,scoop_total_133g,133,6,6,-0.4378880262,1.855911732,1.247007012,2.902375698,-3.537192583,0.1469978541
scoop_total133g_signminus_offset259_set20,스쿱,scoop_total_133g,133,6,7,-0.4378880262,1.855911732,1.247007012,2.902375698,-3.537192583,0.1469978541
scoop_total133g_signminus_offset259_set20,스쿱,scoop_total_133g,133,6,8,-0.4320380986,1.867616773,1.258835316,2.902379751,-3.53719449,0.1495287716
scoop_total133g_signminus_offset259_set20,스쿱,scoop_total_133g,133,6,9,-0.4320380986,1.867616773,1.258835316,2.902379751,-3.53719449,0.1495287716
scoop_total133g_signminus_offset259_set20,스쿱,scoop_total_133g,133,6,10,-0.4359239042,1.892033935,1.268747211,2.902379036,-3.537194014,0.149009645
scoop_total133g_signminus_offset259_set20,스쿱,scoop_total_133g,133,7,1,-0.5727289319,1.888553381,1.323058724,2.902379274,-3.537194252,0.1491998285
scoop_total133g_signminus_offset259_set20,스쿱,scoop_total_133g,133,7,2,-0.5764712095,1.881509542,1.315929651,2.902377844,-3.537193537,0.1483002305
scoop_total133g_signminus_offset259_set20,스쿱,scoop_total_133g,133,7,3,-0.5764712095,1.881509542,1.315929651,2.902377844,-3.537193537,0.1483002305
scoop_total133g_signminus_offset259_set20,스쿱,scoop_total_133g,133,7,4,-0.5973534584,1.884539604,1.307434797,2.902378559,-3.537194014,0.1487351209
scoop_total133g_signminus_offset259_set20,스쿱,scoop_total_133g,133,7,5,-0.5973534584,1.884539604,1.307434797,2.902378559,-3.537194014,0.1487351209
scoop_total133g_signminus_offset259_set20,스쿱,scoop_total_133g,133,7,6,-0.5855280757,1.893852115,1.297379375,2.902379513,-3.537194252,0.1492717266
scoop_total133g_signminus_offset259_set20,스쿱,scoop_total_133g,133,7,7,-0.5855280757,1.893852115,1.297379375,2.902379513,-3.537194252,0.1492717266
scoop_total133g_signminus_offset259_set20,스쿱,scoop_total_133g,133,7,8,-0.6037745476,1.886590958,1.282131195,2.902380705,-3.537194967,0.1501314193
scoop_total133g_signminus_offset259_set20,스쿱,scoop_total_133g,133,7,9,-0.6037745476,1.886590958,1.282131195,2.902380705,-3.537194967,0.1501314193
scoop_total133g_signminus_offset259_set20,스쿱,scoop_total_133g,133,7,10,-0.5973075628,1.883726597,1.258218169,2.902376413,-3.537192822,0.1474608034
scoop_total133g_signminus_offset259_set20,스쿱,scoop_total_133g,133,8,1,-0.7142782211,1.92792058,1.258329749,2.902379513,-3.537194252,0.1492845565
scoop_total133g_signminus_offset259_set20,스쿱,scoop_total_133g,133,8,2,-0.7142782211,1.92792058,1.258329749,2.902379513,-3.537194252,0.1492845565
scoop_total133g_signminus_offset259_set20,스쿱,scoop_total_133g,133,8,3,-0.7211149931,1.925161362,1.257604361,2.902377367,-3.537193298,0.1480615884
scoop_total133g_signminus_offset259_set20,스쿱,scoop_total_133g,133,8,4,-0.7211149931,1.925161362,1.257604361,2.902377367,-3.537193298,0.1480615884
scoop_total133g_signminus_offset259_set20,스쿱,scoop_total_133g,133,8,5,-0.7007239461,1.932559252,1.251717329,2.902374744,-3.537192106,0.1463415772
scoop_total133g_signminus_offset259_set20,스쿱,scoop_total_133g,133,8,6,-0.7007239461,1.932559252,1.251717329,2.902374744,-3.537192106,0.1463415772
scoop_total133g_signminus_offset259_set20,스쿱,scoop_total_133g,133,8,7,-0.7123223543,1.951346755,1.251728654,2.902375698,-3.537192345,0.1469146013
scoop_total133g_signminus_offset259_set20,스쿱,scoop_total_133g,133,8,8,-0.7123223543,1.951346755,1.251728654,2.902375698,-3.537192345,0.1469146013
scoop_total133g_signminus_offset259_set20,스쿱,scoop_total_133g,133,8,9,-0.7143146396,1.953038335,1.259180665,2.90237689,-3.53719306,0.147739172
scoop_total133g_signminus_offset259_set20,스쿱,scoop_total_133g,133,8,10,-0.7143146396,1.953038335,1.259180665,2.90237689,-3.53719306,0.147739172
scoop_total133g_signminus_offset259_set20,스쿱,scoop_total_133g,133,9,1,-0.6865834594,1.964262962,1.192873836,2.902371407,-3.537190199,0.1442743987
scoop_total133g_signminus_offset259_set20,스쿱,scoop_total_133g,133,9,2,-0.6865834594,1.964262962,1.192873836,2.902371407,-3.537190199,0.1442743987
scoop_total133g_signminus_offset259_set20,스쿱,scoop_total_133g,133,9,3,-0.6772589684,1.973633051,1.191976786,2.902374029,-3.537191629,0.1459413767
scoop_total133g_signminus_offset259_set20,스쿱,scoop_total_133g,133,9,4,-0.6887907386,1.984095454,1.200573444,2.902373791,-3.537191391,0.145697549
scoop_total133g_signminus_offset259_set20,스쿱,scoop_total_133g,133,9,5,-0.6887907386,1.984095454,1.200573444,2.902373791,-3.537191391,0.145697549
scoop_total133g_signminus_offset259_set20,스쿱,scoop_total_133g,133,9,6,-0.7136659622,1.914047599,1.200897217,2.90237236,-3.537190676,0.1448094994
scoop_total133g_signminus_offset259_set20,스쿱,scoop_total_133g,133,9,7,-0.7136659622,1.914047599,1.200897217,2.90237236,-3.537190676,0.1448094994
scoop_total133g_signminus_offset259_set20,스쿱,scoop_total_133g,133,9,8,-0.7386360765,1.875126243,1.210056305,2.902374268,-3.537191868,0.14608863
scoop_total133g_signminus_offset259_set20,스쿱,scoop_total_133g,133,9,9,-0.7386360765,1.875126243,1.210056305,2.902374268,-3.537191868,0.14608863
scoop_total133g_signminus_offset259_set20,스쿱,scoop_total_133g,133,9,10,-0.7355256677,1.916566372,1.269738674,2.902375698,-3.537192583,0.1470214725
scoop_total133g_signminus_offset259_set20,스쿱,scoop_total_133g,133,10,1,-0.5707999468,1.969149947,1.232380033,2.902376652,-3.537192822,0.1475728601
scoop_total133g_signminus_offset259_set20,스쿱,scoop_total_133g,133,10,2,-0.5707999468,1.969149947,1.232380033,2.902376652,-3.537192822,0.1475728601
scoop_total133g_signminus_offset259_set20,스쿱,scoop_total_133g,133,10,3,-0.5834547281,1.928109527,1.224519491,2.902376413,-3.537192345,0.1471522748
scoop_total133g_signminus_offset259_set20,스쿱,scoop_total_133g,133,10,4,-0.5834547281,1.928109527,1.224519491,2.902376413,-3.537192345,0.1471522748
scoop_total133g_signminus_offset259_set20,스쿱,scoop_total_133g,133,10,5,-0.5640041828,1.91695261,1.2109586,2.90237689,-3.537192822,0.1475075334
scoop_total133g_signminus_offset259_set20,스쿱,scoop_total_133g,133,10,6,-0.5640041828,1.91695261,1.2109586,2.90237689,-3.537192822,0.1475075334
scoop_total133g_signminus_offset259_set20,스쿱,scoop_total_133g,133,10,7,-0.5518192053,1.9273597,1.233998418,2.902379036,-3.537194014,0.1489528269
scoop_total133g_signminus_offset259_set20,스쿱,scoop_total_133g,133,10,8,-0.5518192053,1.9273597,1.233998418,2.902379036,-3.537194014,0.1489528269
scoop_total133g_signminus_offset259_set20,스쿱,scoop_total_133g,133,10,9,-0.561534524,1.92824173,1.231120586,2.902377129,-3.537193298,0.1478358358
scoop_total133g_signminus_offset259_set20,스쿱,scoop_total_133g,133,10,10,-0.561534524,1.92824173,1.231120586,2.902377129,-3.537193298,0.1478358358
scoop_total133g_signminus_offset259_set20,스쿱,scoop_total_133g,133,11,1,-0.455062151,1.874169827,1.241113067,2.902377129,-3.53719306,0.1478155106
scoop_total133g_signminus_offset259_set20,스쿱,scoop_total_133g,133,11,2,-0.4563401639,1.847801685,1.25009501,2.902375937,-3.537192583,0.1471342295
scoop_total133g_signminus_offset259_set20,스쿱,scoop_total_133g,133,11,3,-0.4563401639,1.847801685,1.25009501,2.902375937,-3.537192583,0.1471342295
scoop_total133g_signminus_offset259_set20,스쿱,scoop_total_133g,133,11,4,-0.4481498599,1.834423184,1.243588448,2.902373552,-3.537191391,0.1455751061
scoop_total133g_signminus_offset259_set20,스쿱,scoop_total_133g,133,11,5,-0.43032673,1.870129466,1.241150141,2.902372599,-3.537190914,0.1449954808
scoop_total133g_signminus_offset259_set20,스쿱,scoop_total_133g,133,11,6,-0.43032673,1.870129466,1.241150141,2.902372599,-3.537190914,0.1449954808
scoop_total133g_signminus_offset259_set20,스쿱,scoop_total_133g,133,11,7,-0.4306695461,1.86768508,1.243871093,2.902382851,-3.537195921,0.1513535976
scoop_total133g_signminus_offset259_set20,스쿱,scoop_total_133g,133,11,8,-0.4306695461,1.86768508,1.243871093,2.902382851,-3.537195921,0.1513535976
scoop_total133g_signminus_offset259_set20,스쿱,scoop_total_133g,133,11,9,-0.4298895001,1.835135102,1.253085494,2.902379751,-3.53719449,0.1495313644
scoop_total133g_signminus_offset259_set20,스쿱,scoop_total_133g,133,11,10,-0.4298895001,1.835135102,1.253085494,2.902379751,-3.53719449,0.1495313644
scoop_total133g_signminus_offset259_set20,스쿱,scoop_total_133g,133,12,1,-0.4575138688,1.698253632,1.308140278,2.902371883,-3.537190676,0.144634515
scoop_total133g_signminus_offset259_set20,스쿱,scoop_total_133g,133,12,2,-0.4575138688,1.698253632,1.308140278,2.902371883,-3.537190676,0.144634515
scoop_total133g_signminus_offset259_set20,스쿱,scoop_total_133g,133,12,3,-0.3691544235,1.857000232,1.309079289,2.902378559,-3.537193775,0.1486923099
scoop_total133g_signminus_offset259_set20,스쿱,scoop_total_133g,133,12,4,-0.3691544235,1.857000232,1.309079289,2.902378559,-3.537193775,0.1486923099
scoop_total133g_signminus_offset259_set20,스쿱,scoop_total_133g,133,12,5,-0.3412143886,1.951837659,1.283134103,2.902386427,-3.537197828,0.1536658257
scoop_total133g_signminus_offset259_set20,스쿱,scoop_total_133g,133,12,6,-0.3412143886,1.951837659,1.283134103,2.902386427,-3.537197828,0.1536658257
scoop_total133g_signminus_offset259_set20,스쿱,scoop_total_133g,133,12,7,-0.3639969826,1.888823628,1.266340494,2.902382612,-3.537195921,0.1512105763
scoop_total133g_signminus_offset259_set20,스쿱,scoop_total_133g,133,12,8,-0.3639969826,1.888823628,1.266340494,2.902382612,-3.537195921,0.1512105763
scoop_total133g_signminus_offset259_set20,스쿱,scoop_total_133g,133,12,9,-0.4044973552,1.797774553,1.284104586,2.902377129,-3.53719306,0.1477784663
scoop_total133g_signminus_offset259_set20,스쿱,scoop_total_133g,133,12,10,-0.4044973552,1.797774553,1.284104586,2.902377129,-3.53719306,0.1477784663
scoop_total133g_signminus_offset259_set20,스쿱,scoop_total_133g,133,13,1,-0.5126080513,1.821927786,1.335828424,2.90237689,-3.53719306,0.1477540433
scoop_total133g_signminus_offset259_set20,스쿱,scoop_total_133g,133,13,2,-0.4927027524,1.855499864,1.313024998,2.902377844,-3.537193537,0.1483307332
scoop_total133g_signminus_offset259_set20,스쿱,scoop_total_133g,133,13,3,-0.4927027524,1.855499864,1.313024998,2.902377844,-3.537193537,0.1483307332
scoop_total133g_signminus_offset259_set20,스쿱,scoop_total_133g,133,13,4,-0.4700463414,1.88519001,1.306765795,2.902377605,-3.537193298,0.1480935961
scoop_total133g_signminus_offset259_set20,스쿱,scoop_total_133g,133,13,5,-0.4700463414,1.88519001,1.306765795,2.902377605,-3.537193298,0.1480935961
scoop_total133g_signminus_offset259_set20,스쿱,scoop_total_133g,133,13,6,-0.4703579843,1.896632195,1.306042194,2.902374983,-3.537192106,0.146449849
scoop_total133g_signminus_offset259_set20,스쿱,scoop_total_133g,133,13,7,-0.4874516726,1.881043792,1.28726697,2.902369976,-3.537189722,0.1434370726
scoop_total133g_signminus_offset259_set20,스쿱,scoop_total_133g,133,13,8,-0.4874516726,1.881043792,1.28726697,2.902369976,-3.537189722,0.1434370726
scoop_total133g_signminus_offset259_set20,스쿱,scoop_total_133g,133,13,9,-0.4829020798,1.867348909,1.28833437,2.902377605,-3.537192583,0.1477846801
scoop_total133g_signminus_offset259_set20,스쿱,scoop_total_133g,133,13,10,-0.4829020798,1.867348909,1.28833437,2.902377605,-3.537192583,0.1477846801
scoop_total133g_signminus_offset259_set20,스쿱,scoop_total_133g,133,14,1,-0.6237035394,1.932950735,1.285742402,2.902377367,-3.537192106,0.1474483609
scoop_total133g_signminus_offset259_set20,스쿱,scoop_total_133g,133,14,2,-0.6237035394,1.932950735,1.285742402,2.902377367,-3.537192106,0.1474483609
scoop_total133g_signminus_offset259_set20,스쿱,scoop_total_133g,133,14,3,-0.6329036355,1.910107017,1.294988036,2.902378559,-3.537193775,0.1486863792
scoop_total133g_signminus_offset259_set20,스쿱,scoop_total_133g,133,14,4,-0.6329036355,1.910107017,1.294988036,2.902378559,-3.537193775,0.1486863792
scoop_total133g_signminus_offset259_set20,스쿱,scoop_total_133g,133,14,5,-0.6205308437,1.911218047,1.289820194,2.902378559,-3.537193775,0.1486564279
scoop_total133g_signminus_offset259_set20,스쿱,scoop_total_133g,133,14,6,-0.6205308437,1.911218047,1.289820194,2.902378559,-3.537193775,0.1486564279
scoop_total133g_signminus_offset259_set20,스쿱,scoop_total_133g,133,14,7,-0.6277133822,1.930249929,1.288545609,2.902377129,-3.537193298,0.1478284597
scoop_total133g_signminus_offset259_set20,스쿱,scoop_total_133g,133,14,8,-0.6106690764,1.962150693,1.283679962,2.90237999,-3.537194729,0.1496723145
scoop_total133g_signminus_offset259_set20,스쿱,scoop_total_133g,133,14,9,-0.6106690764,1.962150693,1.283679962,2.90237999,-3.537194729,0.1496723145
scoop_total133g_signminus_offset259_set20,스쿱,scoop_total_133g,133,14,10,-0.6205306053,1.97630465,1.290760756,2.902382374,-3.537195921,0.1511941403
scoop_total133g_signminus_offset259_set20,스쿱,scoop_total_133g,133,15,1,-0.6048651934,2.085297585,1.160936356,2.902381659,-3.537195444,0.1506589353
scoop_total133g_signminus_offset259_set20,스쿱,scoop_total_133g,133,15,2,-0.6491328478,2.067699194,1.226955295,2.90238142,-3.537195444,0.1505627334
scoop_total133g_signminus_offset259_set20,스쿱,scoop_total_133g,133,15,3,-0.6491328478,2.067699194,1.226955295,2.90238142,-3.537195444,0.1505627334
scoop_total133g_signminus_offset259_set20,스쿱,scoop_total_133g,133,15,4,-0.676944375,2.024245024,1.305775881,2.902381897,-3.537195683,0.1508551538
scoop_total133g_signminus_offset259_set20,스쿱,scoop_total_133g,133,15,5,-0.676944375,2.024245024,1.305775881,2.902381897,-3.537195683,0.1508551538
scoop_total133g_signminus_offset259_set20,스쿱,scoop_total_133g,133,15,6,-0.7104965448,2.011306763,1.368914247,2.902378559,-3.537193775,0.1486988217
scoop_total133g_signminus_offset259_set20,스쿱,scoop_total_133g,133,15,7,-0.7104965448,2.011306763,1.368914247,2.902378559,-3.537193775,0.1486988217
scoop_total133g_signminus_offset259_set20,스쿱,scoop_total_133g,133,15,8,-0.7287139893,1.969229221,1.360669017,2.902382851,-3.537196159,0.1514609456
scoop_total133g_signminus_offset259_set20,스쿱,scoop_total_133g,133,15,9,-0.7287139893,1.969229221,1.360669017,2.902382851,-3.537196159,0.1514609456
scoop_total133g_signminus_offset259_set20,스쿱,scoop_total_133g,133,15,10,-0.7609204054,1.928828955,1.324127197,2.902374506,-3.537191868,0.1461774409
scoop_total133g_signminus_offset259_set20,스쿱,scoop_total_133g,133,16,1,-0.6406388283,2.025533438,1.192996144,2.902378082,-3.537193537,0.1484190822
scoop_total133g_signminus_offset259_set20,스쿱,scoop_total_133g,133,16,2,-0.6497833133,2.054209232,1.198898673,2.902378559,-3.537193775,0.1486945897
scoop_total133g_signminus_offset259_set20,스쿱,scoop_total_133g,133,16,3,-0.6497833133,2.054209232,1.198898673,2.902378559,-3.537193775,0.1486945897
scoop_total133g_signminus_offset259_set20,스쿱,scoop_total_133g,133,16,4,-0.6742427349,2.029247761,1.226944923,2.902380466,-3.537194729,0.1498613358
scoop_total133g_signminus_offset259_set20,스쿱,scoop_total_133g,133,16,5,-0.6742427349,2.029247761,1.226944923,2.902380466,-3.537194729,0.1498613358
scoop_total133g_signminus_offset259_set20,스쿱,scoop_total_133g,133,16,6,-0.6916069388,1.998409867,1.269993901,2.902378082,-3.537193537,0.1483923495
scoop_total133g_signminus_offset259_set20,스쿱,scoop_total_133g,133,16,7,-0.7298689485,1.943694949,1.239681721,2.902379036,-3.537194014,0.1489651054
scoop_total133g_signminus_offset259_set20,스쿱,scoop_total_133g,133,16,8,-0.7298689485,1.943694949,1.239681721,2.902379036,-3.537194014,0.1489651054
scoop_total133g_signminus_offset259_set20,스쿱,scoop_total_133g,133,16,9,-0.6878921986,1.990705132,1.221555114,2.90237689,-3.53719306,0.1476940066
scoop_total133g_signminus_offset259_set20,스쿱,scoop_total_133g,133,16,10,-0.6878921986,1.990705132,1.221555114,2.90237689,-3.53719306,0.1476940066
scoop_total133g_signminus_offset259_set20,스쿱,scoop_total_133g,133,17,1,-0.3580209017,1.919328213,1.309843659,2.902392149,-3.537200689,0.1571804285
scoop_total133g_signminus_offset259_set20,스쿱,scoop_total_133g,133,17,2,-0.3580209017,1.919328213,1.309843659,2.902392149,-3.537200689,0.1571804285
scoop_total133g_signminus_offset259_set20,스쿱,scoop_total_133g,133,17,3,-0.414370805,1.858482599,1.315108299,2.902385235,-3.537197351,0.1529739648
scoop_total133g_signminus_offset259_set20,스쿱,scoop_total_133g,133,17,4,-0.4352926612,1.776464581,1.301607847,2.902375937,-3.537192583,0.1471707821
scoop_total133g_signminus_offset259_set20,스쿱,scoop_total_133g,133,17,5,-0.4352926612,1.776464581,1.301607847,2.902375937,-3.537192583,0.1471707821
scoop_total133g_signminus_offset259_set20,스쿱,scoop_total_133g,133,17,6,-0.4423196018,1.730678558,1.282723427,2.902375698,-3.537192583,0.1469600201
scoop_total133g_signminus_offset259_set20,스쿱,scoop_total_133g,133,17,7,-0.4423196018,1.730678558,1.282723427,2.902375698,-3.537192583,0.1469600201
scoop_total133g_signminus_offset259_set20,스쿱,scoop_total_133g,133,17,8,-0.4108620286,1.757316828,1.251434445,2.902373552,-3.537191391,0.1456605941
scoop_total133g_signminus_offset259_set20,스쿱,scoop_total_133g,133,17,9,-0.4108620286,1.757316828,1.251434445,2.902373552,-3.537191391,0.1456605941
scoop_total133g_signminus_offset259_set20,스쿱,scoop_total_133g,133,17,10,-0.3817495406,1.82843864,1.223701954,2.902372599,-3.537190914,0.1449865997
scoop_total133g_signminus_offset259_set20,스쿱,scoop_total_133g,133,18,1,-0.4823606014,1.78196013,1.428548098,2.90237236,-3.537190676,0.1448188722
scoop_total133g_signminus_offset259_set20,스쿱,scoop_total_133g,133,18,2,-0.478554517,1.768409371,1.389898181,2.902369261,-3.537189245,0.1430079639
scoop_total133g_signminus_offset259_set20,스쿱,scoop_total_133g,133,18,3,-0.478554517,1.768409371,1.389898181,2.902369261,-3.537189245,0.1430079639
scoop_total133g_signminus_offset259_set20,스쿱,scoop_total_133g,133,18,4,-0.450797379,1.822883844,1.337641478,2.90237689,-3.53719306,0.147678718
scoop_total133g_signminus_offset259_set20,스쿱,scoop_total_133g,133,18,5,-0.450797379,1.822883844,1.337641478,2.90237689,-3.53719306,0.147678718
scoop_total133g_signminus_offset259_set20,스쿱,scoop_total_133g,133,18,6,-0.4227793515,1.859192014,1.2701478,2.902382374,-3.537195921,0.1510571092
scoop_total133g_signminus_offset259_set20,스쿱,scoop_total_133g,133,18,7,-0.4227793515,1.859192014,1.2701478,2.902382374,-3.537195921,0.1510571092
scoop_total133g_signminus_offset259_set20,스쿱,scoop_total_133g,133,18,8,-0.3862422407,1.915090203,1.245962739,2.902380466,-3.537194967,0.1499384642
scoop_total133g_signminus_offset259_set20,스쿱,scoop_total_133g,133,18,9,-0.3862422407,1.915090203,1.245962739,2.902380466,-3.537194967,0.1499384642
scoop_total133g_signminus_offset259_set20,스쿱,scoop_total_133g,133,18,10,-0.3998388052,1.906673074,1.256016254,2.902383327,-3.537196398,0.1517225653
scoop_total133g_signminus_offset259_set20,스쿱,scoop_total_133g,133,19,1,-0.5013676882,1.876266241,1.275998592,2.902375221,-3.537192106,0.1466368288
scoop_total133g_signminus_offset259_set20,스쿱,scoop_total_133g,133,19,2,-0.5346702337,1.8447119,1.271874547,2.902371645,-3.537190437,0.1444675624
scoop_total133g_signminus_offset259_set20,스쿱,scoop_total_133g,133,19,3,-0.5765668154,1.796491385,1.283102155,2.90237093,-3.537190199,0.1440254748
scoop_total133g_signminus_offset259_set20,스쿱,scoop_total_133g,133,19,4,-0.5765668154,1.796491385,1.283102155,2.90237093,-3.537190199,0.1440254748
scoop_total133g_signminus_offset259_set20,스쿱,scoop_total_133g,133,19,5,-0.5623533726,1.811949372,1.258239746,2.902369738,-3.537189484,0.1431741565
scoop_total133g_signminus_offset259_set20,스쿱,scoop_total_133g,133,19,6,-0.5623533726,1.811949372,1.258239746,2.902369738,-3.537189484,0.1431741565
scoop_total133g_signminus_offset259_set20,스쿱,scoop_total_133g,133,19,7,-0.5417187214,1.850680351,1.254909039,2.902375221,-3.537192345,0.1467332989
scoop_total133g_signminus_offset259_set20,스쿱,scoop_total_133g,133,19,8,-0.5417187214,1.850680351,1.254909039,2.902375221,-3.537192345,0.1467332989
scoop_total133g_signminus_offset259_set20,스쿱,scoop_total_133g,133,19,9,-0.501193285,1.933582187,1.27646172,2.902371407,-3.537190437,0.1442814469
scoop_total133g_signminus_offset259_set20,스쿱,scoop_total_133g,133,19,10,-0.501193285,1.933582187,1.27646172,2.902371407,-3.537190437,0.1442814469
scoop_total133g_signminus_offset259_set20,스쿱,scoop_total_133g,133,20,1,-0.6358469725,1.918360949,1.260048985,2.902374744,-3.537192106,0.1463943571
scoop_total133g_signminus_offset259_set20,스쿱,scoop_total_133g,133,20,2,-0.6358469725,1.918360949,1.260048985,2.902374744,-3.537192106,0.1463943571
scoop_total133g_signminus_offset259_set20,스쿱,scoop_total_133g,133,20,3,-0.6395295858,1.925394893,1.257340312,2.902374506,-3.537191868,0.1462726444
scoop_total133g_signminus_offset259_set20,스쿱,scoop_total_133g,133,20,4,-0.6395295858,1.925394893,1.257340312,2.902374506,-3.537191868,0.1462726444
scoop_total133g_signminus_offset259_set20,스쿱,scoop_total_133g,133,20,5,-0.6386718154,1.968161464,1.263755083,2.90237689,-3.53719306,0.1477359384
scoop_total133g_signminus_offset259_set20,스쿱,scoop_total_133g,133,20,6,-0.6435496211,1.939205289,1.260173559,2.902376652,-3.53719306,0.1475777924
scoop_total133g_signminus_offset259_set20,스쿱,scoop_total_133g,133,20,7,-0.6435496211,1.939205289,1.260173559,2.902376652,-3.53719306,0.1475777924
scoop_total133g_signminus_offset259_set20,스쿱,scoop_total_133g,133,20,8,-0.6491143703,1.944307923,1.230849862,2.902374268,-3.537191868,0.1460998058
scoop_total133g_signminus_offset259_set20,스쿱,scoop_total_133g,133,20,9,-0.6491143703,1.944307923,1.230849862,2.902374268,-3.537191868,0.1460998058
scoop_total133g_signminus_offset259_set20,스쿱,scoop_total_133g,133,20,10,-0.6525864601,1.925211191,1.222182751,2.90237546,-3.537192345,0.1468720734
scoop_total133g_signminus_offset259_set20,스쿱,scoop_total_133g,133,21,1,-0.6950910687,1.942181706,1.177499175,2.902373791,-3.537191391,0.1457382441
scoop_total133g_signminus_offset259_set20,스쿱,scoop_total_133g,133,21,2,-0.6950910687,1.942181706,1.177499175,2.902373791,-3.537191391,0.1457382441
scoop_total133g_signminus_offset259_set20,스쿱,scoop_total_133g,133,21,3,-0.6900569797,1.968917966,1.186480641,2.902376652,-3.53719306,0.1476018429
scoop_total133g_signminus_offset259_set20,스쿱,scoop_total_133g,133,21,4,-0.6973828673,1.950027347,1.204058647,2.902374506,-3.537191868,0.1462412626
scoop_total133g_signminus_offset259_set20,스쿱,scoop_total_133g,133,21,5,-0.6973828673,1.950027347,1.204058647,2.902374506,-3.537191868,0.1462412626
scoop_total133g_signminus_offset259_set20,스쿱,scoop_total_133g,133,21,6,-0.6798653603,1.936969519,1.179224372,2.902376175,-3.537192822,0.1472866386
scoop_total133g_signminus_offset259_set20,스쿱,scoop_total_133g,133,21,7,-0.6798653603,1.936969519,1.179224372,2.902376175,-3.537192822,0.1472866386
scoop_total133g_signminus_offset259_set20,스쿱,scoop_total_133g,133,21,8,-0.6739906669,1.97117281,1.171526909,2.902374029,-3.537191629,0.1459514946
scoop_total133g_signminus_offset259_set20,스쿱,scoop_total_133g,133,21,9,-0.6739906669,1.97117281,1.171526909,2.902374029,-3.537191629,0.1459514946
scoop_total133g_signminus_offset259_set20,스쿱,scoop_total_133g,133,21,10,-0.6632706523,1.983574271,1.150006175,2.902376413,-3.537192822,0.1474490464
scoop_total133g_signminus_offset259_set20,스쿱,scoop_total_133g,133,22,1,-0.6770763993,1.967914581,1.197682858,2.902375937,-3.537192583,0.1471318156
scoop_total133g_signminus_offset259_set20,스쿱,scoop_total_133g,133,22,2,-0.6770763993,1.967914581,1.197682858,2.902375937,-3.537192583,0.1471318156
scoop_total133g_signminus_offset259_set20,스쿱,scoop_total_133g,133,22,3,-0.6873806119,1.946051598,1.190345287,2.902373552,-3.537191391,0.14568533
scoop_total133g_signminus_offset259_set20,스쿱,scoop_total_133g,133,22,4,-0.6842793822,1.955478668,1.178801179,2.902369261,-3.537189245,0.1429293752
scoop_total133g_signminus_offset259_set20,스쿱,scoop_total_133g,133,22,5,-0.6842793822,1.955478668,1.178801179,2.902369261,-3.537189245,0.1429293752
scoop_total133g_signminus_offset259_set20,스쿱,scoop_total_133g,133,22,6,-0.6739200354,1.967464447,1.172097087,2.902375937,-3.537192583,0.1468932331
scoop_total133g_signminus_offset259_set20,스쿱,scoop_total_133g,133,22,7,-0.6739200354,1.967464447,1.172097087,2.902375937,-3.537192583,0.1468932331
scoop_total133g_signminus_offset259_set20,스쿱,scoop_total_133g,133,22,8,-0.6644351482,1.967575431,1.189978361,2.902380466,-3.537194729,0.1497116089
scoop_total133g_signminus_offset259_set20,스쿱,scoop_total_133g,133,22,9,-0.6644351482,1.967575431,1.189978361,2.902380466,-3.537194729,0.1497116089
scoop_total133g_signminus_offset259_set20,스쿱,scoop_total_133g,133,22,10,-0.658118844,1.971951485,1.203996539,2.902380228,-3.537194729,0.1496396363
scoop_total133g_signminus_offset259_set20,스쿱,scoop_total_133g,133,23,1,-0.5466589332,1.945658803,1.197425008,2.90237999,-3.537194729,0.1496994495
scoop_total133g_signminus_offset259_set20,스쿱,scoop_total_133g,133,23,2,-0.5529101491,1.945421338,1.207208276,2.902378798,-3.537194014,0.1488349736
scoop_total133g_signminus_offset259_set20,스쿱,scoop_total_133g,133,23,3,-0.5529101491,1.945421338,1.207208276,2.902378798,-3.537194014,0.1488349736
scoop_total133g_signminus_offset259_set20,스쿱,scoop_total_133g,133,23,4,-0.5817298889,1.892322183,1.21086216,2.902374268,-3.537191868,0.1460979879
scoop_total133g_signminus_offset259_set20,스쿱,scoop_total_133g,133,23,5,-0.5817298889,1.892322183,1.21086216,2.902374268,-3.537191868,0.1460979879
scoop_total133g_signminus_offset259_set20,스쿱,scoop_total_133g,133,23,6,-0.5679734945,1.883589745,1.206084371,2.902374506,-3.537191868,0.146203503
scoop_total133g_signminus_offset259_set20,스쿱,scoop_total_133g,133,23,7,-0.5679734945,1.883589745,1.206084371,2.902374506,-3.537191868,0.146203503
scoop_total133g_signminus_offset259_set20,스쿱,scoop_total_133g,133,23,8,-0.5319893956,1.892261505,1.204906106,2.902382374,-3.537195921,0.1511050612
scoop_total133g_signminus_offset259_set20,스쿱,scoop_total_133g,133,23,9,-0.5319893956,1.892261505,1.204906106,2.902382374,-3.537195921,0.1511050612
scoop_total133g_signminus_offset259_set20,스쿱,scoop_total_133g,133,23,10,-0.516368866,1.897789598,1.213004112,2.902374268,-3.537191629,0.1460227668
scoop_total133g_signminus_offset259_set20,스쿱,scoop_total_133g,133,24,1,-0.5098169446,1.859468341,1.306584001,2.902378321,-3.537193775,0.1486602128
scoop_total133g_signminus_offset259_set20,스쿱,scoop_total_133g,133,24,2,-0.5098169446,1.859468341,1.306584001,2.902378321,-3.537193775,0.1486602128
scoop_total133g_signminus_offset259_set20,스쿱,scoop_total_133g,133,24,3,-0.5052072406,1.839257121,1.317249775,2.902375698,-3.537192345,0.1468927115
scoop_total133g_signminus_offset259_set20,스쿱,scoop_total_133g,133,24,4,-0.5052072406,1.839257121,1.317249775,2.902375698,-3.537192345,0.1468927115
scoop_total133g_signminus_offset259_set20,스쿱,scoop_total_133g,133,24,5,-0.4609696567,1.852663755,1.311081886,2.902375937,-3.537192583,0.1471623629
scoop_total133g_signminus_offset259_set20,스쿱,scoop_total_133g,133,24,6,-0.4609696567,1.852663755,1.311081886,2.902375937,-3.537192583,0.1471623629
scoop_total133g_signminus_offset259_set20,스쿱,scoop_total_133g,133,24,7,-0.4501731694,1.857680321,1.316329598,2.902377367,-3.537193298,0.1479360014
scoop_total133g_signminus_offset259_set20,스쿱,scoop_total_133g,133,24,8,-0.4501731694,1.857680321,1.316329598,2.902377367,-3.537193298,0.1479360014
scoop_total133g_signminus_offset259_set20,스쿱,scoop_total_133g,133,24,9,-0.4426504374,1.853089333,1.304300308,2.902375698,-3.537192583,0.1469640881
scoop_total133g_signminus_offset259_set20,스쿱,scoop_total_133g,133,24,10,-0.4426504374,1.853089333,1.304300308,2.902375698,-3.537192583,0.1469640881
scoop_total133g_signminus_offset259_set20,스쿱,scoop_total_133g,133,25,1,-0.4333981872,1.794805884,1.34980917,2.902377844,-3.537193537,0.1482463032
scoop_total133g_signminus_offset259_set20,스쿱,scoop_total_133g,133,25,2,-0.4081218839,1.85413003,1.360492468,2.902378321,-3.537193775,0.1485492736
scoop_total133g_signminus_offset259_set20,스쿱,scoop_total_133g,133,25,3,-0.4081218839,1.85413003,1.360492468,2.902378321,-3.537193775,0.1485492736
scoop_total133g_signminus_offset259_set20,스쿱,scoop_total_133g,133,25,4,-0.4060369134,1.867640018,1.340556264,2.902377605,-3.537193537,0.1481279433
scoop_total133g_signminus_offset259_set20,스쿱,scoop_total_133g,133,25,5,-0.4060369134,1.867640018,1.340556264,2.902377605,-3.537193537,0.1481279433
scoop_total133g_signminus_offset259_set20,스쿱,scoop_total_133g,133,25,6,-0.4131759405,1.848492622,1.350329161,2.902374029,-3.537191629,0.1458690017
scoop_total133g_signminus_offset259_set20,스쿱,scoop_total_133g,133,25,7,-0.4131759405,1.848492622,1.350329161,2.902374029,-3.537191629,0.1458690017
scoop_total133g_signminus_offset259_set20,스쿱,scoop_total_133g,133,25,8,-0.4312170744,1.828356862,1.361821055,2.902374506,-3.537191868,0.1462141573
scoop_total133g_signminus_offset259_set20,스쿱,scoop_total_133g,133,25,9,-0.45990628,1.822445512,1.369889975,2.902375937,-3.537192583,0.1471515
scoop_total133g_signminus_offset259_set20,스쿱,scoop_total_133g,133,25,10,-0.45990628,1.822445512,1.369889975,2.902375937,-3.537192583,0.1471515
scoop_total133g_signminus_offset259_set20,스쿱,scoop_total_133g,133,26,1,-0.4270476699,1.847536325,1.256896257,2.902375937,-3.537192583,0.1471548229
scoop_total133g_signminus_offset259_set20,스쿱,scoop_total_133g,133,26,2,-0.4270476699,1.847536325,1.256896257,2.902375937,-3.537192583,0.1471548229
scoop_total133g_signminus_offset259_set20,스쿱,scoop_total_133g,133,26,3,-0.4556829929,1.826954007,1.260721445,2.902380466,-3.537194967,0.1499214321
scoop_total133g_signminus_offset259_set20,스쿱,scoop_total_133g,133,26,4,-0.4556829929,1.826954007,1.260721445,2.902380466,-3.537194967,0.1499214321
scoop_total133g_signminus_offset259_set20,스쿱,scoop_total_133g,133,26,5,-0.4586777985,1.805002093,1.285043836,2.902371645,-3.537190437,0.14446114
scoop_total133g_signminus_offset259_set20,스쿱,scoop_total_133g,133,26,6,-0.4586777985,1.805002093,1.285043836,2.902371645,-3.537190437,0.14446114
scoop_total133g_signminus_offset259_set20,스쿱,scoop_total_133g,133,26,7,-0.4524398744,1.843619585,1.283711672,2.902376413,-3.537192822,0.1473743618
scoop_total133g_signminus_offset259_set20,스쿱,scoop_total_133g,133,26,8,-0.4524398744,1.843619585,1.283711672,2.902376413,-3.537192822,0.1473743618
scoop_total133g_signminus_offset259_set20,스쿱,scoop_total_133g,133,26,9,-0.4641320407,1.843366861,1.30754447,2.902378798,-3.537194014,0.1488263756
scoop_total133g_signminus_offset259_set20,스쿱,scoop_total_133g,133,26,10,-0.4641320407,1.843366861,1.30754447,2.902378798,-3.537194014,0.1488263756
scoop_total133g_signminus_offset259_set20,스쿱,scoop_total_133g,133,27,1,-0.5167972445,1.91218853,1.216074347,2.90237546,-3.537192345,0.1467108876
scoop_total133g_signminus_offset259_set20,스쿱,scoop_total_133g,133,27,2,-0.5651434064,1.873817921,1.217818141,2.902374744,-3.537192106,0.1463426799
scoop_total133g_signminus_offset259_set20,스쿱,scoop_total_133g,133,27,3,-0.5651434064,1.873817921,1.217818141,2.902374744,-3.537192106,0.1463426799
scoop_total133g_signminus_offset259_set20,스쿱,scoop_total_133g,133,27,4,-0.5532453656,1.877623677,1.220729351,2.902379751,-3.53719449,0.1494418234
scoop_total133g_signminus_offset259_set20,스쿱,scoop_total_133g,133,27,5,-0.5532453656,1.877623677,1.220729351,2.902379751,-3.53719449,0.1494418234
scoop_total133g_signminus_offset259_set20,스쿱,scoop_total_133g,133,27,6,-0.5340095162,1.904624581,1.232144475,2.902373791,-3.537191391,0.1457298547
scoop_total133g_signminus_offset259_set20,스쿱,scoop_total_133g,133,27,7,-0.5340095162,1.904624581,1.232144475,2.902373791,-3.537191391,0.1457298547
scoop_total133g_signminus_offset259_set20,스쿱,scoop_total_133g,133,27,8,-0.5426684022,1.915668249,1.216305852,2.902377129,-3.537193298,0.1478965133
scoop_total133g_signminus_offset259_set20,스쿱,scoop_total_133g,133,27,9,-0.5426684022,1.915668249,1.216305852,2.902377129,-3.537193298,0.1478965133
scoop_total133g_signminus_offset259_set20,스쿱,scoop_total_133g,133,27,10,-0.5749572515,1.897858143,1.223931789,2.902374268,-3.537191391,0.1458932757
scoop_total133g_signminus_offset259_set20,스쿱,scoop_total_133g,133,28,1,-0.6526452303,1.949286103,1.245130301,2.902377605,-3.537193537,0.1481356919
scoop_total133g_signminus_offset259_set20,스쿱,scoop_total_133g,133,28,2,-0.675557375,1.944844842,1.247318864,2.902374029,-3.537191629,0.1459396929
scoop_total133g_signminus_offset259_set20,스쿱,scoop_total_133g,133,28,3,-0.675557375,1.944844842,1.247318864,2.902374029,-3.537191629,0.1459396929
scoop_total133g_signminus_offset259_set20,스쿱,scoop_total_133g,133,28,4,-0.675065577,1.952188849,1.251538515,2.902384043,-3.537196636,0.1521788538
scoop_total133g_signminus_offset259_set20,스쿱,scoop_total_133g,133,28,5,-0.675065577,1.952188849,1.251538515,2.902384043,-3.537196636,0.1521788538
scoop_total133g_signminus_offset259_set20,스쿱,scoop_total_133g,133,28,6,-0.6334695816,2.018856764,1.241032839,2.902378082,-3.537193775,0.1484771073
scoop_total133g_signminus_offset259_set20,스쿱,scoop_total_133g,133,28,7,-0.6334695816,2.018856764,1.241032839,2.902378082,-3.537193775,0.1484771073
scoop_total133g_signminus_offset259_set20,스쿱,scoop_total_133g,133,28,8,-0.6438311338,2.025632858,1.234924555,2.902380943,-3.537193775,0.149614349
scoop_total133g_signminus_offset259_set20,스쿱,scoop_total_133g,133,28,9,-0.6438311338,2.025632858,1.234924555,2.902380943,-3.537193775,0.149614349
scoop_total133g_signminus_offset259_set20,스쿱,scoop_total_133g,133,28,10,-0.6387186646,2.024124146,1.245611072,2.902383327,-3.537196159,0.1516639292
scoop_total133g_signminus_offset259_set20,스쿱,scoop_total_133g,133,29,1,-0.7359019518,2.026287317,1.194388151,2.902380466,-3.537194967,0.1499698609
scoop_total133g_signminus_offset259_set20,스쿱,scoop_total_133g,133,29,2,-0.7359019518,2.026287317,1.194388151,2.902380466,-3.537194967,0.1499698609
scoop_total133g_signminus_offset259_set20,스쿱,scoop_total_133g,133,29,3,-0.7737392783,1.932832122,1.228282928,2.902377605,-3.537193537,0.1481952816
scoop_total133g_signminus_offset259_set20,스쿱,scoop_total_133g,133,29,4,-0.7737392783,1.932832122,1.228282928,2.902377605,-3.537193537,0.1481952816
scoop_total133g_signminus_offset259_set20,스쿱,scoop_total_133g,133,29,5,-0.8305543065,1.830211163,1.245597005,2.902372599,-3.537190914,0.1450854689
scoop_total133g_signminus_offset259_set20,스쿱,scoop_total_133g,133,29,6,-0.8305543065,1.830211163,1.245597005,2.902372599,-3.537190914,0.1450854689
scoop_total133g_signminus_offset259_set20,스쿱,scoop_total_133g,133,29,7,-0.803501308,1.846581459,1.245666027,2.902376175,-3.537192822,0.1472949386
scoop_total133g_signminus_offset259_set20,스쿱,scoop_total_133g,133,29,8,-0.803501308,1.846581459,1.245666027,2.902376175,-3.537192822,0.1472949386
scoop_total133g_signminus_offset259_set20,스쿱,scoop_total_133g,133,29,9,-0.7751547098,1.895240903,1.220580578,2.902373552,-3.537191391,0.145527035
scoop_total133g_signminus_offset259_set20,스쿱,scoop_total_133g,133,29,10,-0.7751547098,1.895240903,1.220580578,2.902373552,-3.537191391,0.145527035
scoop_total133g_signminus_offset259_set20,스쿱,scoop_total_133g,133,30,1,-0.6715789437,1.976878285,1.256322384,2.902381897,-3.537195683,0.1508443207
scoop_total133g_signminus_offset259_set20,스쿱,scoop_total_133g,133,30,2,-0.6715789437,1.976878285,1.256322384,2.902381897,-3.537195683,0.1508443207
scoop_total133g_signminus_offset259_set20,스쿱,scoop_total_133g,133,30,3,-0.6753765345,1.971200824,1.282432675,2.902380466,-3.537194967,0.1499551833
scoop_total133g_signminus_offset259_set20,스쿱,scoop_total_133g,133,30,4,-0.6838206053,1.960866094,1.263549805,2.902376413,-3.537192822,0.1473514438
scoop_total133g_signminus_offset259_set20,스쿱,scoop_total_133g,133,30,5,-0.6838206053,1.960866094,1.263549805,2.902376413,-3.537192822,0.1473514438
scoop_total133g_signminus_offset259_set20,스쿱,scoop_total_133g,133,30,6,-0.703849256,1.958967686,1.262911439,2.902376413,-3.537192822,0.147358343
scoop_total133g_signminus_offset259_set20,스쿱,scoop_total_133g,133,30,7,-0.6777234077,1.966480017,1.254116535,2.902379751,-3.53719449,0.1494967341
scoop_total133g_signminus_offset259_set20,스쿱,scoop_total_133g,133,30,8,-0.6777234077,1.966480017,1.254116535,2.902379751,-3.53719449,0.1494967341
scoop_total133g_signminus_offset259_set20,스쿱,scoop_total_133g,133,30,9,-0.6287145019,1.999745965,1.270055175,2.902379274,-3.537194252,0.1491905004
scoop_total133g_signminus_offset259_set20,스쿱,scoop_total_133g,133,30,10,-0.6287145019,1.999745965,1.270055175,2.902379274,-3.537194252,0.1491905004
scoop_total133g_signminus_offset256_set17,스쿱,scoop_total_133g,133,1,1,-0.4089195728,1.909589648,1.364797592,2.902376413,-3.537192822,0.1474512964
scoop_total133g_signminus_offset256_set17,스쿱,scoop_total_133g,133,1,2,-0.4110401571,1.886412621,1.367749095,2.902376413,-3.537192822,0.1473630369
scoop_total133g_signminus_offset256_set17,스쿱,scoop_total_133g,133,1,3,-0.4110401571,1.886412621,1.367749095,2.902376413,-3.537192822,0.1473630369
scoop_total133g_signminus_offset256_set17,스쿱,scoop_total_133g,133,1,4,-0.439676851,1.816648245,1.373603702,2.90237999,-3.537194729,0.1496667415
scoop_total133g_signminus_offset256_set17,스쿱,scoop_total_133g,133,1,5,-0.439676851,1.816648245,1.373603702,2.90237999,-3.537194729,0.1496667415
scoop_total133g_signminus_offset256_set17,스쿱,scoop_total_133g,133,1,6,-0.444421798,1.807622313,1.389392853,2.902371407,-3.537190437,0.1443416178
scoop_total133g_signminus_offset256_set17,스쿱,scoop_total_133g,133,1,7,-0.444421798,1.807622313,1.389392853,2.902371407,-3.537190437,0.1443416178
scoop_total133g_signminus_offset256_set17,스쿱,scoop_total_133g,133,1,8,-0.4237577915,1.825835347,1.375542879,2.902372122,-3.537190676,0.1447270811
scoop_total133g_signminus_offset256_set17,스쿱,scoop_total_133g,133,1,9,-0.4237577915,1.825835347,1.375542879,2.902372122,-3.537190676,0.1447270811
scoop_total133g_signminus_offset256_set17,스쿱,scoop_total_133g,133,1,10,-0.4096199572,1.841355443,1.336464405,2.902370214,-3.537189722,0.1436099708
scoop_total133g_signminus_offset256_set17,스쿱,scoop_total_133g,133,2,1,-0.4059271216,1.806784749,1.300825119,2.902376175,-3.537192822,0.1472862214
scoop_total133g_signminus_offset256_set17,스쿱,scoop_total_133g,133,2,2,-0.4059271216,1.806784749,1.300825119,2.902376175,-3.537192822,0.1472862214
scoop_total133g_signminus_offset256_set17,스쿱,scoop_total_133g,133,2,3,-0.4004351497,1.844456077,1.309522748,2.902371168,-3.537190199,0.1441197842
scoop_total133g_signminus_offset256_set17,스쿱,scoop_total_133g,133,2,4,-0.4004351497,1.844456077,1.309522748,2.902371168,-3.537190199,0.1441197842
scoop_total133g_signminus_offset256_set17,스쿱,scoop_total_133g,133,2,5,-0.3892647922,1.889305353,1.320956707,2.902371407,-3.537190199,0.1442582309
scoop_total133g_signminus_offset256_set17,스쿱,scoop_total_133g,133,2,6,-0.3892647922,1.889305353,1.320956707,2.902371407,-3.537190199,0.1442582309
scoop_total133g_signminus_offset256_set17,스쿱,scoop_total_133g,133,2,7,-0.4190593958,1.861876965,1.346325278,2.902375937,-3.537192583,0.1471196562
scoop_total133g_signminus_offset256_set17,스쿱,scoop_total_133g,133,2,8,-0.4190593958,1.861876965,1.346325278,2.902375937,-3.537192583,0.1471196562
scoop_total133g_signminus_offset256_set17,스쿱,scoop_total_133g,133,2,9,-0.4118125439,1.846944332,1.372488499,2.902373075,-3.537191153,0.145263657
scoop_total133g_signminus_offset256_set17,스쿱,scoop_total_133g,133,2,10,-0.4118125439,1.846944332,1.372488499,2.902373075,-3.537191153,0.145263657
scoop_total133g_signminus_offset256_set17,스쿱,scoop_total_133g,133,3,1,-0.5179997683,1.903941035,1.281963348,2.902375698,-3.537192583,0.146993041
scoop_total133g_signminus_offset256_set17,스쿱,scoop_total_133g,133,3,2,-0.5179997683,1.903941035,1.281963348,2.902375698,-3.537192583,0.146993041
scoop_total133g_signminus_offset256_set17,스쿱,scoop_total_133g,133,3,3,-0.5164477229,1.902171373,1.280401707,2.90237546,-3.537192345,0.1467773914
scoop_total133g_signminus_offset256_set17,스쿱,scoop_total_133g,133,3,4,-0.5164477229,1.902171373,1.280401707,2.90237546,-3.537192345,0.1467773914
scoop_total133g_signminus_offset256_set17,스쿱,scoop_total_133g,133,3,5,-0.5109526515,1.92337966,1.26106894,2.90237689,-3.53719306,0.1476641744
scoop_total133g_signminus_offset256_set17,스쿱,scoop_total_133g,133,3,6,-0.5109526515,1.92337966,1.26106894,2.90237689,-3.53719306,0.1476641744
scoop_total133g_signminus_offset256_set17,스쿱,scoop_total_133g,133,3,7,-0.5238037109,1.897639036,1.25523746,2.902373075,-3.537191153,0.1453814358
scoop_total133g_signminus_offset256_set17,스쿱,scoop_total_133g,133,3,8,-0.5238037109,1.897639036,1.25523746,2.902373075,-3.537191153,0.1453814358
scoop_total133g_signminus_offset256_set17,스쿱,scoop_total_133g,133,3,9,-0.5167799592,1.922663927,1.280572414,2.902375221,-3.537192345,0.1466457546
scoop_total133g_signminus_offset256_set17,스쿱,scoop_total_133g,133,3,10,-0.5167799592,1.922663927,1.280572414,2.902375221,-3.537192345,0.1466457546
scoop_total133g_signminus_offset256_set17,스쿱,scoop_total_133g,133,4,1,-0.6236408353,1.977869868,1.31476903,2.902380466,-3.537194729,0.1498969346
scoop_total133g_signminus_offset256_set17,스쿱,scoop_total_133g,133,4,2,-0.6147741079,2.002897501,1.300387263,2.902375937,-3.537192583,0.147093311
scoop_total133g_signminus_offset256_set17,스쿱,scoop_total_133g,133,4,3,-0.6147741079,2.002897501,1.300387263,2.902375937,-3.537192583,0.147093311
scoop_total133g_signminus_offset256_set17,스쿱,scoop_total_133g,133,4,4,-0.6328738928,1.99614048,1.300875545,2.902381659,-3.537195444,0.1506742239
scoop_total133g_signminus_offset256_set17,스쿱,scoop_total_133g,133,4,5,-0.6328738928,1.99614048,1.300875545,2.902381659,-3.537195444,0.1506742239
scoop_total133g_signminus_offset256_set17,스쿱,scoop_total_133g,133,4,6,-0.6584498882,1.975325227,1.318073153,2.90237236,-3.537190914,0.1449026763
scoop_total133g_signminus_offset256_set17,스쿱,scoop_total_133g,133,4,7,-0.6584498882,1.975325227,1.318073153,2.90237236,-3.537190914,0.1449026763
scoop_total133g_signminus_offset256_set17,스쿱,scoop_total_133g,133,4,8,-0.6775741577,1.950318575,1.329198241,2.902371407,-3.537190199,0.1442470402
scoop_total133g_signminus_offset256_set17,스쿱,scoop_total_133g,133,4,9,-0.6775741577,1.950318575,1.329198241,2.902371407,-3.537190199,0.1442470402
scoop_total133g_signminus_offset256_set17,스쿱,scoop_total_133g,133,4,10,-0.685911119,1.945977092,1.322311163,2.90237999,-3.537194729,0.1496611387
scoop_total133g_signminus_offset256_set17,스쿱,scoop_total_133g,133,5,1,-0.6725338101,1.941873193,1.148366928,2.902375937,-3.537192583,0.1470642686
scoop_total133g_signminus_offset256_set17,스쿱,scoop_total_133g,133,5,2,-0.6725338101,1.941873193,1.148366928,2.902375937,-3.537192583,0.1470642686
scoop_total133g_signminus_offset256_set17,스쿱,scoop_total_133g,133,5,3,-0.6833328605,1.939326286,1.140996814,2.902372599,-3.537190914,0.1450342983
scoop_total133g_signminus_offset256_set17,스쿱,scoop_total_133g,133,5,4,-0.6833328605,1.939326286,1.140996814,2.902372599,-3.537190914,0.1450342983
scoop_total133g_signminus_offset256_set17,스쿱,scoop_total_133g,133,5,5,-0.6712952852,1.944059849,1.142970324,2.902371645,-3.537190437,0.1443703473
scoop_total133g_signminus_offset256_set17,스쿱,scoop_total_133g,133,5,6,-0.6712952852,1.944059849,1.142970324,2.902371645,-3.537190437,0.1443703473
scoop_total133g_signminus_offset256_set17,스쿱,scoop_total_133g,133,5,7,-0.6818448901,1.951275229,1.143529534,2.902374029,-3.537191629,0.1458455771
scoop_total133g_signminus_offset256_set17,스쿱,scoop_total_133g,133,5,8,-0.6818448901,1.951275229,1.143529534,2.902374029,-3.537191629,0.1458455771
scoop_total133g_signminus_offset256_set17,스쿱,scoop_total_133g,133,5,9,-0.6782070398,1.943392277,1.149756789,2.90237689,-3.53719306,0.147655189
scoop_total133g_signminus_offset256_set17,스쿱,scoop_total_133g,133,5,10,-0.6782070398,1.943392277,1.149756789,2.90237689,-3.53719306,0.147655189
scoop_total133g_signminus_offset256_set17,스쿱,scoop_total_133g,133,6,1,-0.621954143,1.929838538,1.240375519,2.902371883,-3.537190676,0.1445836127
scoop_total133g_signminus_offset256_set17,스쿱,scoop_total_133g,133,6,2,-0.6292978525,1.951740265,1.235429883,2.90237546,-3.537192345,0.1468040198
scoop_total133g_signminus_offset256_set17,스쿱,scoop_total_133g,133,6,3,-0.6292978525,1.951740265,1.235429883,2.90237546,-3.537192345,0.1468040198
scoop_total133g_signminus_offset256_set17,스쿱,scoop_total_133g,133,6,4,-0.6362631917,1.921206117,1.22924602,2.90237546,-3.537192345,0.1468016207
scoop_total133g_signminus_offset256_set17,스쿱,scoop_total_133g,133,6,5,-0.6362631917,1.921206117,1.22924602,2.90237546,-3.537192345,0.1468016207
scoop_total133g_signminus_offset256_set17,스쿱,scoop_total_133g,133,6,6,-0.6208987236,1.960101008,1.248167396,2.902376175,-3.537192822,0.1473066956
scoop_total133g_signminus_offset256_set17,스쿱,scoop_total_133g,133,6,7,-0.6208987236,1.960101008,1.248167396,2.902376175,-3.537192822,0.1473066956
scoop_total133g_signminus_offset256_set17,스쿱,scoop_total_133g,133,6,8,-0.6104347706,1.984162807,1.278054595,2.902371883,-3.537190676,0.1446096301
scoop_total133g_signminus_offset256_set17,스쿱,scoop_total_133g,133,6,9,-0.6104347706,1.984162807,1.278054595,2.902371883,-3.537190676,0.1446096301
scoop_total133g_signminus_offset256_set17,스쿱,scoop_total_133g,133,6,10,-0.6257649064,1.854399204,1.229901075,2.9023664,-3.537187815,0.1411013752
scoop_total133g_signminus_offset256_set17,스쿱,scoop_total_133g,133,7,1,-0.4304085076,1.875989199,1.224165082,2.902374268,-3.537191629,0.1460005343
scoop_total133g_signminus_offset256_set17,스쿱,scoop_total_133g,133,7,2,-0.4304085076,1.875989199,1.224165082,2.902374268,-3.537191629,0.1460005343
scoop_total133g_signminus_offset256_set17,스쿱,scoop_total_133g,133,7,3,-0.4087581635,1.867806435,1.2200315,2.902374506,-3.537191868,0.1461464912
scoop_total133g_signminus_offset256_set17,스쿱,scoop_total_133g,133,7,4,-0.4087581635,1.867806435,1.2200315,2.902374506,-3.537191868,0.1461464912
scoop_total133g_signminus_offset256_set17,스쿱,scoop_total_133g,133,7,5,-0.4083539248,1.868834615,1.241546273,2.902374029,-3.537191629,0.1459787637
scoop_total133g_signminus_offset256_set17,스쿱,scoop_total_133g,133,7,6,-0.4083539248,1.868834615,1.241546273,2.902374029,-3.537191629,0.1459787637
scoop_total133g_signminus_offset256_set17,스쿱,scoop_total_133g,133,7,7,-0.3962580562,1.855921984,1.251818061,2.902374268,-3.537191868,0.1460861266
scoop_total133g_signminus_offset256_set17,스쿱,scoop_total_133g,133,7,8,-0.3962580562,1.855921984,1.251818061,2.902374268,-3.537191868,0.1460861266
scoop_total133g_signminus_offset256_set17,스쿱,scoop_total_133g,133,7,9,-0.3895231485,1.866912484,1.263795614,2.902374268,-3.537191868,0.1461130679
scoop_total133g_signminus_offset256_set17,스쿱,scoop_total_133g,133,7,10,-0.3895231485,1.866912484,1.263795614,2.902374268,-3.537191868,0.1461130679
scoop_total133g_signminus_offset256_set17,스쿱,scoop_total_133g,133,8,1,-0.445648998,1.847331166,1.365565896,2.902372122,-3.537190676,0.1447216123
scoop_total133g_signminus_offset256_set17,스쿱,scoop_total_133g,133,8,2,-0.445648998,1.847331166,1.365565896,2.902372122,-3.537190676,0.1447216123
scoop_total133g_signminus_offset256_set17,스쿱,scoop_total_133g,133,8,3,-0.4525518119,1.844899058,1.346758962,2.902375937,-3.537192583,0.1470310092
scoop_total133g_signminus_offset256_set17,스쿱,scoop_total_133g,133,8,4,-0.4525518119,1.844899058,1.346758962,2.902375937,-3.537192583,0.1470310092
scoop_total133g_signminus_offset256_set17,스쿱,scoop_total_133g,133,8,5,-0.4363319576,1.879803538,1.335075259,2.902377605,-3.537193537,0.1481414437
scoop_total133g_signminus_offset256_set17,스쿱,scoop_total_133g,133,8,6,-0.4363319576,1.879803538,1.335075259,2.902377605,-3.537193537,0.1481414437
scoop_total133g_signminus_offset256_set17,스쿱,scoop_total_133g,133,8,7,-0.4086862206,1.908095598,1.316447616,2.902380466,-3.537194729,0.1498999447
scoop_total133g_signminus_offset256_set17,스쿱,scoop_total_133g,133,8,8,-0.4086862206,1.908095598,1.316447616,2.902380466,-3.537194729,0.1498999447
scoop_total133g_signminus_offset256_set17,스쿱,scoop_total_133g,133,8,9,-0.4037601352,1.88345921,1.323690414,2.902373075,-3.537191153,0.1452705115
scoop_total133g_signminus_offset256_set17,스쿱,scoop_total_133g,133,8,10,-0.4083121717,1.850081086,1.303776979,2.902378559,-3.537193775,0.1486841142
scoop_total133g_signminus_offset256_set17,스쿱,scoop_total_133g,133,9,1,-0.480283469,1.876285791,1.341474175,2.902373075,-3.537191153,0.1452616155
scoop_total133g_signminus_offset256_set17,스쿱,scoop_total_133g,133,9,2,-0.480283469,1.876285791,1.341474175,2.902373075,-3.537191153,0.1452616155
scoop_total133g_signminus_offset256_set17,스쿱,scoop_total_133g,133,9,3,-0.4737195671,1.894563675,1.347076058,2.902370453,-3.53718996,0.1437324584
scoop_total133g_signminus_offset256_set17,스쿱,scoop_total_133g,133,9,4,-0.4737195671,1.894563675,1.347076058,2.902370453,-3.53718996,0.1437324584
scoop_total133g_signminus_offset256_set17,스쿱,scoop_total_133g,133,9,5,-0.4789212048,1.877737999,1.363175631,2.902374983,-3.537192106,0.1464393586
scoop_total133g_signminus_offset256_set17,스쿱,scoop_total_133g,133,9,6,-0.4789212048,1.877737999,1.363175631,2.902374983,-3.537192106,0.1464393586
scoop_total133g_signminus_offset256_set17,스쿱,scoop_total_133g,133,9,7,-0.4886637032,1.872370601,1.350204825,2.902374744,-3.537192106,0.1464350224
scoop_total133g_signminus_offset256_set17,스쿱,scoop_total_133g,133,9,8,-0.4886637032,1.872370601,1.350204825,2.902374744,-3.537192106,0.1464350224
scoop_total133g_signminus_offset256_set17,스쿱,scoop_total_133g,133,9,9,-0.4964650273,1.862870574,1.35884881,2.90237236,-3.537190914,0.1449191719
scoop_total133g_signminus_offset256_set17,스쿱,scoop_total_133g,133,9,10,-0.4964650273,1.862870574,1.35884881,2.90237236,-3.537190914,0.1449191719
scoop_total133g_signminus_offset256_set17,스쿱,scoop_total_133g,133,10,1,-0.5462102294,1.923615217,1.269604206,2.90237093,-3.537190199,0.144046396
scoop_total133g_signminus_offset256_set17,스쿱,scoop_total_133g,133,10,2,-0.5627868772,1.934507608,1.264660597,2.90237999,-3.53719449,0.149600789
scoop_total133g_signminus_offset256_set17,스쿱,scoop_total_133g,133,10,3,-0.5627868772,1.934507608,1.264660597,2.90237999,-3.53719449,0.149600789
scoop_total133g_signminus_offset256_set17,스쿱,scoop_total_133g,133,10,4,-0.581433475,1.919502735,1.251430392,2.902374744,-3.537191868,0.1463081092
scoop_total133g_signminus_offset256_set17,스쿱,scoop_total_133g,133,10,5,-0.581433475,1.919502735,1.251430392,2.902374744,-3.537191868,0.1463081092
scoop_total133g_signminus_offset256_set17,스쿱,scoop_total_133g,133,10,6,-0.6014900804,1.897013426,1.259017706,2.902369499,-3.537189245,0.1430243552
scoop_total133g_signminus_offset256_set17,스쿱,scoop_total_133g,133,10,7,-0.6014900804,1.897013426,1.259017706,2.902369499,-3.537189245,0.1430243552
scoop_total133g_signminus_offset256_set17,스쿱,scoop_total_133g,133,10,8,-0.6160293221,1.913067102,1.290348053,2.902372122,-3.537190676,0.144793883
scoop_total133g_signminus_offset256_set17,스쿱,scoop_total_133g,133,10,9,-0.6160293221,1.913067102,1.290348053,2.902372122,-3.537190676,0.144793883
scoop_total133g_signminus_offset256_set17,스쿱,scoop_total_133g,133,10,10,-0.59669137,1.933198214,1.310690761,2.902373314,-3.537191391,0.1454528719
scoop_total133g_signminus_offset256_set17,스쿱,scoop_total_133g,133,11,1,-0.6470093131,1.921236038,1.209516764,2.90237689,-3.53719306,0.1476681978
scoop_total133g_signminus_offset256_set17,스쿱,scoop_total_133g,133,11,2,-0.6470093131,1.921236038,1.209516764,2.90237689,-3.53719306,0.1476681978
scoop_total133g_signminus_offset256_set17,스쿱,scoop_total_133g,133,11,3,-0.6500220299,1.956368804,1.205342889,2.902373791,-3.537191629,0.1458207071
scoop_total133g_signminus_offset256_set17,스쿱,scoop_total_133g,133,11,4,-0.6497977376,1.946534872,1.195010662,2.902372122,-3.537190676,0.1447115988
scoop_total133g_signminus_offset256_set17,스쿱,scoop_total_133g,133,11,5,-0.6497977376,1.946534872,1.195010662,2.902372122,-3.537190676,0.1447115988
scoop_total133g_signminus_offset256_set17,스쿱,scoop_total_133g,133,11,6,-0.6540584564,1.919503808,1.220350504,2.902371883,-3.537190676,0.14464733
scoop_total133g_signminus_offset256_set17,스쿱,scoop_total_133g,133,11,7,-0.6540584564,1.919503808,1.220350504,2.902371883,-3.537190676,0.14464733
scoop_total133g_signminus_offset256_set17,스쿱,scoop_total_133g,133,11,8,-0.6760770679,1.898734212,1.195091367,2.902375698,-3.537192583,0.1469626576
scoop_total133g_signminus_offset256_set17,스쿱,scoop_total_133g,133,11,9,-0.6760770679,1.898734212,1.195091367,2.902375698,-3.537192583,0.1469626576
scoop_total133g_signminus_offset256_set17,스쿱,scoop_total_133g,133,11,10,-0.6932868361,1.93314302,1.202978015,2.902369022,-3.537189245,0.1428431273
scoop_total133g_signminus_offset256_set17,스쿱,scoop_total_133g,133,12,1,-0.6568372846,1.931584477,1.177012324,2.902373075,-3.537191153,0.1452837586
scoop_total133g_signminus_offset256_set17,스쿱,scoop_total_133g,133,12,2,-0.6568372846,1.931584477,1.177012324,2.902373075,-3.537191153,0.1452837586
scoop_total133g_signminus_offset256_set17,스쿱,scoop_total_133g,133,12,3,-0.6690710187,1.918110847,1.163025618,2.902372837,-3.537191153,0.1452082396
scoop_total133g_signminus_offset256_set17,스쿱,scoop_total_133g,133,12,4,-0.6690710187,1.918110847,1.163025618,2.902372837,-3.537191153,0.1452082396
scoop_total133g_signminus_offset256_set17,스쿱,scoop_total_133g,133,12,5,-0.6434592009,1.948871374,1.150875211,2.90237546,-3.537192345,0.1468206048
scoop_total133g_signminus_offset256_set17,스쿱,scoop_total_133g,133,12,6,-0.6434592009,1.948871374,1.150875211,2.90237546,-3.537192345,0.1468206048
scoop_total133g_signminus_offset256_set17,스쿱,scoop_total_133g,133,12,7,-0.6118341088,1.976059556,1.170775056,2.902377129,-3.53719306,0.1477767676
scoop_total133g_signminus_offset256_set17,스쿱,scoop_total_133g,133,12,8,-0.6118341088,1.976059556,1.170775056,2.902377129,-3.53719306,0.1477767676
scoop_total133g_signminus_offset256_set17,스쿱,scoop_total_133g,133,12,9,-0.6498733163,1.930630803,1.159974098,2.902378321,-3.537193775,0.1486158371
scoop_total133g_signminus_offset256_set17,스쿱,scoop_total_133g,133,12,10,-0.6498733163,1.930630803,1.159974098,2.902378321,-3.537193775,0.1486158371
scoop_total133g_signminus_offset256_set17,스쿱,scoop_total_133g,133,13,1,-0.5593861938,1.90515995,1.256613135,2.902376175,-3.537192822,0.1472853273
scoop_total133g_signminus_offset256_set17,스쿱,scoop_total_133g,133,13,2,-0.5627429485,1.905822277,1.240292549,2.902375937,-3.537192583,0.1470368356
scoop_total133g_signminus_offset256_set17,스쿱,scoop_total_133g,133,13,3,-0.5627429485,1.905822277,1.240292549,2.902375937,-3.537192583,0.1470368356
scoop_total133g_signminus_offset256_set17,스쿱,scoop_total_133g,133,13,4,-0.5503146052,1.908179998,1.230813146,2.90237093,-3.537190199,0.1439654976
scoop_total133g_signminus_offset256_set17,스쿱,scoop_total_133g,133,13,5,-0.5503146052,1.908179998,1.230813146,2.90237093,-3.537190199,0.1439654976
scoop_total133g_signminus_offset256_set17,스쿱,scoop_total_133g,133,13,6,-0.5351501107,1.895379663,1.20814085,2.902373314,-3.537191391,0.1454984397
scoop_total133g_signminus_offset256_set17,스쿱,scoop_total_133g,133,13,7,-0.5351501107,1.895379663,1.20814085,2.902373314,-3.537191391,0.1454984397
scoop_total133g_signminus_offset256_set17,스쿱,scoop_total_133g,133,13,8,-0.5342522264,1.883747458,1.189338088,2.902372599,-3.537190914,0.1449849755
scoop_total133g_signminus_offset256_set17,스쿱,scoop_total_133g,133,13,9,-0.5342522264,1.883747458,1.189338088,2.902372599,-3.537190914,0.1449849755
scoop_total133g_signminus_offset256_set17,스쿱,scoop_total_133g,133,13,10,-0.4934695661,1.867532372,1.188028932,2.902368546,-3.537188768,0.1424687952
scoop_total133g_signminus_offset256_set17,스쿱,scoop_total_133g,133,14,1,-0.436668396,1.87498045,1.320897222,2.902374983,-3.537192106,0.1465585977
scoop_total133g_signminus_offset256_set17,스쿱,scoop_total_133g,133,14,2,-0.436668396,1.87498045,1.320897222,2.902374983,-3.537192106,0.1465585977
scoop_total133g_signminus_offset256_set17,스쿱,scoop_total_133g,133,14,3,-0.4215662777,1.88478899,1.3297472,2.902374029,-3.537191629,0.1458845139
scoop_total133g_signminus_offset256_set17,스쿱,scoop_total_133g,133,14,4,-0.4215662777,1.88478899,1.3297472,2.902374029,-3.537191629,0.1458845139
scoop_total133g_signminus_offset256_set17,스쿱,scoop_total_133g,133,14,5,-0.4357377291,1.853706956,1.331043839,2.902369499,-3.537189245,0.1428668797
scoop_total133g_signminus_offset256_set17,스쿱,scoop_total_133g,133,14,6,-0.4357377291,1.853706956,1.331043839,2.902369499,-3.537189245,0.1428668797
scoop_total133g_signminus_offset256_set17,스쿱,scoop_total_133g,133,14,7,-0.4564811587,1.828364491,1.325554729,2.902376175,-3.537192583,0.1471402049
scoop_total133g_signminus_offset256_set17,스쿱,scoop_total_133g,133,14,8,-0.4416520894,1.85646832,1.330305457,2.902376652,-3.53719306,0.1476020664
scoop_total133g_signminus_offset256_set17,스쿱,scoop_total_133g,133,14,9,-0.4416520894,1.85646832,1.330305457,2.902376652,-3.53719306,0.1476020664
scoop_total133g_signminus_offset256_set17,스쿱,scoop_total_133g,133,14,10,-0.4084876478,1.894529581,1.299951434,2.90237546,-3.537192345,0.1467670649
scoop_total133g_signminus_offset256_set17,스쿱,scoop_total_133g,133,15,1,-0.4037930369,1.859619975,1.371682763,2.902371168,-3.537190199,0.1441527605
scoop_total133g_signminus_offset256_set17,스쿱,scoop_total_133g,133,15,2,-0.4315617085,1.857096314,1.383344293,2.902374268,-3.537191629,0.1459965557
scoop_total133g_signminus_offset256_set17,스쿱,scoop_total_133g,133,15,3,-0.4315617085,1.857096314,1.383344293,2.902374268,-3.537191629,0.1459965557
scoop_total133g_signminus_offset256_set17,스쿱,scoop_total_133g,133,15,4,-0.4341827631,1.848409176,1.367656231,2.902377367,-3.537193298,0.1479540765
scoop_total133g_signminus_offset256_set17,스쿱,scoop_total_133g,133,15,5,-0.4341827631,1.848409176,1.367656231,2.902377367,-3.537193298,0.1479540765
scoop_total133g_signminus_offset256_set17,스쿱,scoop_total_133g,133,15,6,-0.4181495309,1.852367163,1.366007805,2.902377844,-3.537193537,0.1483156532
scoop_total133g_signminus_offset256_set17,스쿱,scoop_total_133g,133,15,7,-0.4181495309,1.852367163,1.366007805,2.902377844,-3.537193537,0.1483156532
scoop_total133g_signminus_offset256_set17,스쿱,scoop_total_133g,133,15,8,-0.4166614115,1.83892405,1.355149984,2.902373075,-3.537191153,0.1452681124
scoop_total133g_signminus_offset256_set17,스쿱,scoop_total_133g,133,15,9,-0.4166614115,1.83892405,1.355149984,2.902373075,-3.537191153,0.1452681124
scoop_total133g_signminus_offset256_set17,스쿱,scoop_total_133g,133,15,10,-0.4186325669,1.836923838,1.337526917,2.902374029,-3.537191629,0.1458327472
scoop_total133g_signminus_offset256_set17,스쿱,scoop_total_133g,133,16,1,-0.4480985105,1.889434457,1.267864704,2.902372599,-3.537190914,0.1449063718
scoop_total133g_signminus_offset256_set17,스쿱,scoop_total_133g,133,16,2,-0.4480985105,1.889434457,1.267864704,2.902372599,-3.537190914,0.1449063718
scoop_total133g_signminus_offset256_set17,스쿱,scoop_total_133g,133,16,3,-0.4756146669,1.888068914,1.275423288,2.902378798,-3.537194014,0.1488891393
scoop_total133g_signminus_offset256_set17,스쿱,scoop_total_133g,133,16,4,-0.4756146669,1.888068914,1.275423288,2.902378798,-3.537194014,0.1488891393
scoop_total133g_signminus_offset256_set17,스쿱,scoop_total_133g,133,16,5,-0.488090992,1.854946017,1.297495723,2.902378559,-3.537194014,0.1487506032
scoop_total133g_signminus_offset256_set17,스쿱,scoop_total_133g,133,16,6,-0.4831834137,1.875073791,1.324430227,2.902376175,-3.537192822,0.1472577304
scoop_total133g_signminus_offset256_set17,스쿱,scoop_total_133g,133,16,7,-0.4831834137,1.875073791,1.324430227,2.902376175,-3.537192822,0.1472577304
scoop_total133g_signminus_offset256_set17,스쿱,scoop_total_133g,133,16,8,-0.4922043979,1.898125172,1.315213203,2.902373314,-3.537191153,0.1454004794
scoop_total133g_signminus_offset256_set17,스쿱,scoop_total_133g,133,16,9,-0.4922043979,1.898125172,1.315213203,2.902373314,-3.537191153,0.1454004794
scoop_total133g_signminus_offset256_set17,스쿱,scoop_total_133g,133,16,10,-0.4717417359,1.964812756,1.349758029,2.902377844,-3.537193537,0.1482982337
scoop_total133g_signminus_offset256_set17,스쿱,scoop_total_133g,133,17,1,-0.5831718445,1.880931139,1.246131063,2.902373314,-3.537191391,0.1453795582
scoop_total133g_signminus_offset256_set17,스쿱,scoop_total_133g,133,17,2,-0.5922089815,1.889774323,1.232402444,2.902376175,-3.537192583,0.1471487135
scoop_total133g_signminus_offset256_set17,스쿱,scoop_total_133g,133,17,3,-0.5922089815,1.889774323,1.232402444,2.902376175,-3.537192583,0.1471487135
scoop_total133g_signminus_offset256_set17,스쿱,scoop_total_133g,133,17,4,-0.5743007064,1.920595288,1.24455297,2.902373075,-3.537191153,0.145200178
scoop_total133g_signminus_offset256_set17,스쿱,scoop_total_133g,133,17,5,-0.5743007064,1.920595288,1.24455297,2.902373075,-3.537191153,0.145200178
scoop_total133g_signminus_offset256_set17,스쿱,scoop_total_133g,133,17,6,-0.5868083239,1.976638913,1.245628715,2.902377129,-3.53719306,0.1477290392
scoop_total133g_signminus_offset256_set17,스쿱,scoop_total_133g,133,17,7,-0.5868083239,1.976638913,1.245628715,2.902377129,-3.53719306,0.1477290392
scoop_total133g_signminus_offset256_set17,스쿱,scoop_total_133g,133,17,8,-0.608501792,1.934884429,1.223391175,2.902373791,-3.537191629,0.1457977444
scoop_total133g_signminus_offset256_set17,스쿱,scoop_total_133g,133,17,9,-0.6121371984,1.890588284,1.23141408,2.902371407,-3.537190437,0.14434883
scoop_total133g_signminus_offset256_set17,스쿱,scoop_total_133g,133,17,10,-0.6121371984,1.890588284,1.23141408,2.902371407,-3.537190437,0.14434883
scoop_total133g_signminus_offset256_set17,스쿱,scoop_total_133g,133,18,1,-0.6775825024,1.973169088,1.278376818,2.902375698,-3.537192345,0.1469024122
scoop_total133g_signminus_offset256_set17,스쿱,scoop_total_133g,133,18,2,-0.6775825024,1.973169088,1.278376818,2.902375698,-3.537192345,0.1469024122
scoop_total133g_signminus_offset256_set17,스쿱,scoop_total_133g,133,18,3,-0.6714550853,1.976623297,1.270491958,2.90237689,-3.53719306,0.1477064043
scoop_total133g_signminus_offset256_set17,스쿱,scoop_total_133g,133,18,4,-0.6714550853,1.976623297,1.270491958,2.90237689,-3.53719306,0.1477064043
scoop_total133g_signminus_offset256_set17,스쿱,scoop_total_133g,133,18,5,-0.6795906425,1.971419334,1.260442138,2.902374744,-3.537192106,0.1463579983
scoop_total133g_signminus_offset256_set17,스쿱,scoop_total_133g,133,18,6,-0.6795906425,1.971419334,1.260442138,2.902374744,-3.537192106,0.1463579983
scoop_total133g_signminus_offset256_set17,스쿱,scoop_total_133g,133,18,7,-0.6889002919,1.988860726,1.257069111,2.902375221,-3.537192345,0.1466297805
scoop_total133g_signminus_offset256_set17,스쿱,scoop_total_133g,133,18,8,-0.6889002919,1.988860726,1.257069111,2.902375221,-3.537192345,0.1466297805
scoop_total133g_signminus_offset256_set17,스쿱,scoop_total_133g,133,18,9,-0.6995373964,1.954701781,1.22981286,2.902374744,-3.537191868,0.1462524831
scoop_total133g_signminus_offset256_set17,스쿱,scoop_total_133g,133,18,10,-0.6684589386,2.002974272,1.235725641,2.902372837,-3.537191153,0.1452014893
scoop_total133g_signminus_offset256_set17,스쿱,scoop_total_133g,133,19,1,-0.7003487945,1.99747026,1.281635642,2.902375937,-3.537192583,0.1471784264
scoop_total133g_signminus_offset256_set17,스쿱,scoop_total_133g,133,19,2,-0.7003487945,1.99747026,1.281635642,2.902375937,-3.537192583,0.1471784264
scoop_total133g_signminus_offset256_set17,스쿱,scoop_total_133g,133,19,3,-0.708352983,2.012911797,1.275858641,2.902375221,-3.537192345,0.1466834098
scoop_total133g_signminus_offset256_set17,스쿱,scoop_total_133g,133,19,4,-0.708352983,2.012911797,1.275858641,2.902375221,-3.537192345,0.1466834098
scoop_total133g_signminus_offset256_set17,스쿱,scoop_total_133g,133,19,5,-0.7125003338,1.992880821,1.266382933,2.902374029,-3.537191629,0.1459457725
scoop_total133g_signminus_offset256_set17,스쿱,scoop_total_133g,133,19,6,-0.7125003338,1.992880821,1.266382933,2.902374029,-3.537191629,0.1459457725
scoop_total133g_signminus_offset256_set17,스쿱,scoop_total_133g,133,19,7,-0.7164093852,1.956030488,1.246806622,2.902375221,-3.537192345,0.1466735154
scoop_total133g_signminus_offset256_set17,스쿱,scoop_total_133g,133,19,8,-0.7164093852,1.956030488,1.246806622,2.902375221,-3.537192345,0.1466735154
scoop_total133g_signminus_offset256_set17,스쿱,scoop_total_133g,133,19,9,-0.669878304,1.981292844,1.242300153,2.902373075,-3.537191153,0.1453177184
scoop_total133g_signminus_offset256_set17,스쿱,scoop_total_133g,133,19,10,-0.669878304,1.981292844,1.242300153,2.902373075,-3.537191153,0.1453177184
scoop_total133g_signminus_offset256_set17,스쿱,scoop_total_133g,133,20,1,-0.5964143276,1.984483242,1.291115284,2.90237689,-3.53719306,0.1477723569
scoop_total133g_signminus_offset256_set17,스쿱,scoop_total_133g,133,20,2,-0.635302484,1.956397295,1.292561293,2.902374983,-3.537192106,0.1465139836
scoop_total133g_signminus_offset256_set17,스쿱,scoop_total_133g,133,20,3,-0.635302484,1.956397295,1.292561293,2.902374983,-3.537192106,0.1465139836
scoop_total133g_signminus_offset256_set17,스쿱,scoop_total_133g,133,20,4,-0.6164296865,1.931236625,1.300296426,2.902377605,-3.537193537,0.1482128501
scoop_total133g_signminus_offset256_set17,스쿱,scoop_total_133g,133,20,5,-0.6164296865,1.931236625,1.300296426,2.902377605,-3.537193537,0.1482128501
scoop_total133g_signminus_offset256_set17,스쿱,scoop_total_133g,133,20,6,-0.5830459595,1.962368131,1.319625854,2.902374744,-3.537191868,0.1463182122
scoop_total133g_signminus_offset256_set17,스쿱,scoop_total_133g,133,20,7,-0.5830459595,1.962368131,1.319625854,2.902374744,-3.537191868,0.1463182122
scoop_total133g_signminus_offset256_set17,스쿱,scoop_total_133g,133,20,8,-0.5824932456,1.997506618,1.302218914,2.902374744,-3.537191868,0.1463012099
scoop_total133g_signminus_offset256_set17,스쿱,scoop_total_133g,133,20,9,-0.6058252454,1.976973891,1.303637743,2.902377844,-3.537193537,0.1482428759
scoop_total133g_signminus_offset256_set17,스쿱,scoop_total_133g,133,20,10,-0.6058252454,1.976973891,1.303637743,2.902377844,-3.537193537,0.1482428759
scoop_total133g_signminus_offset256_set17,스쿱,scoop_total_133g,133,21,1,-0.4770685136,1.852686286,1.232570529,2.902377605,-3.537193298,0.1478827894
scoop_total133g_signminus_offset256_set17,스쿱,scoop_total_133g,133,21,2,-0.4652598202,1.846382618,1.229291677,2.902369738,-3.537189484,0.1431291252
scoop_total133g_signminus_offset256_set17,스쿱,scoop_total_133g,133,21,3,-0.4652598202,1.846382618,1.229291677,2.902369738,-3.537189484,0.1431291252
scoop_total133g_signminus_offset256_set17,스쿱,scoop_total_133g,133,21,4,-0.470575273,1.906070828,1.27688694,2.902370453,-3.53718996,0.1437305212
scoop_total133g_signminus_offset256_set17,스쿱,scoop_total_133g,133,21,5,-0.470575273,1.906070828,1.27688694,2.902370453,-3.53718996,0.1437305212
scoop_total133g_signminus_offset256_set17,스쿱,scoop_total_133g,133,21,6,-0.420150876,1.948129773,1.318423629,2.90237689,-3.53719306,0.1477288306
scoop_total133g_signminus_offset256_set17,스쿱,scoop_total_133g,133,21,7,-0.4393333793,1.911562204,1.325823188,2.902380228,-3.537194729,0.1498353183
scoop_total133g_signminus_offset256_set17,스쿱,scoop_total_133g,133,21,8,-0.4393333793,1.911562204,1.325823188,2.902380228,-3.537194729,0.1498353183
scoop_total133g_signminus_offset256_set17,스쿱,scoop_total_133g,133,21,9,-0.4830940068,1.810547829,1.31258893,2.902375937,-3.537192583,0.1471742988
scoop_total133g_signminus_offset256_set17,스쿱,scoop_total_133g,133,21,10,-0.4830940068,1.810547829,1.31258893,2.902375937,-3.537192583,0.1471742988
scoop_total133g_signminus_offset256_set17,스쿱,scoop_total_133g,133,22,1,-0.3167419434,1.922930479,1.232431412,2.902379751,-3.53719449,0.149493888
scoop_total133g_signminus_offset256_set17,스쿱,scoop_total_133g,133,22,2,-0.3669029176,1.854131579,1.269249916,2.902383804,-3.537196636,0.1519729346
scoop_total133g_signminus_offset256_set17,스쿱,scoop_total_133g,133,22,3,-0.3988509774,1.78803134,1.287143707,2.902377129,-3.53719306,0.1477738321
scoop_total133g_signminus_offset256_set17,스쿱,scoop_total_133g,133,22,4,-0.3988509774,1.78803134,1.287143707,2.902377129,-3.53719306,0.1477738321
scoop_total133g_signminus_offset256_set17,스쿱,scoop_total_133g,133,22,5,-0.4159143269,1.793686509,1.285005808,2.902374506,-3.537191868,0.1462703645
scoop_total133g_signminus_offset256_set17,스쿱,scoop_total_133g,133,22,6,-0.4159143269,1.793686509,1.285005808,2.902374506,-3.537191868,0.1462703645
scoop_total133g_signminus_offset256_set17,스쿱,scoop_total_133g,133,22,7,-0.4042644501,1.845240951,1.283131719,2.902377605,-3.537193537,0.148189187
scoop_total133g_signminus_offset256_set17,스쿱,scoop_total_133g,133,22,8,-0.4042644501,1.845240951,1.283131719,2.902377605,-3.537193537,0.148189187
scoop_total133g_signminus_offset256_set17,스쿱,scoop_total_133g,133,22,9,-0.3863313198,1.862708926,1.286890745,2.902379513,-3.53719449,0.1493155062
scoop_total133g_signminus_offset256_set17,스쿱,scoop_total_133g,133,22,10,-0.3863313198,1.862708926,1.286890745,2.902379513,-3.53719449,0.1493155062
scoop_total133g_signminus_offset256_set17,스쿱,scoop_total_133g,133,23,1,-0.4410928786,1.855387688,1.262223363,2.90237689,-3.53719306,0.147726655
scoop_total133g_signminus_offset256_set17,스쿱,scoop_total_133g,133,23,2,-0.443926096,1.856032252,1.241668105,2.902379513,-3.53719449,0.1493310183
scoop_total133g_signminus_offset256_set17,스쿱,scoop_total_133g,133,23,3,-0.443926096,1.856032252,1.241668105,2.902379513,-3.53719449,0.1493310183
scoop_total133g_signminus_offset256_set17,스쿱,scoop_total_133g,133,23,4,-0.4403903484,1.858126402,1.241923094,2.902377367,-3.537193298,0.1479637325
scoop_total133g_signminus_offset256_set17,스쿱,scoop_total_133g,133,23,5,-0.4403903484,1.858126402,1.241923094,2.902377367,-3.537193298,0.1479637325
scoop_total133g_signminus_offset256_set17,스쿱,scoop_total_133g,133,23,6,-0.4199661911,1.867688775,1.231266141,2.902379513,-3.53719449,0.1493835598
scoop_total133g_signminus_offset256_set17,스쿱,scoop_total_133g,133,23,7,-0.4199661911,1.867688775,1.231266141,2.902379513,-3.53719449,0.1493835598
scoop_total133g_signminus_offset256_set17,스쿱,scoop_total_133g,133,23,8,-0.4396694899,1.846862197,1.233887434,2.902375698,-3.537192583,0.1470030695
scoop_total133g_signminus_offset256_set17,스쿱,scoop_total_133g,133,23,9,-0.4396694899,1.846862197,1.233887434,2.902375698,-3.537192583,0.1470030695
scoop_total133g_signminus_offset256_set17,스쿱,scoop_total_133g,133,23,10,-0.4434617162,1.844947219,1.221458554,2.902374506,-3.537191868,0.1461425722
scoop_total133g_signminus_offset256_set17,스쿱,scoop_total_133g,133,24,1,-0.5504212976,1.91767633,1.311818361,2.90237546,-3.537192345,0.1467990726
scoop_total133g_signminus_offset256_set17,스쿱,scoop_total_133g,133,24,2,-0.560156405,1.908854127,1.29704988,2.902377605,-3.537193537,0.1481232941
scoop_total133g_signminus_offset256_set17,스쿱,scoop_total_133g,133,24,3,-0.560156405,1.908854127,1.29704988,2.902377605,-3.537193537,0.1481232941
scoop_total133g_signminus_offset256_set17,스쿱,scoop_total_133g,133,24,4,-0.5523212552,1.919329166,1.295955062,2.902377367,-3.537193298,0.1479998678
scoop_total133g_signminus_offset256_set17,스쿱,scoop_total_133g,133,24,5,-0.5523212552,1.919329166,1.295955062,2.902377367,-3.537193298,0.1479998678
scoop_total133g_signminus_offset256_set17,스쿱,scoop_total_133g,133,24,6,-0.5461964011,1.932436705,1.270429015,2.902373791,-3.537191391,0.1457179934
scoop_total133g_signminus_offset256_set17,스쿱,scoop_total_133g,133,24,7,-0.5461964011,1.932436705,1.270429015,2.902373791,-3.537191391,0.1457179934
scoop_total133g_signminus_offset256_set17,스쿱,scoop_total_133g,133,24,8,-0.5670393109,1.910660744,1.262886643,2.902375937,-3.537192583,0.1470353156
scoop_total133g_signminus_offset256_set17,스쿱,scoop_total_133g,133,24,9,-0.5687369108,1.913980007,1.249456525,2.902371168,-3.537190199,0.144109264
scoop_total133g_signminus_offset256_set17,스쿱,scoop_total_133g,133,24,10,-0.5687369108,1.913980007,1.249456525,2.902371168,-3.537190199,0.144109264
scoop_total133g_signminus_offset256_set17,스쿱,scoop_total_133g,133,25,1,-0.6574342251,1.988087773,1.280593991,2.902377367,-3.537193298,0.147977829
scoop_total133g_signminus_offset256_set17,스쿱,scoop_total_133g,133,25,2,-0.6574342251,1.988087773,1.280593991,2.902377367,-3.537193298,0.147977829
scoop_total133g_signminus_offset256_set17,스쿱,scoop_total_133g,133,25,3,-0.6762720346,1.978369713,1.287653685,2.902369738,-3.537189484,0.1432287246
scoop_total133g_signminus_offset256_set17,스쿱,scoop_total_133g,133,25,4,-0.6762720346,1.978369713,1.287653685,2.902369738,-3.537189484,0.1432287246
scoop_total133g_signminus_offset256_set17,스쿱,scoop_total_133g,133,25,5,-0.6809722781,1.979442716,1.279125214,2.902379036,-3.537192106,0.1480893344
scoop_total133g_signminus_offset256_set17,스쿱,scoop_total_133g,133,25,6,-0.6809722781,1.979442716,1.279125214,2.902379036,-3.537192106,0.1480893344
scoop_total133g_signminus_offset256_set17,스쿱,scoop_total_133g,133,25,7,-0.6553256512,1.978301406,1.270422459,2.902376175,-3.537191868,0.1467662007
scoop_total133g_signminus_offset256_set17,스쿱,scoop_total_133g,133,25,8,-0.6553256512,1.978301406,1.270422459,2.902376175,-3.537191868,0.1467662007
scoop_total133g_signminus_offset256_set17,스쿱,scoop_total_133g,133,25,9,-0.6678114533,1.981938839,1.280955911,2.902374029,-3.537191391,0.1458053589
scoop_total133g_signminus_offset256_set17,스쿱,scoop_total_133g,133,25,10,-0.6678114533,1.981938839,1.280955911,2.902374029,-3.537191391,0.1458053589
scoop_total133g_signminus_offset256_set17,스쿱,scoop_total_133g,133,26,1,-0.683001101,1.988016605,1.203822613,2.902373791,-3.537191391,0.1457182616
scoop_total133g_signminus_offset256_set17,스쿱,scoop_total_133g,133,26,2,-0.6382642984,2.027936935,1.229165792,2.902376413,-3.537192822,0.1473887414
scoop_total133g_signminus_offset256_set17,스쿱,scoop_total_133g,133,26,3,-0.6382642984,2.027936935,1.229165792,2.902376413,-3.537192822,0.1473887414
scoop_total133g_signminus_offset256_set17,스쿱,scoop_total_133g,133,26,4,-0.6551946402,2.047768593,1.228168964,2.902374983,-3.537192106,0.1464517415
scoop_total133g_signminus_offset256_set17,스쿱,scoop_total_133g,133,26,5,-0.6551946402,2.047768593,1.228168964,2.902374983,-3.537192106,0.1464517415
scoop_total133g_signminus_offset256_set17,스쿱,scoop_total_133g,133,26,6,-0.6758316755,2.053768396,1.240541816,2.902377367,-3.537193298,0.1479466259
scoop_total133g_signminus_offset256_set17,스쿱,scoop_total_133g,133,26,7,-0.6758316755,2.053768396,1.240541816,2.902377367,-3.537193298,0.1479466259
scoop_total133g_signminus_offset256_set17,스쿱,scoop_total_133g,133,26,8,-0.6675286293,2.024238586,1.244331241,2.902378082,-3.537193537,0.1484186947
scoop_total133g_signminus_offset256_set17,스쿱,scoop_total_133g,133,26,9,-0.6675286293,2.024238586,1.244331241,2.902378082,-3.537193537,0.1484186947
scoop_total133g_signminus_offset256_set17,스쿱,scoop_total_133g,133,26,10,-0.6870971918,2.036874771,1.258395553,2.902377367,-3.537193298,0.1480301321
scoop_total133g_signminus_offset256_set17,스쿱,scoop_total_133g,133,27,1,-0.6100611091,1.934346676,1.172765017,2.902377844,-3.537193537,0.1482238621
scoop_total133g_signminus_offset256_set17,스쿱,scoop_total_133g,133,27,2,-0.603933394,1.941230893,1.14638567,2.902373552,-3.537191391,0.145649299
scoop_total133g_signminus_offset256_set17,스쿱,scoop_total_133g,133,27,3,-0.603933394,1.941230893,1.14638567,2.902373552,-3.537191391,0.145649299
scoop_total133g_signminus_offset256_set17,스쿱,scoop_total_133g,133,27,4,-0.623510778,1.968291402,1.133024335,2.902377367,-3.537193298,0.1480685323
scoop_total133g_signminus_offset256_set17,스쿱,scoop_total_133g,133,27,5,-0.623510778,1.968291402,1.133024335,2.902377367,-3.537193298,0.1480685323
scoop_total133g_signminus_offset256_set17,스쿱,scoop_total_133g,133,27,6,-0.5932077169,1.989413977,1.139071941,2.902379036,-3.537194014,0.1488915384
scoop_total133g_signminus_offset256_set17,스쿱,scoop_total_133g,133,27,7,-0.5932077169,1.989413977,1.139071941,2.902379036,-3.537194014,0.1488915384
scoop_total133g_signminus_offset256_set17,스쿱,scoop_total_133g,133,27,8,-0.57800138,1.940463781,1.148724675,2.902372837,-3.537191153,0.1451777518
scoop_total133g_signminus_offset256_set17,스쿱,scoop_total_133g,133,27,9,-0.57800138,1.940463781,1.148724675,2.902372837,-3.537191153,0.1451777518
scoop_total133g_signminus_offset256_set17,스쿱,scoop_total_133g,133,27,10,-0.5807660818,1.914452434,1.170817971,2.90237546,-3.537192345,0.1468794197
scoop_total133g_signminus_offset256_set17,스쿱,scoop_total_133g,133,28,1,-0.5106445551,1.931413174,1.387936473,2.902381659,-3.537195444,0.1504873186
scoop_total133g_signminus_offset256_set17,스쿱,scoop_total_133g,133,28,2,-0.5291170478,1.926276803,1.388702631,2.902382612,-3.537195921,0.1511531919
scoop_total133g_signminus_offset256_set17,스쿱,scoop_total_133g,133,28,3,-0.5291170478,1.926276803,1.388702631,2.902382612,-3.537195921,0.1511531919
scoop_total133g_signminus_offset256_set17,스쿱,scoop_total_133g,133,28,4,-0.5568745732,1.835254431,1.351438642,2.902377844,-3.537193537,0.1482884437
scoop_total133g_signminus_offset256_set17,스쿱,scoop_total_133g,133,28,5,-0.5568745732,1.835254431,1.351438642,2.902377844,-3.537193537,0.1482884437
scoop_total133g_signminus_offset256_set17,스쿱,scoop_total_133g,133,28,6,-0.5355708599,1.813681245,1.332182765,2.902376175,-3.537192583,0.1471982002
scoop_total133g_signminus_offset256_set17,스쿱,scoop_total_133g,133,28,7,-0.5355708599,1.813681245,1.332182765,2.902376175,-3.537192583,0.1471982002
scoop_total133g_signminus_offset256_set17,스쿱,scoop_total_133g,133,28,8,-0.5073177218,1.850557923,1.296037674,2.90237999,-3.537194729,0.1496613473
scoop_total133g_signminus_offset256_set17,스쿱,scoop_total_133g,133,28,9,-0.5073177218,1.850557923,1.296037674,2.90237999,-3.537194729,0.1496613473
scoop_total133g_signminus_offset256_set17,스쿱,scoop_total_133g,133,28,10,-0.4702622592,1.891637683,1.283399105,2.902385473,-3.537197351,0.1530902386
scoop_total133g_signminus_offset256_set17,스쿱,scoop_total_133g,133,29,1,-0.4451723695,1.83240819,1.378443003,2.90237999,-3.537194729,0.1496978551
scoop_total133g_signminus_offset256_set17,스쿱,scoop_total_133g,133,29,2,-0.4451723695,1.83240819,1.378443003,2.90237999,-3.537194729,0.1496978551
scoop_total133g_signminus_offset256_set17,스쿱,scoop_total_133g,133,29,3,-0.4570528567,1.82098949,1.383882165,2.902377605,-3.537193537,0.1481449157
scoop_total133g_signminus_offset256_set17,스쿱,scoop_total_133g,133,29,4,-0.4535544217,1.843366981,1.369447231,2.902376175,-3.537192822,0.1472800374
scoop_total133g_signminus_offset256_set17,스쿱,scoop_total_133g,133,29,5,-0.4535544217,1.843366981,1.369447231,2.902376175,-3.537192822,0.1472800374
scoop_total133g_signminus_offset256_set17,스쿱,scoop_total_133g,133,29,6,-0.4203439057,1.844211459,1.337982178,2.902376175,-3.537192583,0.1472188681
scoop_total133g_signminus_offset256_set17,스쿱,scoop_total_133g,133,29,7,-0.4203439057,1.844211459,1.337982178,2.902376175,-3.537192583,0.1472188681
scoop_total133g_signminus_offset256_set17,스쿱,scoop_total_133g,133,29,8,-0.4163409173,1.860516071,1.330218196,2.902370691,-3.53718996,0.1438171864
scoop_total133g_signminus_offset256_set17,스쿱,scoop_total_133g,133,29,9,-0.4163409173,1.860516071,1.330218196,2.902370691,-3.53718996,0.1438171864
scoop_total133g_signminus_offset256_set17,스쿱,scoop_total_133g,133,29,10,-0.4279737771,1.836928368,1.313200235,2.902376413,-3.537192822,0.1474490166
scoop_total133g_signminus_offset256_set17,스쿱,scoop_total_133g,133,30,1,-0.4229033291,1.843241572,1.311328292,2.902373552,-3.537191391,0.1456510723
scoop_total133g_signminus_offset256_set17,스쿱,scoop_total_133g,133,30,2,-0.4216498733,1.826379895,1.300296783,2.902382135,-3.537195683,0.1510237604
scoop_total133g_signminus_offset256_set17,스쿱,scoop_total_133g,133,30,3,-0.4216498733,1.826379895,1.300296783,2.902382135,-3.537195683,0.1510237604
scoop_total133g_signminus_offset256_set17,스쿱,scoop_total_133g,133,30,4,-0.4563156962,1.789491057,1.286494851,2.90237546,-3.537192345,0.1468559653
scoop_total133g_signminus_offset256_set17,스쿱,scoop_total_133g,133,30,5,-0.4563156962,1.789491057,1.286494851,2.90237546,-3.537192345,0.1468559653
scoop_total133g_signminus_offset256_set17,스쿱,scoop_total_133g,133,30,6,-0.4984278381,1.713248968,1.258558273,2.902369022,-3.537189245,0.1428053528
scoop_total133g_signminus_offset256_set17,스쿱,scoop_total_133g,133,30,7,-0.4984278381,1.713248968,1.258558273,2.902369022,-3.537189245,0.1428053528
scoop_total133g_signminus_offset256_set17,스쿱,scoop_total_133g,133,30,8,-0.4717976153,1.775516152,1.268704057,2.902373075,-3.537191153,0.145384565
scoop_total133g_signminus_offset256_set17,스쿱,scoop_total_133g,133,30,9,-0.4717976153,1.775516152,1.268704057,2.902373075,-3.537191153,0.145384565
scoop_total133g_signminus_offset256_set17,스쿱,scoop_total_133g,133,30,10,-0.4309557676,1.86493206,1.317602873,2.902374268,-3.537191629,0.1460368484
