실험명,물체종류,측정조건,실제총무게_g,반복번호,표본번호,시각_s,X축힘_N,Y축힘_N,Z축힘_N,X축모멘트_Nm,Y축모멘트_Nm,Z축모멘트_Nm,작업물무게_kgf
scoop_total32g_09191431_set1,scoop,scoop_total_32g,32,1,1,16.767,-0.5914497375488281,1.955654263496399,2.372589111328125,2.7072834968566895,-3.5068111419677734,0.1390579789876938,1.0018316507339478
scoop_total32g_09191431_set1,scoop,scoop_total_32g,32,1,2,17.587,-0.634337842464447,1.8957287073135376,2.570736885070801,9.279214282287285e-05,-0.00015287857968360186,0.1347661018371582,1.0243865251541138
scoop_total32g_09191431_set1,scoop,scoop_total_32g,32,1,3,18.408,-0.5738794207572937,1.927781581878662,2.5735414028167725,-4.261588037479669e-05,2.2223659470910206e-05,0.13597603142261505,0.9956499338150024
scoop_total32g_09191431_set1,scoop,scoop_total_32g,32,1,4,19.227,-0.5074090957641602,1.9314147233963013,2.4070804119110107,-4.432721470948309e-05,2.3116128431865945e-05,0.14143630862236023,1.012460470199585
scoop_total32g_09191431_set1,scoop,scoop_total_32g,32,1,5,20.047,-0.5191630721092224,1.9580862522125244,2.5003936290740967,-4.380476821097545e-05,2.2843680199002847e-05,0.13976933062076569,1.0398869514465332
scoop_total32g_09191431_set1,scoop,scoop_total_32g,32,1,6,20.866,-0.4918037950992584,2.016693115234375,2.5339725017547607,-4.343131513451226e-05,2.2648928279522806e-05,0.13857774436473846,1.0016002655029297
scoop_total32g_09191431_set1,scoop,scoop_total_32g,32,1,7,21.687,-0.5077770948410034,1.9002633094787598,2.4333531856536865,-4.325899135437794e-05,2.2559062927030027e-05,0.13802790641784668,0.9836337566375732
scoop_total32g_09191431_set1,scoop,scoop_total_32g,32,1,8,22.510,-0.5727461576461792,1.9187333583831787,2.3810036182403564,-4.21177210228052e-05,2.196390414610505e-05,0.13438642024993896,1.0375933647155762
scoop_total32g_09191431_set1,scoop,scoop_total_32g,32,1,9,23.330,-0.5963868498802185,1.7868655920028687,2.3897385597229004,-4.185699799563736e-05,2.18238837987883e-05,0.1335492730140686,1.0227141380310059
scoop_total32g_09191431_set1,scoop,scoop_total_32g,32,1,10,24.150,-0.5526536107063293,1.9280211925506592,2.3597776889801025,-4.284245005692355e-05,2.2341842850437388e-05,0.13669882714748383,1.0007363557815552
scoop_total32g_09191431_set1,scoop,scoop_total_32g,32,2,1,25.967,-0.6029136776924133,1.9454097747802734,2.3519299030303955,-4.181061012786813e-05,2.180374758609105e-05,0.13340649008750916,0.9879034757614136
scoop_total32g_09191431_set1,scoop,scoop_total_32g,32,2,2,26.790,-0.6087647676467896,1.916469931602478,2.327086925506592,-4.238330802763812e-05,2.210240563726984e-05,0.1352338343858719,0.9966772198677063
scoop_total32g_09191431_set1,scoop,scoop_total_32g,32,2,3,27.607,-0.5771475434303284,1.8924074172973633,2.320586681365967,-4.332848766352981e-05,2.2595304471906275e-05,0.13824963569641113,0.9998962879180908
scoop_total32g_09191431_set1,scoop,scoop_total_32g,32,2,4,28.428,-0.5785512924194336,1.9113821983337402,2.4081807136535645,-4.219607581035234e-05,2.20047641050769e-05,0.13463641703128815,1.0084164142608643
scoop_total32g_09191431_set1,scoop,scoop_total_32g,32,2,5,29.248,-0.5426630973815918,1.9479737281799316,2.4581961631774902,-4.326326961745508e-05,2.2561294827028178e-05,0.13804155588150024,1.0049619674682617
scoop_total32g_09191431_set1,scoop,scoop_total_32g,32,2,6,30.069,-0.4807344675064087,1.8930442333221436,2.4131150245666504,-4.364131382317282e-05,2.2758440536563285e-05,0.13924778997898102,1.0113190412521362
scoop_total32g_09191431_set1,scoop,scoop_total_32g,32,2,7,30.889,-0.4692049026489258,1.8620494604110718,2.464130163192749,-4.308341885916889e-05,2.2467504095402546e-05,0.13746769726276398,1.0118757486343384
scoop_total32g_09191431_set1,scoop,scoop_total_32g,32,2,8,31.710,-0.4884375333786011,1.914005160331726,2.525200128555298,-4.3167870899196714e-05,2.25115454668412e-05,0.13773716986179352,1.0191582441329956
scoop_total32g_09191431_set1,scoop,scoop_total_32g,32,2,9,32.526,-0.49681663513183594,1.9200750589370728,2.5421998500823975,-4.3053536501247436e-05,2.245192081318237e-05,0.13737235963344574,1.008219838142395
scoop_total32g_09191431_set1,scoop,scoop_total_32g,32,2,10,33.346,-0.4788241684436798,1.8866231441497803,2.4665918350219727,-4.22130869992543e-05,2.2013637135387398e-05,0.13469070196151733,0.9984030723571777
scoop_total32g_09191431_set1,scoop,scoop_total_32g,32,3,1,35.166,-0.6023558378219604,1.9707551002502441,2.50644588470459,-4.340097802923992e-05,2.2633108528680168e-05,0.13848094642162323,1.0066872835159302
scoop_total32g_09191431_set1,scoop,scoop_total_32g,32,3,2,35.986,-0.6449121236801147,1.9616892337799072,2.4906115531921387,-4.344992703408934e-05,2.2658634406980127e-05,0.13863712549209595,1.0128859281539917
scoop_total32g_09191431_set1,scoop,scoop_total_32g,32,3,3,36.809,-0.6372978687286377,1.9834579229354858,2.455416440963745,-4.297983105061576e-05,2.241348374809604e-05,0.13713717460632324,0.9973216652870178
scoop_total32g_09191431_set1,scoop,scoop_total_32g,32,3,4,37.629,-0.6559035778045654,1.9830001592636108,2.3673324584960938,-4.32063388871029e-05,2.2531605281983502e-05,0.13785989582538605,0.9985962510108948
scoop_total32g_09191431_set1,scoop,scoop_total_32g,32,3,5,38.445,-0.6855120658874512,1.9986577033996582,2.3971962928771973,-4.348152288002893e-05,2.2675110812997445e-05,0.13873794674873352,1.004833459854126
scoop_total32g_09191431_set1,scoop,scoop_total_32g,32,3,6,39.266,-0.712096631526947,2.0481789112091064,2.446333408355713,-4.257636464899406e-05,2.2203081243787892e-05,0.13584981858730316,1.0033377408981323
scoop_total32g_09191431_set1,scoop,scoop_total_32g,32,3,7,40.089,-0.6762875318527222,2.0193428993225098,2.4242215156555176,-4.3526928493520245e-05,2.2698788598063402e-05,0.1388828158378601,0.9982753992080688
scoop_total32g_09191431_set1,scoop,scoop_total_32g,32,3,8,40.907,-0.6213749051094055,1.9969422817230225,2.358647584915161,-4.2451516492292285e-05,2.2137974156066775e-05,0.13545146584510803,1.003609538078308
scoop_total32g_09191431_set1,scoop,scoop_total_32g,32,3,9,41.726,-0.6012424230575562,1.9816498756408691,2.371452808380127,-4.3643198296194896e-05,2.27594227908412e-05,0.13925381004810333,1.0068122148513794
scoop_total32g_09191431_set1,scoop,scoop_total_32g,32,3,10,42.546,-0.5949405431747437,1.9808038473129272,2.46772837638855,-4.3744996219174936e-05,2.2812509996583685e-05,0.13957861065864563,1.0158319473266602
scoop_total32g_09191431_set1,scoop,scoop_total_32g,32,4,1,44.369,-0.4750244915485382,1.9119716882705688,2.4797966480255127,-4.2793963075382635e-05,2.2316557078738697e-05,0.1365441232919693,1.0086389780044556
scoop_total32g_09191431_set1,scoop,scoop_total_32g,32,4,2,45.186,-0.4033050239086151,1.9061579704284668,2.477262496948242,-4.3176838516956195e-05,2.251622026960831e-05,0.1377657651901245,1.0087569952011108
scoop_total32g_09191431_set1,scoop,scoop_total_32g,32,4,3,46.007,-0.3984334468841553,1.9247130155563354,2.4706506729125977,-4.288384661776945e-05,2.2363428797689267e-05,0.1368309110403061,1.0167344808578491
scoop_total32g_09191431_set1,scoop,scoop_total_32g,32,4,4,46.829,-0.43950915336608887,1.913656234741211,2.525143623352051,-4.3471514800330624e-05,2.266989031340927e-05,0.1387059986591339,1.0125937461853027
scoop_total32g_09191431_set1,scoop,scoop_total_32g,32,4,5,47.646,-0.46637260913848877,1.9056799411773682,2.4946210384368896,-4.337704012868926e-05,2.262062298541423e-05,0.13840456306934357,0.999661922454834
scoop_total32g_09191431_set1,scoop,scoop_total_32g,32,4,6,48.467,-0.6047425866127014,1.9799599647521973,2.360156536102295,-4.3531792471185327e-05,2.270132608828135e-05,0.1388983428478241,0.9904991984367371
scoop_total32g_09191431_set1,scoop,scoop_total_32g,32,4,7,49.286,-0.6173456311225891,1.9682482481002808,2.3629345893859863,-4.3528718379093334e-05,2.269972173962742e-05,0.13888852298259735,1.0252680778503418
scoop_total32g_09191431_set1,scoop,scoop_total_32g,32,4,8,50.107,-0.5642747282981873,2.0453860759735107,2.5198607444763184,-4.506262484937906e-05,2.349963688175194e-05,0.1437828242778778,1.0166512727737427
scoop_total32g_09191431_set1,scoop,scoop_total_32g,32,4,9,50.926,-0.5548641085624695,1.9533931016921997,2.512976884841919,-4.386366344988346e-05,2.287439383508172e-05,0.1399572491645813,1.025437593460083
scoop_total32g_09191431_set1,scoop,scoop_total_32g,32,4,10,51.746,-0.46986910700798035,1.9216936826705933,2.441420316696167,-4.380065729492344e-05,2.2841535610496067e-05,0.1397562175989151,1.0110230445861816
scoop_total32g_09191431_set1,scoop,scoop_total_32g,32,5,1,53.566,-0.5096800923347473,1.9620640277862549,2.4694628715515137,-4.322056702221744e-05,2.2539024939760566e-05,0.1379052996635437,1.0075953006744385
scoop_total32g_09191431_set1,scoop,scoop_total_32g,32,5,2,54.386,-0.6312591433525085,2.0393216609954834,2.454690933227539,-4.3463169276947156e-05,2.2665537471766584e-05,0.1386793702840805,1.012675404548645
scoop_total32g_09191431_set1,scoop,scoop_total_32g,32,5,3,55.207,-0.48226168751716614,1.9108049869537354,2.4712183475494385,-4.4069092837162316e-05,2.2981523216003552e-05,0.14061272144317627,1.005138874053955
scoop_total32g_09191431_set1,scoop,scoop_total_32g,32,5,4,56.026,-0.43821588158607483,1.8715358972549438,2.407991647720337,-4.430805711308494e-05,2.3106140361051075e-05,0.14137519896030426,1.0088478326797485
scoop_total32g_09191431_set1,scoop,scoop_total_32g,32,5,5,56.846,-0.423008531332016,1.8583709001541138,2.472532033920288,-4.262716174707748e-05,2.222957118647173e-05,0.13601189851760864,1.0092674493789673
scoop_total32g_09191431_set1,scoop,scoop_total_32g,32,5,6,57.666,-0.5897367596626282,1.9813836812973022,2.455650568008423,-4.36185764556285e-05,2.274658254464157e-05,0.13917523622512817,1.0061142444610596
scoop_total32g_09191431_set1,scoop,scoop_total_32g,32,5,7,58.488,-0.7409449219703674,2.025103807449341,2.4300525188446045,-4.250497295288369e-05,2.216585198766552e-05,0.1356220245361328,1.031115174293518
scoop_total32g_09191431_set1,scoop,scoop_total_32g,32,5,8,59.308,-0.7459125518798828,2.000141143798828,2.4786603450775146,-4.235528103890829e-05,2.2087788238422945e-05,0.1351443976163864,0.9981473088264465
scoop_total32g_09191431_set1,scoop,scoop_total_32g,32,5,9,60.126,-0.662939727306366,2.0277016162872314,2.3625071048736572,-4.4089309085393324e-05,2.29920642595971e-05,0.14067721366882324,1.018209457397461
scoop_total32g_09191431_set1,scoop,scoop_total_32g,32,5,10,60.946,-0.5580229163169861,1.9199130535125732,2.4770116806030273,-4.3581228965194896e-05,2.2727106625097804e-05,0.13905607163906097,1.0072357654571533
scoop_total32g_09191431_set1,scoop,scoop_total_32g,32,6,1,62.769,-0.7208175659179688,1.9892194271087646,2.4165828227996826,-4.345730121713132e-05,2.2662479750579223e-05,0.13866065442562103,0.9978053569793701
scoop_total32g_09191431_set1,scoop,scoop_total_32g,32,6,2,63.586,-0.6631004214286804,1.9872068166732788,2.3983893394470215,-4.2594958358677104e-05,2.2212778276298195e-05,0.13590915501117706,0.9967831969261169
scoop_total32g_09191431_set1,scoop,scoop_total_32g,32,6,3,64.409,-0.6260620951652527,1.9031331539154053,2.347299098968506,-4.325677582528442e-05,2.2557906049769372e-05,0.1380208283662796,1.0008132457733154
scoop_total32g_09191431_set1,scoop,scoop_total_32g,32,6,4,65.226,-0.6137245297431946,1.9145504236221313,2.3203091621398926,-4.3644049583235756e-05,2.2759866624255665e-05,0.1392565220594406,1.0073027610778809
scoop_total32g_09191431_set1,scoop,scoop_total_32g,32,6,5,66.046,-0.5852985382080078,1.9433634281158447,2.3330037593841553,-4.3244250264251605e-05,2.2551375877810642e-05,0.1379808634519577,0.9896302819252014
scoop_total32g_09191431_set1,scoop,scoop_total_32g,32,6,6,66.867,-0.5536705851554871,1.9636231660842896,2.367532730102539,-4.34383618994616e-05,2.265260263811797e-05,0.13860023021697998,0.9970356225967407
scoop_total32g_09191431_set1,scoop,scoop_total_32g,32,6,7,67.686,-0.5169512629508972,1.9220404624938965,2.374206066131592,-4.3402349547250196e-05,2.2633821572526358e-05,0.13848531246185303,1.0071018934249878
scoop_total32g_09191431_set1,scoop,scoop_total_32g,32,6,8,68.506,-0.5065553188323975,1.8857289552688599,2.412809371948242,-4.354551128926687e-05,2.2708480173605494e-05,0.13894210755825043,0.9829362630844116
scoop_total32g_09191431_set1,scoop,scoop_total_32g,32,6,9,69.325,-0.4820683002471924,1.8639858961105347,2.456923007965088,-4.382866245578043e-05,2.2856140276417136e-05,0.1398455649614334,1.023239016532898
scoop_total32g_09191431_set1,scoop,scoop_total_32g,32,6,10,70.145,-0.4326178729534149,1.9290521144866943,2.392432451248169,-4.473803346627392e-05,2.333036536583677e-05,0.14274713397026062,0.9975777864456177
scoop_total32g_09191431_set1,scoop,scoop_total_32g,32,7,1,71.965,-0.46217185258865356,1.9701677560806274,2.50593638420105,-4.420296318130568e-05,2.305133421032224e-05,0.1410398632287979,1.0041347742080688
scoop_total32g_09191431_set1,scoop,scoop_total_32g,32,7,2,72.788,-0.5577697157859802,1.9268039464950562,2.523294687271118,-4.443938814802095e-05,2.317462713108398e-05,0.14179423451423645,1.0094720125198364
scoop_total32g_09191431_set1,scoop,scoop_total_32g,32,7,3,73.609,-0.5465857982635498,1.9358856678009033,2.463524103164673,-4.25796170020476e-05,2.2204776541911997e-05,0.13586018979549408,1.007826805114746
scoop_total32g_09191431_set1,scoop,scoop_total_32g,32,7,4,74.428,-0.6017321944236755,1.9625883102416992,2.3853371143341064,-4.444575824891217e-05,2.317794678674545e-05,0.14181455969810486,1.0140619277954102
scoop_total32g_09191431_set1,scoop,scoop_total_32g,32,7,5,75.249,-0.6853488683700562,1.9255948066711426,2.3785946369171143,-4.247380275046453e-05,2.214959567936603e-05,0.13552257418632507,0.9934329986572266
scoop_total32g_09191431_set1,scoop,scoop_total_32g,32,7,6,76.065,-0.7009550929069519,2.026336669921875,2.442450761795044,-4.38503448094707e-05,2.2867447114549577e-05,0.13991475105285645,1.00368332862854
scoop_total32g_09191431_set1,scoop,scoop_total_32g,32,7,7,76.885,-0.721849799156189,2.0093672275543213,2.4279422760009766,-4.272367004887201e-05,2.2279898985289037e-05,0.1363198310136795,0.9994004964828491
scoop_total32g_09191431_set1,scoop,scoop_total_32g,32,7,8,77.705,-0.6913496255874634,1.9952771663665771,2.355198621749878,-4.281364817870781e-05,2.2326821635942906e-05,0.13660691678524017,1.0004719495773315
scoop_total32g_09191431_set1,scoop,scoop_total_32g,32,7,9,78.525,-0.652016818523407,1.9577155113220215,2.345418691635132,-4.420745972311124e-05,2.3053677068674006e-05,0.1410542130470276,1.0069524049758911
scoop_total32g_09191431_set1,scoop,scoop_total_32g,32,7,10,79.345,-0.6381428837776184,1.96317720413208,2.455594062805176,-4.4059001083951443e-05,2.297625906066969e-05,0.14058052003383636,1.0092778205871582
scoop_total32g_09191431_set1,scoop,scoop_total_32g,32,8,1,81.168,-0.5503019094467163,1.9233675003051758,2.434823751449585,-4.402625927468762e-05,2.2959184207138605e-05,0.1404760479927063,1.018641471862793
scoop_total32g_09191431_set1,scoop,scoop_total_32g,32,8,2,81.988,-0.4518313407897949,1.874454140663147,2.4739859104156494,-4.326310590840876e-05,2.256120933452621e-05,0.13804103434085846,1.0130106210708618
scoop_total32g_09191431_set1,scoop,scoop_total_32g,32,8,3,82.806,-0.4603694975376129,1.891294240951538,2.4964537620544434,-4.3681640818249434e-05,2.277946987305768e-05,0.1393764615058899,1.0454537868499756
scoop_total32g_09191431_set1,scoop,scoop_total_32g,32,8,4,83.625,-0.45680463314056396,1.8764158487319946,2.496812582015991,-4.405113941174932e-05,2.2972159058554098e-05,0.14055542647838593,1.0183268785476685
scoop_total32g_09191431_set1,scoop,scoop_total_32g,32,8,5,84.445,-0.4418107271194458,1.8934885263442993,2.494878053665161,-4.366178472992033e-05,2.2769114366383292e-05,0.13931311666965485,1.021502137184143
scoop_total32g_09191431_set1,scoop,scoop_total_32g,32,8,6,85.266,-0.460626482963562,1.8783968687057495,2.5254950523376465,-4.4377979065757245e-05,2.3142602003645152e-05,0.14159829914569855,0.999816358089447
scoop_total32g_09191431_set1,scoop,scoop_total_32g,32,8,7,86.085,-0.44114774465560913,1.889204740524292,2.4280593395233154,-4.272652222425677e-05,2.2281386918621138e-05,0.13632893562316895,1.001840353012085
scoop_total32g_09191431_set1,scoop,scoop_total_32g,32,8,8,86.906,-0.5080387592315674,1.9164161682128906,2.4523377418518066,-4.340359373600222e-05,2.2634470951743424e-05,0.1384892761707306,1.0081787109375
scoop_total32g_09191431_set1,scoop,scoop_total_32g,32,8,9,87.725,-0.5825526118278503,1.9387354850769043,2.483609199523926,-4.3426280171843246e-05,2.264630347781349e-05,0.1385616809129715,1.0038950443267822
scoop_total32g_09191431_set1,scoop,scoop_total_32g,32,8,10,88.548,-0.5880782604217529,1.9536339044570923,2.3983821868896484,-4.425898805493489e-05,2.3080550818121992e-05,0.1412186324596405,1.0032533407211304
scoop_total32g_09191431_set1,scoop,scoop_total_32g,32,9,1,90.365,-0.6622439026832581,1.9709457159042358,2.4140307903289795,-4.3676849600160494e-05,2.2776970581617206e-05,0.139361172914505,1.0096042156219482
scoop_total32g_09191431_set1,scoop,scoop_total_32g,32,9,2,91.186,-0.7088841795921326,1.9952188730239868,2.4616284370422363,-4.364466076367535e-05,2.2760184947401285e-05,0.139258474111557,1.000185489654541
scoop_total32g_09191431_set1,scoop,scoop_total_32g,32,9,3,92.005,-0.6737095713615417,1.9728164672851562,2.4029197692871094,-4.336026540840976e-05,2.261187728436198e-05,0.13835103809833527,0.9985657930374146
scoop_total32g_09191431_set1,scoop,scoop_total_32g,32,9,4,92.825,-0.654891848564148,1.958260178565979,2.36271071434021,-4.515013279160485e-05,2.3545271687908098e-05,0.14406202733516693,1.0064300298690796
scoop_total32g_09191431_set1,scoop,scoop_total_32g,32,9,5,93.648,-0.5898023843765259,1.9236153364181519,2.4377634525299072,-4.2412189941387624e-05,2.2117465050541796e-05,0.13532598316669464,1.0120391845703125
scoop_total32g_09191431_set1,scoop,scoop_total_32g,32,9,6,94.468,-0.584721565246582,1.9485418796539307,2.5142548084259033,-4.377637742436491e-05,2.2828751752967946e-05,0.13967858254909515,1.0107262134552002
scoop_total32g_09191431_set1,scoop,scoop_total_32g,32,9,7,95.285,-0.5875543355941772,1.9027886390686035,2.522994041442871,-4.3247400753898546e-05,2.2553018425242044e-05,0.13799092173576355,1.0100948810577393
scoop_total32g_09191431_set1,scoop,scoop_total_32g,32,9,8,96.106,-0.5252079367637634,1.8803683519363403,2.4598422050476074,-4.380966129247099e-05,2.284623042214662e-05,0.13978493213653564,1.0234378576278687
scoop_total32g_09191431_set1,scoop,scoop_total_32g,32,9,9,96.925,-0.5151811838150024,1.857871651649475,2.4610464572906494,-4.423682185006328e-05,2.3068991140462458e-05,0.1411478966474533,1.0020560026168823
scoop_total32g_09191431_set1,scoop,scoop_total_32g,32,9,10,97.746,-0.544959545135498,1.8697447776794434,2.547445297241211,-4.310162694309838e-05,2.2476999220089056e-05,0.1375257819890976,1.0098520517349243
scoop_total32g_09191431_set1,scoop,scoop_total_32g,32,10,1,99.565,-0.5306839942932129,1.9724887609481812,2.4211008548736572,-4.3803451262647286e-05,2.2842992621008307e-05,0.13976512849330902,0.9855115413665771
scoop_total32g_09191431_set1,scoop,scoop_total_32g,32,10,2,100.385,-0.5319456458091736,1.9325121641159058,2.33868670463562,-4.436458402778953e-05,2.3135617084335536e-05,0.1415555477142334,1.001465916633606
scoop_total32g_09191431_set1,scoop,scoop_total_32g,32,10,3,101.205,-0.6008825302124023,1.932760238647461,2.4038028717041016,-4.2990617657778785e-05,2.241910988232121e-05,0.13717159628868103,0.9894385933876038
scoop_total32g_09191431_set1,scoop,scoop_total_32g,32,10,4,102.028,-0.6539394855499268,1.9039039611816406,2.4903624057769775,-4.280711436877027e-05,2.2323414668790065e-05,0.13658608496189117,1.013875961303711
scoop_total32g_09191431_set1,scoop,scoop_total_32g,32,10,5,102.846,-0.6396304965019226,1.947454571723938,2.4057672023773193,-4.2490144551265985e-05,2.2158117644721642e-05,0.13557471334934235,1.007472276687622
scoop_total32g_09191431_set1,scoop,scoop_total_32g,32,10,6,103.669,-0.646435558795929,1.931357979774475,2.3805298805236816,-4.4536544010043144e-05,2.3225293261930346e-05,0.14210423827171326,1.0066508054733276
scoop_total32g_09191431_set1,scoop,scoop_total_32g,32,10,7,104.486,-0.6069997549057007,1.9158174991607666,2.437673568725586,-4.4143336708657444e-05,2.302019129274413e-05,0.1408495455980301,1.006624698638916
scoop_total32g_09191431_set1,scoop,scoop_total_32g,32,10,8,105.306,-0.6284328103065491,1.8347645998001099,2.3815410137176514,-4.292670200811699e-05,2.2385778720490634e-05,0.13696765899658203,0.994495153427124
scoop_total32g_09191431_set1,scoop,scoop_total_32g,32,10,9,106.129,-0.4858013689517975,1.9982316493988037,2.3337252140045166,-4.439322947291657e-05,2.3150556444306858e-05,0.14164695143699646,0.9918675422668457
scoop_total32g_09191431_set1,scoop,scoop_total_32g,32,10,10,106.945,-0.5396265387535095,1.9218014478683472,2.4905710220336914,-4.3460455344757065e-05,2.266412411700003e-05,0.13867071270942688,1.0228036642074585
scoop_total32g_09191431_set1,scoop,scoop_total_32g,32,11,1,108.767,-0.4773447513580322,1.8509494066238403,2.4180307388305664,-4.43536919192411e-05,2.3129936380428262e-05,0.14152079820632935,1.0346907377243042
scoop_total32g_09191431_set1,scoop,scoop_total_32g,32,11,2,109.585,-0.5101155638694763,1.8372492790222168,2.5363616943359375,-4.371928298496641e-05,2.2799100406700745e-05,0.1394965648651123,0.9868457317352295
scoop_total32g_09191431_set1,scoop,scoop_total_32g,32,11,3,110.408,-0.4432123899459839,1.951120376586914,2.4267683029174805,-4.487652040552348e-05,2.3402586521115154e-05,0.14318899810314178,1.023894190788269
scoop_total32g_09191431_set1,scoop,scoop_total_32g,32,11,4,111.225,-0.5068191885948181,1.910337209701538,2.4397366046905518,-4.456814713194035e-05,2.324177148693707e-05,0.14220505952835083,1.0189640522003174
scoop_total32g_09191431_set1,scoop,scoop_total_32g,32,11,5,112.048,-0.5529993176460266,1.9413769245147705,2.3918914794921875,-4.252304643159732e-05,2.217527617176529e-05,0.135679692029953,1.0134968757629395
scoop_total32g_09191431_set1,scoop,scoop_total_32g,32,11,6,112.867,-0.6630818843841553,1.9354376792907715,2.487706184387207,-4.384691783343442e-05,2.2865660866955295e-05,0.13990381360054016,1.0064144134521484
scoop_total32g_09191431_set1,scoop,scoop_total_32g,32,11,7,113.685,-0.7021265029907227,1.971215844154358,2.4698922634124756,-4.443679063115269e-05,2.317327198397834e-05,0.14178594946861267,1.000212550163269
scoop_total32g_09191431_set1,scoop,scoop_total_32g,32,11,8,114.504,-0.6487216949462891,1.974150538444519,2.3692290782928467,-4.318742503528483e-05,2.2511427232529968e-05,0.13778620958328247,0.9934839606285095
scoop_total32g_09191431_set1,scoop,scoop_total_32g,32,11,9,115.325,-0.7021368741989136,1.9966074228286743,2.3458638191223145,-4.3679239752236754e-05,2.277821840834804e-05,0.13936880230903625,1.0012868642807007
scoop_total32g_09191431_set1,scoop,scoop_total_32g,32,11,10,116.145,-0.7433489561080933,1.9905338287353516,2.410728931427002,-4.323525354266167e-05,2.2546682885149494e-05,0.13795216381549835,1.0028396844863892
scoop_total32g_09191431_set1,scoop,scoop_total_32g,32,12,1,117.964,-0.6165559887886047,1.9443392753601074,2.379568576812744,-4.424280996317975e-05,2.3072112526278943e-05,0.14116699993610382,1.0002866983413696
scoop_total32g_09191431_set1,scoop,scoop_total_32g,32,12,2,118.784,-0.6117610335350037,1.9313606023788452,2.368137836456299,-4.39721807197202e-05,2.293098259542603e-05,0.14030349254608154,1.003980040550232
scoop_total32g_09191431_set1,scoop,scoop_total_32g,32,12,3,119.608,-0.5870470404624939,1.9262622594833374,2.4397246837615967,-4.484762393985875e-05,2.3387516193906777e-05,0.14309680461883545,1.0089730024337769
scoop_total32g_09191431_set1,scoop,scoop_total_32g,32,12,4,120.425,-0.7071071267127991,2.004668712615967,2.4653992652893066,-4.363157495390624e-05,2.2753361918148585e-05,0.13921672105789185,1.0157779455184937
scoop_total32g_09191431_set1,scoop,scoop_total_32g,32,12,5,121.247,-0.5375169515609741,1.903066635131836,2.489659547805786,-4.4552241888595745e-05,2.3233478714246303e-05,0.14215432107448578,1.015139102935791
scoop_total32g_09191431_set1,scoop,scoop_total_32g,32,12,6,122.065,-0.558729887008667,1.9107087850570679,2.420513153076172,-4.348594666225836e-05,2.267741729156114e-05,0.1387520581483841,0.9987887740135193
scoop_total32g_09191431_set1,scoop,scoop_total_32g,32,12,7,122.885,-0.5561839938163757,1.9452757835388184,2.452155828475952,-4.420680124894716e-05,2.305333509866614e-05,0.14105211198329926,1.008385181427002
scoop_total32g_09191431_set1,scoop,scoop_total_32g,32,12,8,123.707,-0.7310478091239929,2.024782657623291,2.444885730743408,-4.4214575609657913e-05,2.3057389626046643e-05,0.141076922416687,1.000695824623108
scoop_total32g_09191431_set1,scoop,scoop_total_32g,32,12,9,124.524,-0.7047355771064758,2.0014431476593018,2.4631292819976807,-4.336348138167523e-05,2.261355439259205e-05,0.13836130499839783,1.006529688835144
scoop_total32g_09191431_set1,scoop,scoop_total_32g,32,12,10,125.345,-0.5567486882209778,1.952856183052063,2.469874620437622,-4.336056736065075e-05,2.2612033717450686e-05,0.13835200667381287,1.0108946561813354
scoop_total32g_09191431_set1,scoop,scoop_total_32g,32,13,1,127.165,-0.4236513078212738,1.9062011241912842,2.4752707481384277,-4.464612720767036e-05,2.3282438633032143e-05,0.1424538791179657,1.004934549331665
scoop_total32g_09191431_set1,scoop,scoop_total_32g,32,13,2,127.987,-0.6367698311805725,1.918247103691101,2.484440326690674,-4.43422504758928e-05,2.312397009518463e-05,0.14148429036140442,1.0003186464309692
scoop_total32g_09191431_set1,scoop,scoop_total_32g,32,13,3,128.806,-0.6118600368499756,1.9662773609161377,2.3619532585144043,-4.4626744056586176e-05,2.327233050891664e-05,0.14239203929901123,0.9766262769699097
scoop_total32g_09191431_set1,scoop,scoop_total_32g,32,13,4,129.625,-0.550291895866394,1.9324541091918945,2.332043170928955,-4.472423461265862e-05,2.3323169443756342e-05,0.1427031010389328,1.0038528442382812
scoop_total32g_09191431_set1,scoop,scoop_total_32g,32,13,5,130.447,-0.5498355031013489,1.9178056716918945,2.468419313430786,-4.394359348225407e-05,2.2916075977263972e-05,0.140212282538414,1.0181005001068115
scoop_total32g_09191431_set1,scoop,scoop_total_32g,32,13,6,131.268,-0.5868026614189148,1.9155527353286743,2.5307087898254395,-4.377279765321873e-05,2.2827007342129946e-05,0.1396673172712326,1.010071873664856
scoop_total32g_09191431_set1,scoop,scoop_total_32g,32,13,7,132.085,-0.5569105744361877,1.9392756223678589,2.479138135910034,-4.4021133362548426e-05,2.2956512111704797e-05,0.14045968651771545,1.0017646551132202
scoop_total32g_09191431_set1,scoop,scoop_total_32g,32,13,8,132.905,-0.5956903100013733,1.9561549425125122,2.3832004070281982,-4.400256511871703e-05,2.294682781212032e-05,0.14040043950080872,0.9983842372894287
scoop_total32g_09191431_set1,scoop,scoop_total_32g,32,13,9,133.728,-0.6339112520217896,1.9900693893432617,2.3932108879089355,-4.46389640273992e-05,2.3278704247786663e-05,0.14243103563785553,1.002959966659546
scoop_total32g_09191431_set1,scoop,scoop_total_32g,32,13,10,134.545,-0.6820104122161865,2.0325980186462402,2.431400775909424,-4.443135185283609e-05,2.3117503587855026e-05,0.1417001187801361,1.0223779678344727
scoop_total32g_09191431_set1,scoop,scoop_total_32g,32,14,1,136.368,-0.5602318048477173,1.9282433986663818,2.4338836669921875,-4.424329017638229e-05,2.3072363546816632e-05,0.1411685347557068,0.9973082542419434
scoop_total32g_09191431_set1,scoop,scoop_total_32g,32,14,2,137.184,-0.4816528260707855,1.9042222499847412,2.395341396331787,-4.408981476444751e-05,2.2992328013060614e-05,0.14067883789539337,1.0128173828125
scoop_total32g_09191431_set1,scoop,scoop_total_32g,32,14,3,138.005,-0.5008019804954529,1.8896833658218384,2.5050952434539795,-4.483504017116502e-05,2.3380953280138783e-05,0.14305664598941803,1.0151315927505493
scoop_total32g_09191431_set1,scoop,scoop_total_32g,32,14,4,138.825,-0.5632872581481934,1.9077914953231812,2.50079607963562,-4.3502448534127325e-05,2.2686022930429317e-05,0.13880470395088196,1.0069323778152466
scoop_total32g_09191431_set1,scoop,scoop_total_32g,32,14,5,139.645,-0.5868639349937439,1.9260838031768799,2.3908944129943848,-4.4553980842465535e-05,2.323438457096927e-05,0.1421598643064499,0.9968770146369934
scoop_total32g_09191431_set1,scoop,scoop_total_32g,32,14,6,140.465,-0.5757699012756348,1.9481314420700073,2.357402801513672,-4.4075160985812545e-05,2.298468643857632e-05,0.14063207805156708,0.9986761212348938
scoop_total32g_09191431_set1,scoop,scoop_total_32g,32,14,7,141.285,-0.5989922881126404,1.9693429470062256,2.3769490718841553,-4.382309634820558e-05,2.2853237169329077e-05,0.13982780277729034,1.0040013790130615
scoop_total32g_09191431_set1,scoop,scoop_total_32g,32,14,8,142.106,-0.6116663813591003,1.9720383882522583,2.4194631576538086,-4.4556294596986845e-05,2.323559056094382e-05,0.14216724038124084,1.0086158514022827
scoop_total32g_09191431_set1,scoop,scoop_total_32g,32,14,9,142.925,-0.6143473386764526,1.968711018562317,2.4211392402648926,-4.4560183596331626e-05,2.3237618734128773e-05,0.14217965304851532,1.0048800706863403
scoop_total32g_09191431_set1,scoop,scoop_total_32g,32,14,10,143.745,-0.5679818391799927,1.9627708196640015,2.4057798385620117,-4.5036351366434246e-05,2.3485936253564432e-05,0.14369899034500122,1.0094799995422363
scoop_total32g_09191431_set1,scoop,scoop_total_32g,32,15,1,145.565,-0.49144768714904785,1.8939237594604492,2.3952252864837646,-4.547880234895274e-05,2.3716669602436014e-05,0.14511072635650635,1.00063157081604
scoop_total32g_09191431_set1,scoop,scoop_total_32g,32,15,2,146.385,-0.4850459396839142,1.8844351768493652,2.454437494277954,-4.43332246504724e-05,2.311926436959766e-05,0.1414554864168167,1.0063143968582153
scoop_total32g_09191431_set1,scoop,scoop_total_32g,32,15,3,147.205,-0.4989287555217743,1.9009957313537598,2.4894473552703857,-4.510767030296847e-05,2.352312731090933e-05,0.14392654597759247,0.9996578693389893
scoop_total32g_09191431_set1,scoop,scoop_total_32g,32,15,4,148.028,-0.501450777053833,1.9022226333618164,2.434584617614746,-4.39872128481511e-05,2.2938822439755313e-05,0.14035145938396454,1.0095218420028687
scoop_total32g_09191431_set1,scoop,scoop_total_32g,32,15,5,148.845,-0.48727676272392273,1.878644347190857,2.457787036895752,-4.5096821850165725e-05,2.3517470253864303e-05,0.14389191567897797,1.0020557641983032
scoop_total32g_09191431_set1,scoop,scoop_total_32g,32,15,6,149.664,-0.49056610465049744,1.90296471118927,2.4095568656921387,-4.43450735474471e-05,2.31254416576121e-05,0.1414933055639267,0.9980555176734924
scoop_total32g_09191431_set1,scoop,scoop_total_32g,32,15,7,150.485,-0.510661244392395,1.9247791767120361,2.419957160949707,-4.6422352170338854e-05,2.4208718969020993e-05,0.14812134206295013,1.0108743906021118
scoop_total32g_09191431_set1,scoop,scoop_total_32g,32,15,8,151.306,-0.5650676488876343,1.9403687715530396,2.454185962677002,-4.444303340278566e-05,2.3176527975010686e-05,0.14180585741996765,1.007846474647522
scoop_total32g_09191431_set1,scoop,scoop_total_32g,32,15,9,152.127,-0.5881973505020142,1.9488766193389893,2.4282939434051514,-4.385479405755177e-05,2.2869766326039098e-05,0.13992895185947418,1.0080798864364624
scoop_total32g_09191431_set1,scoop,scoop_total_32g,32,15,10,152.947,-0.6874121427536011,1.9681923389434814,2.4326889514923096,-4.4451946450863034e-05,2.3181175492936745e-05,0.1418343037366867,0.9965878129005432
scoop_total32g_09191431_set1,scoop,scoop_total_32g,32,16,1,154.767,-0.665258526802063,1.9450465440750122,2.328253984451294,-4.434285801835358e-05,2.3112481358111836e-05,0.14147095382213593,1.0036513805389404
scoop_total32g_09191431_set1,scoop,scoop_total_32g,32,16,2,155.584,-0.7014071345329285,1.9757685661315918,2.3694255352020264,-4.3987573008053005e-05,2.293900979566388e-05,0.14035260677337646,1.0060303211212158
scoop_total32g_09191431_set1,scoop,scoop_total_32g,32,16,3,156.404,-0.6450043320655823,2.009585380554199,2.412468910217285,-4.500617797020823e-05,2.3470200176234357e-05,0.14360269904136658,1.007246971130371
scoop_total32g_09191431_set1,scoop,scoop_total_32g,32,16,4,157.224,-0.6039254069328308,1.9501492977142334,2.4468088150024414,-4.465550591703504e-05,2.3287328076548874e-05,0.14248380064964294,0.9957044720649719
scoop_total32g_09191431_set1,scoop,scoop_total_32g,32,16,5,158.047,-0.5550662279129028,1.8995195627212524,2.409299850463867,-4.4753385736839846e-05,2.3338372557191178e-05,0.1427961140871048,0.9997835159301758
scoop_total32g_09191431_set1,scoop,scoop_total_32g,32,16,6,158.864,-0.49290385842323303,1.8654348850250244,2.3867669105529785,-4.4828189857071266e-05,2.3377382603939623e-05,0.14303480088710785,1.0100631713867188
scoop_total32g_09191431_set1,scoop,scoop_total_32g,32,16,7,159.685,-0.45925989747047424,1.8541454076766968,2.458296775817871,-4.4856024032924324e-05,2.3391896320390515e-05,0.143123596906662,1.0197556018829346
scoop_total32g_09191431_set1,scoop,scoop_total_32g,32,16,8,160.505,-0.4361194670200348,1.9385753870010376,2.563889741897583,-4.371544127934612e-05,2.2797095880378038e-05,0.13948430120944977,1.0167516469955444
scoop_total32g_09191431_set1,scoop,scoop_total_32g,32,16,9,161.327,-0.4071744680404663,1.8475652933120728,2.4511730670928955,-4.3295549403410405e-05,2.257812775496859e-05,0.13814455270767212,1.0059151649475098
scoop_total32g_09191431_set1,scoop,scoop_total_32g,32,16,10,162.145,-0.40108761191368103,1.8056068420410156,2.4111220836639404,-4.5152748498367146e-05,2.3546635929960757e-05,0.14407037198543549,1.0002293586730957
scoop_total32g_09191431_set1,scoop,scoop_total_32g,32,17,1,163.964,-0.5267367959022522,1.9038053750991821,2.5054047107696533,-4.5164459152147174e-05,2.355274227738846e-05,0.14410772919654846,1.0061321258544922
scoop_total32g_09191431_set1,scoop,scoop_total_32g,32,17,2,164.785,-0.5361354351043701,1.93305504322052,2.4471733570098877,-4.4740751036442816e-05,2.3331784177571535e-05,0.14275580644607544,1.0125788450241089
scoop_total32g_09191431_set1,scoop,scoop_total_32g,32,17,3,165.605,-0.5976648926734924,1.9738496541976929,2.4749810695648193,-4.4714408431900665e-05,2.331804353161715e-05,0.14267174899578094,0.9966904520988464
scoop_total32g_09191431_set1,scoop,scoop_total_32g,32,17,4,166.424,-0.6104888916015625,1.984032392501831,2.3778586387634277,-4.505309698288329e-05,2.3494669221690856e-05,0.14375241100788116,1.005560278892517
scoop_total32g_09191431_set1,scoop,scoop_total_32g,32,17,5,167.244,-0.6593531370162964,1.9797816276550293,2.4012184143066406,-4.4648284529102966e-05,2.3283562768483534e-05,0.14246076345443726,1.0031731128692627
scoop_total32g_09191431_set1,scoop,scoop_total_32g,32,17,6,168.067,-0.6941075325012207,1.9851855039596558,2.4604687690734863,-4.4399243051884696e-05,2.3153690563049167e-05,0.14166612923145294,1.0008310079574585
scoop_total32g_09191431_set1,scoop,scoop_total_32g,32,17,7,168.884,-0.6964307427406311,1.9728784561157227,2.3702049255371094,-4.5013788621872663e-05,2.3474169211112894e-05,0.14362698793411255,0.9946089386940002
scoop_total32g_09191431_set1,scoop,scoop_total_32g,32,17,8,169.707,-0.6684516668319702,1.9442181587219238,2.3464317321777344,-4.4782809709431604e-05,2.3353715732810088e-05,0.14288999140262604,1.0043259859085083
scoop_total32g_09191431_set1,scoop,scoop_total_32g,32,17,9,170.524,-0.6495559215545654,1.9449902772903442,2.412811517715454,-4.5621149183716625e-05,2.3790900741005316e-05,0.14556491374969482,1.0134470462799072
scoop_total32g_09191431_set1,scoop,scoop_total_32g,32,17,10,171.347,-0.6154108047485352,1.9546390771865845,2.4760496616363525,-4.566256393445656e-05,2.381249942118302e-05,0.14569705724716187,1.0083755254745483
scoop_total32g_09191431_set1,scoop,scoop_total_32g,32,18,1,173.164,-0.4971131980419159,1.885169506072998,2.402738094329834,-4.391060065245256e-05,2.2898870156495832e-05,0.14010700583457947,1.0191149711608887
scoop_total32g_09191431_set1,scoop,scoop_total_32g,32,18,2,173.984,-0.4661911129951477,1.925302505493164,2.4641051292419434,-4.553817052510567e-05,2.374762698309496e-05,0.14530014991760254,1.0223499536514282
scoop_total32g_09191431_set1,scoop,scoop_total_32g,32,18,3,174.805,-0.4579687714576721,1.9343605041503906,2.5082626342773438,-4.453921792446636e-05,2.3226686607813463e-05,0.14211276173591614,1.0045057535171509
scoop_total32g_09191431_set1,scoop,scoop_total_32g,32,18,4,175.624,-0.5056324005126953,1.8570611476898193,2.4905385971069336,-4.461186472326517e-05,2.326456888113171e-05,0.14234456419944763,1.004008412361145
scoop_total32g_09191431_set1,scoop,scoop_total_32g,32,18,5,176.444,-0.46848684549331665,1.9010847806930542,2.4248547554016113,-4.4867956603411585e-05,2.3398119083140045e-05,0.14316168427467346,0.9979149103164673
scoop_total32g_09191431_set1,scoop,scoop_total_32g,32,18,6,177.264,-0.5195299983024597,1.8796594142913818,2.3978021144866943,-4.467211329028942e-05,2.3295988285099156e-05,0.14253678917884827,1.008590579032898
scoop_total32g_09191431_set1,scoop,scoop_total_32g,32,18,7,178.084,-0.5616224408149719,1.9412171840667725,2.4470226764678955,-4.467229882720858e-05,2.3296086510526948e-05,0.14253738522529602,1.0086638927459717
scoop_total32g_09191431_set1,scoop,scoop_total_32g,32,18,8,178.904,-0.5697917938232422,1.908588171005249,2.4446492195129395,-4.464816447580233e-05,2.3283500922843814e-05,0.14246037602424622,1.0019851922988892
scoop_total32g_09191431_set1,scoop,scoop_total_32g,32,18,9,179.724,-0.5699084401130676,1.9243870973587036,2.3647730350494385,-4.5322209189180285e-05,2.3635006073163822e-05,0.14461107552051544,0.9850630164146423
scoop_total32g_09191431_set1,scoop,scoop_total_32g,32,18,10,180.544,-0.6111403107643127,1.8963505029678345,2.30515193939209,-4.452342545846477e-05,2.321845204278361e-05,0.14206238090991974,1.0100339651107788
scoop_total32g_09191431_set1,scoop,scoop_total_32g,32,19,1,182.364,-0.608065128326416,1.943649172782898,2.437962055206299,-4.4585554860532284e-05,2.3250850063050166e-05,0.1422606110572815,0.9854223132133484
scoop_total32g_09191431_set1,scoop,scoop_total_32g,32,19,2,183.187,-0.5808404684066772,1.9344648122787476,2.3817429542541504,-4.43490243924316e-05,2.3127502572606318e-05,0.1415059119462967,0.9956337809562683
scoop_total32g_09191431_set1,scoop,scoop_total_32g,32,19,3,184.005,-0.6774111390113831,1.9188812971115112,2.4140913486480713,-4.628086389857344e-05,2.4134935301844962e-05,0.14766989648342133,1.0207464694976807
scoop_total32g_09191431_set1,scoop,scoop_total_32g,32,19,4,184.824,-0.6059969663619995,1.7856861352920532,2.4270684719085693,-4.435769733390771e-05,2.3132024580263533e-05,0.14153356850147247,0.9909383654594421
scoop_total32g_09191431_set1,scoop,scoop_total_32g,32,19,5,185.644,-0.4553472101688385,1.892639398574829,2.472994804382324,-4.459765841602348e-05,2.325699824723415e-05,0.14229902625083923,0.987933337688446
scoop_total32g_09191431_set1,scoop,scoop_total_32g,32,19,6,186.475,-0.44868338108062744,1.8148605823516846,2.3720040321350098,-4.571008321363479e-05,2.383727769483812e-05,0.14584867656230927,1.020865559577942
scoop_total32g_09191431_set1,scoop,scoop_total_32g,32,19,7,187.294,-0.4350926876068115,1.8546192646026611,2.5067481994628906,-4.6180753997759894e-05,2.4082728486973792e-05,0.14735047519207,1.0072622299194336
scoop_total32g_09191431_set1,scoop,scoop_total_32g,32,19,8,188.114,-0.38576045632362366,1.8716288805007935,2.4504027366638184,-4.51652413175907e-05,2.355315155000426e-05,0.14411024749279022,1.003281593322754
scoop_total32g_09191431_set1,scoop,scoop_total_32g,32,19,9,188.934,-0.39484450221061707,1.8384543657302856,2.4197540283203125,-4.5503089495468885e-05,2.37293334066635e-05,0.14518821239471436,1.0022987127304077
scoop_total32g_09191431_set1,scoop,scoop_total_32g,32,19,10,189.754,-0.38979828357696533,1.8302500247955322,2.4126977920532227,-4.586822251440026e-05,2.3919747036416084e-05,0.14635325968265533,1.0033255815505981
scoop_total32g_09191431_set1,scoop,scoop_total_32g,32,20,1,191.575,-0.6400629878044128,1.9103760719299316,2.366392135620117,-4.571018143906258e-05,2.3837330445530824e-05,0.14584898948669434,0.9989802837371826
scoop_total32g_09191431_set1,scoop,scoop_total_32g,32,20,2,192.394,-0.6752885580062866,1.9483551979064941,2.3862733840942383,-4.562523099593818e-05,2.3793028958607465e-05,0.14557793736457825,1.015323281288147
scoop_total32g_09191431_set1,scoop,scoop_total_32g,32,20,3,193.213,-0.6244863271713257,1.9155349731445312,2.468942880630493,-4.4667562178801745e-05,2.3293616322916932e-05,0.14252227544784546,0.9949079751968384
scoop_total32g_09191431_set1,scoop,scoop_total_32g,32,20,4,194.036,-0.6757208108901978,2.0068275928497314,2.3667755126953125,-4.4825086661148816e-05,2.3375763703370467e-05,0.14302489161491394,1.0014477968215942
scoop_total32g_09191431_set1,scoop,scoop_total_32g,32,20,5,194.854,-0.5643143057823181,1.968729019165039,2.375012159347534,-4.405437721288763e-05,2.297384708072059e-05,0.14056576788425446,0.9999683499336243
scoop_total32g_09191431_set1,scoop,scoop_total_32g,32,20,6,195.674,-0.6442986130714417,1.9514954090118408,2.404982805252075,-4.3729261960834265e-05,2.2799917132942937e-05,0.1395227313041687,1.0128659009933472
scoop_total32g_09191431_set1,scoop,scoop_total_32g,32,20,7,196.495,-0.5084545016288757,1.8459748029708862,2.521365165710449,-4.4184940634295344e-05,2.3041935492074117e-05,0.14098235964775085,0.9951058626174927
scoop_total32g_09191431_set1,scoop,scoop_total_32g,32,20,8,197.313,-0.5151457786560059,1.9124739170074463,2.4659907817840576,-4.419925244292244e-05,2.3049398805596866e-05,0.1410280168056488,1.0185332298278809
scoop_total32g_09191431_set1,scoop,scoop_total_32g,32,20,9,198.133,-0.5424759984016418,1.873966932296753,2.371100664138794,-4.580896347761154e-05,2.3888844225439243e-05,0.1461641788482666,1.015648365020752
scoop_total32g_09191431_set1,scoop,scoop_total_32g,32,20,10,198.953,-0.5698230862617493,1.9474613666534424,2.3216612339019775,-4.501239163801074e-05,2.3473441615351476e-05,0.1436225324869156,1.0105780363082886
scoop_total32g_09191431_set1,scoop,scoop_total_32g,32,21,1,200.775,-0.48252108693122864,1.8497649431228638,2.463710069656372,-4.320404332247563e-05,2.253040838695597e-05,0.13785257935523987,1.0225961208343506
scoop_total32g_09191431_set1,scoop,scoop_total_32g,32,21,2,201.595,-0.4226192533969879,1.8947349786758423,2.4985899925231934,-4.659528349293396e-05,2.429890082566999e-05,0.14867311716079712,1.005639910697937
scoop_total32g_09191431_set1,scoop,scoop_total_32g,32,21,3,202.413,-0.6178561449050903,1.915207028388977,2.367532730102539,-4.489846833166666e-05,2.3414031602442265e-05,0.14325903356075287,1.0002597570419312
scoop_total32g_09191431_set1,scoop,scoop_total_32g,32,21,4,203.237,-0.6221136450767517,1.990471363067627,2.3776473999023438,-4.5008757297182456e-05,2.3471544409403577e-05,0.14361093938350677,1.020592451095581
scoop_total32g_09191431_set1,scoop,scoop_total_32g,32,21,5,204.056,-0.7228183150291443,1.9049307107925415,2.441807270050049,-4.461753633222543e-05,2.326753019588068e-05,0.14236265420913696,0.9865812659263611
scoop_total32g_09191431_set1,scoop,scoop_total_32g,32,21,6,204.874,-0.5423165559768677,1.904911994934082,2.441877841949463,-4.448349500307813e-05,2.3197626433102414e-05,0.14193496108055115,0.9912275671958923
scoop_total32g_09191431_set1,scoop,scoop_total_32g,32,21,7,205.695,-0.5126729011535645,1.8738384246826172,2.3724937438964844,-4.5344335376285017e-05,2.3626967958989553e-05,0.14465634524822235,1.0111407041549683
scoop_total32g_09191431_set1,scoop,scoop_total_32g,32,21,8,206.517,-0.5049557685852051,1.9001909494400024,2.4546093940734863,-4.603687921189703e-05,2.4007698812056333e-05,0.14689140021800995,1.0056712627410889
scoop_total32g_09191431_set1,scoop,scoop_total_32g,32,21,9,207.335,-0.5319809913635254,1.9312267303466797,2.487788200378418,-4.549603181658313e-05,2.372565541008953e-05,0.14516571164131165,0.9962555766105652
scoop_total32g_09191431_set1,scoop,scoop_total_32g,32,21,10,208.155,-0.7204764485359192,2.003119945526123,2.417057752609253,-4.5893382775830105e-05,2.393286740698386e-05,0.14643354713916779,1.0004945993423462
scoop_total32g_09191431_set1,scoop,scoop_total_32g,32,22,1,209.975,-0.5223298072814941,1.9092779159545898,2.4187982082366943,-4.49177750851959e-05,2.342409970879089e-05,0.14332063496112823,1.004213571548462
scoop_total32g_09191431_set1,scoop,scoop_total_32g,32,22,2,210.794,-0.5907379984855652,1.9266440868377686,2.4647884368896484,-4.546242780634202e-05,2.3708103981334716e-05,0.14505845308303833,1.014543890953064
scoop_total32g_09191431_set1,scoop,scoop_total_32g,32,22,3,211.617,-0.5407857894897461,1.9312132596969604,2.505033254623413,-4.5267217501532286e-05,2.3606329705216922e-05,0.14443561434745789,1.0042057037353516
scoop_total32g_09191431_set1,scoop,scoop_total_32g,32,22,4,212.435,-0.4857301115989685,1.89655339717865,2.4782774448394775,-4.554173938231543e-05,2.374948962824419e-05,0.14531154930591583,1.024472951889038
scoop_total32g_09191431_set1,scoop,scoop_total_32g,32,22,5,213.254,-0.4118453860282898,1.8995976448059082,2.3628785610198975,-4.471110150916502e-05,2.3316320948651992e-05,0.1426611989736557,1.0125963687896729
scoop_total32g_09191431_set1,scoop,scoop_total_32g,32,22,6,214.076,-0.45553097128868103,1.8760193586349487,2.489161968231201,-4.5937125833006576e-05,2.395567935309373e-05,0.14657311141490936,1.0063873529434204
scoop_total32g_09191431_set1,scoop,scoop_total_32g,32,22,7,214.894,-0.4780227839946747,1.875328540802002,2.4905078411102295,-4.595995051204227e-05,2.396758100076113e-05,0.1466459333896637,1.0242528915405273
scoop_total32g_09191431_set1,scoop,scoop_total_32g,32,22,8,215.713,-0.4725763201713562,1.89115309715271,2.5090794563293457,-4.570222881739028e-05,2.377034252276644e-05,0.14574232697486877,1.0193904638290405
scoop_total32g_09191431_set1,scoop,scoop_total_32g,32,22,9,216.534,-0.509457528591156,1.91580069065094,2.279482126235962,-4.635582445189357e-05,2.4174025384127162e-05,0.14790907502174377,1.0005130767822266
scoop_total32g_09191431_set1,scoop,scoop_total_32g,32,22,10,217.353,-0.570988118648529,1.8917131423950195,2.3522396087646484,-4.4420783524401486e-05,2.3164924641605467e-05,0.14173486828804016,1.0105273723602295
scoop_total32g_09191431_set1,scoop,scoop_total_32g,32,23,1,219.173,-0.5996174216270447,1.93843674659729,2.40535306930542,-4.5790271542500705e-05,2.387909626122564e-05,0.14610454440116882,0.9845044016838074
scoop_total32g_09191431_set1,scoop,scoop_total_32g,32,23,2,219.994,-0.59988933801651,1.9276623725891113,2.2925608158111572,-4.597685256158002e-05,2.3976395823410712e-05,0.14669986069202423,0.996210515499115
scoop_total32g_09191431_set1,scoop,scoop_total_32g,32,23,3,220.813,-0.5791394710540771,1.9426307678222656,2.354959487915039,-4.634280412574299e-05,2.416723691567313e-05,0.14786753058433533,1.0045857429504395
scoop_total32g_09191431_set1,scoop,scoop_total_32g,32,23,4,221.636,-0.591589629650116,1.9477003812789917,2.4248578548431396,-4.542576425592415e-05,2.3689010049565695e-05,0.14494149386882782,1.006073236465454
scoop_total32g_09191431_set1,scoop,scoop_total_32g,32,23,5,222.457,-0.5640847086906433,1.9081007242202759,2.4483680725097656,-4.522987364907749e-05,2.358685560466256e-05,0.14431646466255188,1.0022225379943848
scoop_total32g_09191431_set1,scoop,scoop_total_32g,32,23,6,223.276,-0.5736484527587891,1.9397687911987305,2.436811685562134,-4.576428545988165e-05,2.3865544790169224e-05,0.14602163434028625,1.011124849319458
scoop_total32g_09191431_set1,scoop,scoop_total_32g,32,23,7,224.094,-0.5635974407196045,1.914473295211792,2.4832706451416016,-4.629246177501045e-05,2.4140983441611752e-05,0.14770689606666565,0.9993234872817993
scoop_total32g_09191431_set1,scoop,scoop_total_32g,32,23,8,224.914,-0.504396378993988,1.900009036064148,2.4141080379486084,-4.599798558047041e-05,2.3987417080206797e-05,0.14676730334758759,1.0074222087860107
scoop_total32g_09191431_set1,scoop,scoop_total_32g,32,23,9,225.735,-0.48196882009506226,1.8777055740356445,2.421881914138794,-4.5584496547235176e-05,2.3704804334556684e-05,0.14536131918430328,1.0092240571975708
scoop_total32g_09191431_set1,scoop,scoop_total_32g,32,23,10,226.554,-0.5113205909729004,1.9092919826507568,2.469273567199707,-4.5016451622359455e-05,2.3475558919017203e-05,0.14363549649715424,1.0117361545562744
scoop_total32g_09191431_set1,scoop,scoop_total_32g,32,24,1,228.373,-0.5807494521141052,1.8809627294540405,2.4486327171325684,-4.515805630944669e-05,2.354940261284355e-05,0.1440872997045517,0.9888762831687927
scoop_total32g_09191431_set1,scoop,scoop_total_32g,32,24,2,229.194,-0.5321428179740906,1.9110724925994873,2.332839012145996,-4.6220869990065694e-05,2.4103648684103973e-05,0.14747846126556396,1.0132203102111816
scoop_total32g_09191431_set1,scoop,scoop_total_32g,32,24,3,230.014,-0.5945762991905212,1.9295862913131714,2.389824390411377,-4.500835348153487e-05,2.347133522562217e-05,0.1436096429824829,1.004347324371338
scoop_total32g_09191431_set1,scoop,scoop_total_32g,32,24,4,230.835,-0.6195566058158875,1.978553295135498,2.3881337642669678,-4.6446479245787486e-05,2.422130091872532e-05,0.14819832146167755,0.9900822639465332
scoop_total32g_09191431_set1,scoop,scoop_total_32g,32,24,5,231.653,-0.6429128050804138,1.9857439994812012,2.334878444671631,-4.5411823521135375e-05,2.3681739548919722e-05,0.14489701390266418,1.0086252689361572
scoop_total32g_09191431_set1,scoop,scoop_total_32g,32,24,6,232.474,-0.6556077599525452,2.0118298530578613,2.3938097953796387,-4.526261182036251e-05,2.360392863920424e-05,0.14442092180252075,1.0056657791137695
scoop_total32g_09191431_set1,scoop,scoop_total_32g,32,24,7,233.297,-0.6453316807746887,1.987727403640747,2.4147775173187256,-4.661158527596854e-05,2.430740096315276e-05,0.14872512221336365,0.9980127811431885
scoop_total32g_09191431_set1,scoop,scoop_total_32g,32,24,8,234.113,-0.6079351902008057,1.9694334268569946,2.335510730743408,-4.5528769987868145e-05,2.3742726625641808e-05,0.14527016878128052,1.0006189346313477
scoop_total32g_09191431_set1,scoop,scoop_total_32g,32,24,9,234.934,-0.5815384387969971,1.9014323949813843,2.3485801219940186,-4.568412259686738e-05,2.3823740775696933e-05,0.14576585590839386,1.0130873918533325
scoop_total32g_09191431_set1,scoop,scoop_total_32g,32,24,10,235.753,-0.4321174919605255,1.8589791059494019,2.484354257583618,-4.377328878035769e-05,2.2827263819635846e-05,0.13966888189315796,1.0078685283660889
scoop_total32g_09191431_set1,scoop,scoop_total_32g,32,25,1,237.573,-0.4425111413002014,1.861854910850525,2.4147391319274902,-4.653739233617671e-05,2.426871105853934e-05,0.14848840236663818,1.002184510231018
scoop_total32g_09191431_set1,scoop,scoop_total_32g,32,25,2,238.396,-0.3917190730571747,1.8508888483047485,2.4073853492736816,-4.499674469116144e-05,2.346528162888717e-05,0.1435726135969162,0.9962157607078552
scoop_total32g_09191431_set1,scoop,scoop_total_32g,32,25,3,239.213,-0.40151211619377136,1.9059640169143677,2.467740774154663,-4.6651730372104794e-05,2.432833753118757e-05,0.14885322749614716,1.0179681777954102
scoop_total32g_09191431_set1,scoop,scoop_total_32g,32,25,4,240.034,-0.45973795652389526,1.8495789766311646,2.504697561264038,-4.692055517807603e-05,2.446852704451885e-05,0.1497109830379486,1.0054212808609009
scoop_total32g_09191431_set1,scoop,scoop_total_32g,32,25,5,240.855,-0.4622492790222168,1.8815269470214844,2.478436231613159,-4.619003084371798e-05,2.4087566998787224e-05,0.147380068898201,1.0043631792068481
scoop_total32g_09191431_set1,scoop,scoop_total_32g,32,25,6,241.672,-0.4888846278190613,1.8940916061401367,2.373504877090454,-4.561417517834343e-05,2.3787264581187628e-05,0.1455426663160324,0.9972874522209167
scoop_total32g_09191431_set1,scoop,scoop_total_32g,32,25,7,242.493,-0.5321678519248962,1.9185748100280762,2.371150255203247,-4.569147131405771e-05,2.3827573386370204e-05,0.14578929543495178,1.0090237855911255
scoop_total32g_09191431_set1,scoop,scoop_total_32g,32,25,8,243.313,-0.6149225234985352,1.926553726196289,2.467250347137451,-4.582388646667823e-05,2.3896627681097016e-05,0.14621180295944214,1.0026644468307495
scoop_total32g_09191431_set1,scoop,scoop_total_32g,32,25,9,244.134,-0.6812289357185364,1.9793201684951782,2.438255548477173,-4.625373912858777e-05,2.4120789021253586e-05,0.14758333563804626,1.006585955619812
scoop_total32g_09191431_set1,scoop,scoop_total_32g,32,25,10,244.956,-0.6999340653419495,1.9812448024749756,2.3868842124938965,-4.539859219221398e-05,2.3674840122112073e-05,0.14485478401184082,0.9959012866020203
scoop_total32g_09191431_set1,scoop,scoop_total_32g,32,26,1,246.773,-0.7010287642478943,1.9945182800292969,2.395704507827759,-4.689677734859288e-05,2.4456125174765475e-05,0.14963510632514954,1.0066505670547485
scoop_total32g_09191431_set1,scoop,scoop_total_32g,32,26,2,247.593,-0.6817588806152344,1.9998215436935425,2.4303512573242188,-4.5214219426270574e-05,2.3578691980219446e-05,0.1442665010690689,0.9941197037696838
scoop_total32g_09191431_set1,scoop,scoop_total_32g,32,26,3,248.413,-0.6331750154495239,1.9588152170181274,2.377607583999634,-4.590180833474733e-05,2.3937262085382827e-05,0.1464604288339615,1.0022145509719849
scoop_total32g_09191431_set1,scoop,scoop_total_32g,32,26,4,249.233,-0.5690867304801941,1.913806438446045,2.3757851123809814,-4.601713226293214e-05,2.399740151304286e-05,0.14682838320732117,1.0047763586044312
scoop_total32g_09191431_set1,scoop,scoop_total_32g,32,26,5,250.053,-0.46864214539527893,1.8496767282485962,2.430431842803955,-4.5028933527646586e-05,2.348206726310309e-05,0.1436753123998642,1.007320523262024
scoop_total32g_09191431_set1,scoop,scoop_total_32g,32,26,6,250.873,-0.545376718044281,1.8762128353118896,2.500110626220703,-4.575414277496748e-05,2.3860255168983713e-05,0.14598925411701202,0.9993131160736084
scoop_total32g_09191431_set1,scoop,scoop_total_32g,32,26,7,251.693,-0.519464910030365,1.928027868270874,2.43056321144104,-4.614059434970841e-05,2.4061784642981365e-05,0.14722232520580292,1.0190253257751465
scoop_total32g_09191431_set1,scoop,scoop_total_32g,32,26,8,252.513,-0.4732292592525482,1.8698426485061646,2.453191041946411,-4.718903437606059e-05,2.4608534658909775e-05,0.15056762099266052,0.9945127367973328
scoop_total32g_09191431_set1,scoop,scoop_total_32g,32,26,9,253.333,-0.5309352874755859,1.8710869550704956,2.419229030609131,-4.595035352394916e-05,2.3962576960911974e-05,0.14661532640457153,0.9888112545013428
scoop_total32g_09191431_set1,scoop,scoop_total_32g,32,26,10,254.152,-0.5685504078865051,1.929521918296814,2.5409724712371826,-4.649906259146519e-05,2.4248722183983773e-05,0.14836610853672028,1.0169973373413086
scoop_total32g_09191431_set1,scoop,scoop_total_32g,32,27,1,255.973,-0.6024748086929321,1.9508544206619263,2.377748727798462,-4.550877565634437e-05,2.3732300178380683e-05,0.14520636200904846,1.0037164688110352
scoop_total32g_09191431_set1,scoop,scoop_total_32g,32,27,2,256.792,-0.5888340473175049,1.926254391670227,2.368596076965332,-4.6420300350291654e-05,2.4207525711972266e-05,0.1481146365404129,0.9937973022460938
scoop_total32g_09191431_set1,scoop,scoop_total_32g,32,27,3,257.613,-0.5876511335372925,1.952323317527771,2.398773670196533,-4.671714486903511e-05,2.4362449039472267e-05,0.14906194806098938,1.0131763219833374
scoop_total32g_09191431_set1,scoop,scoop_total_32g,32,27,4,258.433,-0.6262677311897278,1.9794913530349731,2.390143632888794,-4.560554589261301e-05,2.3782762582413852e-05,0.14551512897014618,0.9967880845069885
scoop_total32g_09191431_set1,scoop,scoop_total_32g,32,27,5,259.253,-0.5988363027572632,1.9342973232269287,2.355917453765869,-4.612070551957004e-05,2.4051412765402347e-05,0.14715886116027832,0.9959385991096497
scoop_total32g_09191431_set1,scoop,scoop_total_32g,32,27,6,260.076,-0.6105185747146606,1.934033751487732,2.319159507751465,-4.637842721422203e-05,2.418581243546214e-05,0.147981196641922,1.0022900104522705
scoop_total32g_09191431_set1,scoop,scoop_total_32g,32,27,7,260.896,-0.6187132000923157,1.9425081014633179,2.392052173614502,-4.698839984484948e-05,2.4503906388417818e-05,0.14992745220661163,1.0020133256912231
scoop_total32g_09191431_set1,scoop,scoop_total_32g,32,27,8,261.716,-0.6087647676467896,1.9513745307922363,2.412876605987549,-4.5039218093734235e-05,2.3487431462854147e-05,0.14370812475681305,1.0070502758026123
scoop_total32g_09191431_set1,scoop,scoop_total_32g,32,27,9,262.533,-0.5301070213317871,1.910698652267456,2.4766793251037598,-4.5617296564159915e-05,2.3788892576703802e-05,0.1455526202917099,1.0117197036743164
scoop_total32g_09191431_set1,scoop,scoop_total_32g,32,27,10,263.353,-0.5726251602172852,1.9246078729629517,2.4966018199920654,-4.655760858440772e-05,2.427925392112229e-05,0.14855290949344635,1.0072447061538696
scoop_total32g_09191431_set1,scoop,scoop_total_32g,32,28,1,265.176,-0.47160571813583374,1.8427516222000122,2.4061944484710693,-4.605259528034367e-05,2.401589517830871e-05,0.14694154262542725,1.0036317110061646
scoop_total32g_09191431_set1,scoop,scoop_total_32g,32,28,2,265.993,-0.5203599333763123,1.8853265047073364,2.4438304901123047,-4.653103678720072e-05,2.4265396859846078e-05,0.14846812188625336,1.0065480470657349
scoop_total32g_09191431_set1,scoop,scoop_total_32g,32,28,3,266.816,-0.49320000410079956,1.8877036571502686,2.440613269805908,-4.5218745071906596e-05,2.358105302846525e-05,0.14428095519542694,0.9987845420837402
scoop_total32g_09191431_set1,scoop,scoop_total_32g,32,28,4,267.633,-0.6662871837615967,1.972860336303711,2.4000580310821533,-4.568048461806029e-05,2.3821843569749035e-05,0.14575423300266266,0.9930531978607178
scoop_total32g_09191431_set1,scoop,scoop_total_32g,32,28,5,268.453,-0.6010041236877441,1.9445772171020508,2.3351049423217773,-4.5627439249074087e-05,2.379418037889991e-05,0.14558498561382294,0.9930024147033691
scoop_total32g_09191431_set1,scoop,scoop_total_32g,32,28,6,269.273,-0.6628357768058777,1.9326424598693848,2.286264657974243,-4.445770537131466e-05,2.3184178644442e-05,0.14185267686843872,1.00562584400177
scoop_total32g_09191431_set1,scoop,scoop_total_32g,32,28,7,270.092,-0.5448426008224487,1.880031943321228,2.4186906814575195,-4.4696771510643885e-05,2.3308848540182225e-05,0.14261546730995178,1.001515507698059
scoop_total32g_09191431_set1,scoop,scoop_total_32g,32,28,8,270.912,-0.47282031178474426,1.832149863243103,2.4079537391662598,-4.5495497033698484e-05,2.372537346673198e-05,0.14516398310661316,1.0099543333053589
scoop_total32g_09191431_set1,scoop,scoop_total_32g,32,28,9,271.732,-0.46181729435920715,1.8194639682769775,2.4641129970550537,-4.5276352466316894e-05,2.361109363846481e-05,0.14446476101875305,1.0122692584991455
scoop_total32g_09191431_set1,scoop,scoop_total_32g,32,28,10,272.555,-0.4681204557418823,1.833526849746704,2.5073933601379395,-4.486941179493442e-05,2.3398879420710728e-05,0.14316633343696594,1.0057820081710815
scoop_total32g_09191431_set1,scoop,scoop_total_32g,32,29,1,274.375,-0.5583568215370178,1.9336618185043335,2.360947370529175,-4.523928873823024e-05,2.359176505706273e-05,0.14434650540351868,0.9839333295822144
scoop_total32g_09191431_set1,scoop,scoop_total_32g,32,29,2,275.192,-0.4385000169277191,1.741714358329773,2.3677139282226562,-4.612075645127334e-05,2.40514400502434e-05,0.14715902507305145,1.022051215171814
scoop_total32g_09191431_set1,scoop,scoop_total_32g,32,29,3,276.012,-0.458530992269516,1.8241493701934814,2.534247398376465,-4.566356437862851e-05,2.3813019652152434e-05,0.14570026099681854,0.996356189250946
scoop_total32g_09191431_set1,scoop,scoop_total_32g,32,29,4,276.832,-0.4847574532032013,1.8837087154388428,2.4702019691467285,-4.6766686864430085e-05,2.4360620955121703e-05,0.1491842269897461,0.9842666387557983
scoop_total32g_09191431_set1,scoop,scoop_total_32g,32,29,5,277.652,-0.6323909759521484,1.887073040008545,2.3361575603485107,-4.518286368693225e-05,2.356233926548157e-05,0.14416645467281342,0.9809496402740479
scoop_total32g_09191431_set1,scoop,scoop_total_32g,32,29,6,278.472,-0.6150671243667603,1.9492086172103882,2.2658324241638184,-4.560100569506176e-05,2.378039607719984e-05,0.14550064504146576,1.0072636604309082
scoop_total32g_09191431_set1,scoop,scoop_total_32g,32,29,7,279.293,-0.6587350964546204,1.9203866720199585,2.3910694122314453,-4.5167857024353e-05,2.3554513973067515e-05,0.14411857724189758,1.0290448665618896
scoop_total32g_09191431_set1,scoop,scoop_total_32g,32,29,8,280.112,-0.6326982975006104,1.9267748594284058,2.483086585998535,-4.5006418076809496e-05,2.3470325686503202e-05,0.14360347390174866,0.9921126365661621
scoop_total32g_09191431_set1,scoop,scoop_total_32g,32,29,9,280.932,-0.4876531660556793,1.7909433841705322,2.465676784515381,-4.4986929424339905e-05,2.346016299270559e-05,0.14354129135608673,1.038063406944275
scoop_total32g_09191431_set1,scoop,scoop_total_32g,32,29,10,281.755,-0.5711624622344971,1.83479905128479,2.2664084434509277,-4.4590931793209165e-05,2.325365312572103e-05,0.1422777622938156,0.9995934367179871
scoop_total32g_09191431_set1,scoop,scoop_total_32g,32,30,1,283.575,-0.6809293627738953,1.9583981037139893,2.376378059387207,-4.6030130761209875e-05,2.4004180886549875e-05,0.14686986804008484,1.0015194416046143
scoop_total32g_09191431_set1,scoop,scoop_total_32g,32,30,2,284.392,-0.7093875408172607,1.9609041213989258,2.3879899978637695,-4.657174940803088e-05,2.4286628104164265e-05,0.14859803020954132,0.9960496425628662
scoop_total32g_09191431_set1,scoop,scoop_total_32g,32,30,3,285.212,-0.6478881239891052,1.9784871339797974,2.31955885887146,-4.56976231362205e-05,2.383078208367806e-05,0.14580892026424408,1.0044114589691162
scoop_total32g_09191431_set1,scoop,scoop_total_32g,32,30,4,286.032,-0.71395343542099,1.9526363611221313,2.3751275539398193,-4.7417332098120824e-05,2.4727589334361255e-05,0.15129604935646057,1.0041773319244385
scoop_total32g_09191431_set1,scoop,scoop_total_32g,32,30,5,286.852,-0.6690082550048828,2.011747360229492,2.4363327026367188,-4.6381883294088766e-05,2.4187615053961053e-05,0.14799220860004425,1.0065168142318726
scoop_total32g_09191431_set1,scoop,scoop_total_32g,32,30,6,287.672,-0.6450539231300354,1.94953191280365,2.420813798904419,-4.655312295653857e-05,2.427691470074933e-05,0.14853858947753906,0.9977734684944153
scoop_total32g_09191431_set1,scoop,scoop_total_32g,32,30,7,288.494,-0.5744854211807251,1.921024203300476,2.376595973968506,-4.607867595041171e-05,2.4029495762079023e-05,0.1470247507095337,1.0137064456939697
scoop_total32g_09191431_set1,scoop,scoop_total_32g,32,30,8,289.312,-0.534140408039093,1.8070012331008911,2.3943212032318115,-4.6165190724423155e-05,2.4074613975244574e-05,0.1473008096218109,0.9971814751625061
scoop_total32g_09191431_set1,scoop,scoop_total_32g,32,30,9,290.135,-0.48766034841537476,1.910010814666748,2.548382520675659,-4.7715380787849426e-05,2.488301834091544e-05,0.15224704146385193,1.01181161403656
scoop_total32g_09191431_set1,scoop,scoop_total_32g,32,30,10,290.952,-0.5105931162834167,1.7998636960983276,2.450972080230713,-4.5586661144625396e-05,2.377291639277246e-05,0.14545486867427826,1.035675048828125
scoop_total32g_09191431_set2,scoop,scoop_total_32g,32,1,1,351.551,-0.3860247731208801,1.8623275756835938,2.485898971557617,-4.998967415303923e-05,2.606903581181541e-05,0.15950371325016022,1.0024205446243286
scoop_total32g_09191431_set2,scoop,scoop_total_32g,32,1,2,352.372,-0.40734484791755676,1.8250055313110352,2.390876054763794,-4.843949500354938e-05,2.5260636903112754e-05,0.1545575112104416,0.9929864406585693
scoop_total32g_09191431_set2,scoop,scoop_total_32g,32,1,3,353.191,-0.5341777205467224,1.8619740009307861,2.3202459812164307,-4.8603473260300234e-05,2.5346147594973445e-05,0.15508072078227997,1.0017344951629639
scoop_total32g_09191431_set2,scoop,scoop_total_32g,32,1,4,354.013,-0.5169817805290222,1.8587672710418701,2.3744397163391113,-4.841984264203347e-05,2.5250386897823773e-05,0.15449480712413788,1.0156198740005493
scoop_total32g_09191431_set2,scoop,scoop_total_32g,32,1,5,354.832,-0.40473490953445435,1.7968926429748535,2.5233829021453857,-4.862033893004991e-05,2.5354944227728993e-05,0.15513452887535095,1.0065101385116577
scoop_total32g_09191431_set2,scoop,scoop_total_32g,32,1,6,355.654,-0.41265347599983215,1.8213368654251099,2.430718421936035,-4.905657624476589e-05,2.5582436137483455e-05,0.15652644634246826,1.0063304901123047
scoop_total32g_09191431_set2,scoop,scoop_total_32g,32,1,7,356.472,-0.38806238770484924,1.7727832794189453,2.4109580516815186,-4.806793367606588e-05,2.5066870875889435e-05,0.15337194502353668,1.0049629211425781
scoop_total32g_09191431_set2,scoop,scoop_total_32g,32,1,8,357.291,-0.42500537633895874,1.8031824827194214,2.421128273010254,-4.843492934014648e-05,2.525825402699411e-05,0.154542937874794,1.0085145235061646
scoop_total32g_09191431_set2,scoop,scoop_total_32g,32,1,9,358.111,-0.5030128359794617,1.8306390047073364,2.464535713195801,-4.761695527122356e-05,2.4831690097926185e-05,0.1519329994916916,1.004922866821289
scoop_total32g_09191431_set2,scoop,scoop_total_32g,32,1,10,358.932,-0.5742640495300293,1.8456865549087524,2.438525676727295,-4.757934220833704e-05,2.481207593518775e-05,0.15181298553943634,0.9902732968330383
scoop_total32g_09191431_set2,scoop,scoop_total_32g,32,2,1,360.751,-0.6157918572425842,1.8844661712646484,2.3398938179016113,-4.960303704137914e-05,2.586740993137937e-05,0.15827006101608276,1.0059374570846558
scoop_total32g_09191431_set2,scoop,scoop_total_32g,32,2,2,361.572,-0.6735289692878723,1.925201416015625,2.3870232105255127,-4.88868317916058e-05,2.54939168371493e-05,0.15598484873771667,1.0025546550750732
scoop_total32g_09191431_set2,scoop,scoop_total_32g,32,2,3,362.394,-0.683769702911377,1.9550503492355347,2.39526629447937,-4.982869722880423e-05,2.598508945084177e-05,0.15899008512496948,0.9914854168891907
scoop_total32g_09191431_set2,scoop,scoop_total_32g,32,2,4,363.211,-0.6476699113845825,1.929269552230835,2.3523316383361816,-4.987126885680482e-05,2.6007288397522643e-05,0.1591259092092514,0.9893423318862915
scoop_total32g_09191431_set2,scoop,scoop_total_32g,32,2,5,364.034,-0.611047089099884,1.937971591949463,2.337739944458008,-4.866024755756371e-05,2.537575528549496e-05,0.15526185929775238,1.008779764175415
scoop_total32g_09191431_set2,scoop,scoop_total_32g,32,2,6,364.854,-0.6195656061172485,1.904128074645996,2.3704214096069336,-4.8979916755342856e-05,2.5542458388372324e-05,0.15628184378147125,1.0013232231140137
scoop_total32g_09191431_set2,scoop,scoop_total_32g,32,2,7,365.672,-0.613098680973053,1.876847267150879,2.4742887020111084,-4.809442543773912e-05,2.5080686100409366e-05,0.15345647931098938,1.006277084350586
scoop_total32g_09191431_set2,scoop,scoop_total_32g,32,2,8,366.491,-0.5178616642951965,1.8416098356246948,2.4135079383850098,-4.838783570448868e-05,2.5233695851056837e-05,0.15439267456531525,1.0002050399780273
scoop_total32g_09191431_set2,scoop,scoop_total_32g,32,2,9,367.312,-0.4470067322254181,1.791152000427246,2.391538143157959,-4.7981498937588185e-05,2.502179631846957e-05,0.15309615433216095,1.0019543170928955
scoop_total32g_09191431_set2,scoop,scoop_total_32g,32,2,10,368.132,-0.45059847831726074,1.7978307008743286,2.440457820892334,-4.83130534121301e-05,2.5194698537234217e-05,0.15415406227111816,1.0156211853027344
scoop_total32g_09191431_set2,scoop,scoop_total_32g,32,3,1,369.951,-0.41020113229751587,1.8091328144073486,2.492946147918701,-4.86131502839271e-05,2.5351195290568285e-05,0.15511159598827362,1.0085457563400269
scoop_total32g_09191431_set2,scoop,scoop_total_32g,32,3,2,370.772,-0.38268792629241943,1.7821310758590698,2.3694238662719727,-4.809808888239786e-05,2.508259603928309e-05,0.15346817672252655,0.9977888464927673
scoop_total32g_09191431_set2,scoop,scoop_total_32g,32,3,3,371.591,-0.45553767681121826,1.7723244428634644,2.386214256286621,-4.7879500925773755e-05,2.496860543033108e-05,0.15277071297168732,1.004701018333435
scoop_total32g_09191431_set2,scoop,scoop_total_32g,32,3,4,372.411,-0.508318305015564,1.8243063688278198,2.456083297729492,-4.926689507556148e-05,2.5692113922559656e-05,0.1571975201368332,1.0034044981002808
scoop_total32g_09191431_set2,scoop,scoop_total_32g,32,3,5,373.231,-0.530011773109436,1.8457915782928467,2.382664442062378,-5.012768815504387e-05,2.6141009584534913e-05,0.1599440723657608,0.9921958446502686
scoop_total32g_09191431_set2,scoop,scoop_total_32g,32,3,6,374.052,-0.5131551027297974,1.8579972982406616,2.316284656524658,-4.900385465589352e-05,2.555494211264886e-05,0.15635822713375092,0.9945266246795654
scoop_total32g_09191431_set2,scoop,scoop_total_32g,32,3,7,374.872,-0.5455953478813171,1.8803945779800415,2.321165084838867,-4.9223592213820666e-05,2.5669532988104038e-05,0.15705935657024384,0.996878445148468
scoop_total32g_09191431_set2,scoop,scoop_total_32g,32,3,8,375.691,-0.6017484664916992,1.9170210361480713,2.3681349754333496,-4.966150299878791e-05,2.5897899831761606e-05,0.15845660865306854,0.9995792508125305
scoop_total32g_09191431_set2,scoop,scoop_total_32g,32,3,9,376.511,-0.6486733555793762,1.9157236814498901,2.3967249393463135,-4.924603854306042e-05,2.5681238184915856e-05,0.15713097155094147,0.9961463212966919
scoop_total32g_09191431_set2,scoop,scoop_total_32g,32,3,10,377.332,-0.5799728631973267,1.9120800495147705,2.339372158050537,-4.942556188325398e-05,2.5774857931537554e-05,0.15770377218723297,0.9955617189407349
scoop_total32g_09191431_set2,scoop,scoop_total_32g,32,4,1,379.152,-0.5855382084846497,1.8948166370391846,2.3881824016571045,-4.973210525349714e-05,2.5934701625374146e-05,0.15868185460567474,0.9971025586128235
scoop_total32g_09191431_set2,scoop,scoop_total_32g,32,4,2,379.972,-0.5412457585334778,1.8561811447143555,2.430738687515259,-4.872564022662118e-05,2.540985769883264e-05,0.15547052025794983,1.0149695873260498
scoop_total32g_09191431_set2,scoop,scoop_total_32g,32,4,3,380.791,-0.5243105888366699,1.8445314168930054,2.4848411083221436,-4.924983295495622e-05,2.5683217245386913e-05,0.15714307129383087,0.9991123080253601
scoop_total32g_09191431_set2,scoop,scoop_total_32g,32,4,4,381.611,-0.5295678377151489,1.8633263111114502,2.4089438915252686,-4.841278860112652e-05,2.5246708901249804e-05,0.15447229146957397,0.9991190433502197
scoop_total32g_09191431_set2,scoop,scoop_total_32g,32,4,5,382.432,-0.4302758574485779,1.795636773109436,2.451026678085327,-5.0208527682116255e-05,2.6183166482951492e-05,0.1602020263671875,1.0135079622268677
scoop_total32g_09191431_set2,scoop,scoop_total_32g,32,4,6,383.254,-0.4367659091949463,1.8401037454605103,2.3477718830108643,-4.9587131798034534e-05,2.58591153396992e-05,0.15821930766105652,1.010833501815796
scoop_total32g_09191431_set2,scoop,scoop_total_32g,32,4,7,384.073,-0.4815792441368103,1.8344495296478271,2.4238977432250977,-4.9202153604710475e-05,2.5658353479229845e-05,0.15699094533920288,0.9931143522262573
scoop_total32g_09191431_set2,scoop,scoop_total_32g,32,4,8,384.891,-0.5099388957023621,1.861362338066101,2.372865915298462,-4.9335572839481756e-05,2.5727929823915474e-05,0.15741664171218872,0.9958177208900452
scoop_total32g_09191431_set2,scoop,scoop_total_32g,32,4,9,385.712,-0.5534403920173645,1.855692982673645,2.3730075359344482,-4.9761092668632045e-05,2.5949833798222244e-05,0.15877437591552734,0.9945632815361023
scoop_total32g_09191431_set2,scoop,scoop_total_32g,32,4,10,386.532,-0.5765199661254883,1.880768060684204,2.3381731510162354,-4.9297348596155643e-05,2.570799733803142e-05,0.15729469060897827,0.9908758401870728
scoop_total32g_09191431_set2,scoop,scoop_total_32g,32,5,1,388.351,-0.5915573835372925,1.8929914236068726,2.2970659732818604,-5.011361281503923e-05,2.6133669962291606e-05,0.15989917516708374,0.9904377460479736
scoop_total32g_09191431_set2,scoop,scoop_total_32g,32,5,2,389.172,-0.545233964920044,1.8661304712295532,2.3369245529174805,-4.891895150649361e-05,2.551066609157715e-05,0.15608732402324677,1.0003437995910645
scoop_total32g_09191431_set2,scoop,scoop_total_32g,32,5,3,389.992,-0.59555983543396,1.904769778251648,2.3749706745147705,-4.9592796131037176e-05,2.586206937849056e-05,0.15823738276958466,0.9987095594406128
scoop_total32g_09191431_set2,scoop,scoop_total_32g,32,5,4,390.812,-0.5487938523292542,1.9175069332122803,2.395944356918335,-4.896032260148786e-05,2.5532241124892607e-05,0.15621931850910187,1.0018939971923828
scoop_total32g_09191431_set2,scoop,scoop_total_32g,32,5,5,391.631,-0.5556905269622803,1.8837780952453613,2.331376314163208,-4.798799636773765e-05,2.5025185095728375e-05,0.15311689674854279,0.9951725602149963
scoop_total32g_09191431_set2,scoop,scoop_total_32g,32,5,6,392.451,-0.5284270644187927,1.8587424755096436,2.3549411296844482,-4.867793177254498e-05,2.538497756177094e-05,0.15531828999519348,1.005090355873108
scoop_total32g_09191431_set2,scoop,scoop_total_32g,32,5,7,393.273,-0.5184144377708435,1.8598688840866089,2.414825201034546,-4.970195732312277e-05,2.5918994651874527e-05,0.15858568251132965,0.9984082579612732
scoop_total32g_09191431_set2,scoop,scoop_total_32g,32,5,8,394.094,-0.47881820797920227,1.8592193126678467,2.4386532306671143,-4.977568460162729e-05,2.5957442630897276e-05,0.15882092714309692,1.0175039768218994
scoop_total32g_09191431_set2,scoop,scoop_total_32g,32,5,9,394.911,-0.4717578887939453,1.8408048152923584,2.457080602645874,-4.9752597988117486e-05,2.594540455902461e-05,0.15874727070331573,1.0298436880111694
scoop_total32g_09191431_set2,scoop,scoop_total_32g,32,5,10,395.731,-0.42555904388427734,1.847824215888977,2.3387937545776367,-4.9315334763377905e-05,2.57173760473961e-05,0.15735207498073578,1.044400691986084
scoop_total32g_09191431_set2,scoop,scoop_total_32g,32,6,1,397.554,-0.4954342842102051,1.8153581619262695,2.315472364425659,-4.929946953780018e-05,2.5709103283588775e-05,0.15730145573616028,0.9819320440292358
scoop_total32g_09191431_set2,scoop,scoop_total_32g,32,6,2,398.371,-0.562391996383667,1.8747221231460571,2.5288710594177246,-5.001618410460651e-05,2.608286013128236e-05,0.1595882922410965,0.9806644320487976
scoop_total32g_09191431_set2,scoop,scoop_total_32g,32,6,3,399.190,-0.5289252996444702,1.8695656061172485,2.280480146408081,-4.93148691020906e-05,2.5717132302816026e-05,0.1573505848646164,1.0020207166671753
scoop_total32g_09191431_set2,scoop,scoop_total_32g,32,6,4,400.010,-0.5736270546913147,1.906079649925232,2.403536558151245,-4.8589387006359175e-05,2.5338802515761927e-05,0.15503576397895813,1.0237220525741577
scoop_total32g_09191431_set2,scoop,scoop_total_32g,32,6,5,400.833,-0.6244706511497498,1.9958891868591309,2.452298641204834,-5.015363421989605e-05,2.6154539227718487e-05,0.16002686321735382,1.038081407546997
scoop_total32g_09191431_set2,scoop,scoop_total_32g,32,6,6,401.654,-0.654046893119812,1.9758118391036987,2.27297306060791,-4.940764847560786e-05,2.5765517420950346e-05,0.15764662623405457,0.9995737075805664
scoop_total32g_09191431_set2,scoop,scoop_total_32g,32,6,7,402.472,-0.6472674608230591,1.948152780532837,2.381166934967041,-4.967369750374928e-05,2.5904257199727e-05,0.15849551558494568,0.9949911236763
scoop_total32g_09191431_set2,scoop,scoop_total_32g,32,6,8,403.291,-0.6011019349098206,1.9172512292861938,2.3160958290100098,-4.893044024356641e-05,2.551665784267243e-05,0.15612398087978363,1.0111440420150757
scoop_total32g_09191431_set2,scoop,scoop_total_32g,32,6,9,404.111,-0.6183167695999146,1.900910496711731,2.407561779022217,-4.979034929419868e-05,2.5965091481339186e-05,0.1588677167892456,1.0008692741394043
scoop_total32g_09191431_set2,scoop,scoop_total_32g,32,6,10,404.931,-0.5670869946479797,1.9059433937072754,2.4016425609588623,-4.942876330460422e-05,2.577652776381001e-05,0.15771399438381195,0.9902744889259338
scoop_total32g_09191431_set2,scoop,scoop_total_32g,32,7,1,406.751,-0.4323951303958893,1.8029263019561768,2.366036891937256,-4.894607627647929e-05,2.5524812372168526e-05,0.15617386996746063,1.007419228553772
scoop_total32g_09191431_set2,scoop,scoop_total_32g,32,7,2,407.572,-0.413467139005661,1.8302936553955078,2.4635164737701416,-4.862127752858214e-05,2.5355433535878547e-05,0.15513752400875092,0.982682466506958
scoop_total32g_09191431_set2,scoop,scoop_total_32g,32,7,3,408.394,-0.3871932327747345,1.8033931255340576,2.3826260566711426,-4.901186912320554e-05,2.5559122150298208e-05,0.15638379752635956,1.0013214349746704
scoop_total32g_09191431_set2,scoop,scoop_total_32g,32,7,4,409.211,-0.38657304644584656,1.7465351819992065,2.379481315612793,-4.698400152847171e-05,2.4501612642779946e-05,0.14991341531276703,0.9942667484283447
scoop_total32g_09191431_set2,scoop,scoop_total_32g,32,7,5,410.032,-0.3955214023590088,1.7636187076568604,2.377676010131836,-4.9057638534577563e-05,2.5582990929251537e-05,0.15652984380722046,1.0033233165740967
scoop_total32g_09191431_set2,scoop,scoop_total_32g,32,7,6,410.854,-0.4501346945762634,1.8009494543075562,2.41620135307312,-4.910749339614995e-05,2.5608987925807014e-05,0.1566888988018036,1.0089890956878662
scoop_total32g_09191431_set2,scoop,scoop_total_32g,32,7,7,411.672,-0.40279489755630493,1.8023796081542969,2.4790496826171875,-4.8958641855278984e-05,2.5531366190989502e-05,0.15621396899223328,0.998295247554779
scoop_total32g_09191431_set2,scoop,scoop_total_32g,32,7,8,412.491,-0.4970095157623291,1.8381397724151611,2.3816888332366943,-5.0125119742006063e-05,2.61396689893445e-05,0.15993589162826538,0.9928266406059265
scoop_total32g_09191431_set2,scoop,scoop_total_32g,32,7,9,413.311,-0.5837743282318115,1.8699164390563965,2.2860372066497803,-4.848927346756682e-05,2.5286593881901354e-05,0.15471632778644562,0.9673091173171997
scoop_total32g_09191431_set2,scoop,scoop_total_32g,32,7,10,414.131,-0.6284695863723755,1.8987804651260376,2.4329404830932617,-4.922058724332601e-05,2.566796501923818e-05,0.157049760222435,1.0340436697006226
scoop_total32g_09191431_set2,scoop,scoop_total_32g,32,8,1,415.951,-0.4236806035041809,1.813541293144226,2.342031955718994,-4.99707784911152e-05,2.6059182346216403e-05,0.1594434231519699,1.0002415180206299
scoop_total32g_09191431_set2,scoop,scoop_total_32g,32,8,2,416.774,-0.44196707010269165,1.8266578912734985,2.384899616241455,-4.954553151037544e-05,2.583742025308311e-05,0.15808656811714172,1.0064308643341064
scoop_total32g_09191431_set2,scoop,scoop_total_32g,32,8,3,417.591,-0.49420347809791565,1.860094666481018,2.395936965942383,-4.9947801016969606e-05,2.6047200663015246e-05,0.15937010943889618,1.0160642862319946
scoop_total32g_09191431_set2,scoop,scoop_total_32g,32,8,4,418.412,-0.6766660809516907,1.9543166160583496,2.4638943672180176,-4.941421502735466e-05,2.576894075900782e-05,0.15766757726669312,0.9988770484924316
scoop_total32g_09191431_set2,scoop,scoop_total_32g,32,8,5,419.234,-0.5597419142723083,1.959579586982727,2.3805298805236816,-4.947828711010516e-05,2.5802355594350956e-05,0.1578720211982727,1.0170656442642212
scoop_total32g_09191431_set2,scoop,scoop_total_32g,32,8,6,420.054,-0.44090983271598816,1.8542189598083496,2.3583638668060303,-4.9452482926426455e-05,2.578889689175412e-05,0.1577896773815155,1.0063403844833374
scoop_total32g_09191431_set2,scoop,scoop_total_32g,32,8,7,420.872,-0.5045750141143799,1.8274877071380615,2.4599926471710205,-4.8574249376542866e-05,2.5330908101750538e-05,0.15498746931552887,1.000665545463562
scoop_total32g_09191431_set2,scoop,scoop_total_32g,32,8,8,421.694,-0.49871212244033813,1.8315153121948242,2.373077630996704,-4.8733414587331936e-05,2.541391040722374e-05,0.1554953157901764,0.9870991706848145
scoop_total32g_09191431_set2,scoop,scoop_total_32g,32,8,9,422.511,-0.6495428085327148,1.9219703674316406,2.28965425491333,-4.976891432306729e-05,2.5953913791454397e-05,0.15879933536052704,0.9903520941734314
scoop_total32g_09191431_set2,scoop,scoop_total_32g,32,8,10,423.335,-0.6246992349624634,1.8957579135894775,2.295318841934204,-4.863432332058437e-05,2.5362236556247808e-05,0.15517915785312653,1.0045390129089355
scoop_total32g_09191431_set2,scoop,scoop_total_32g,32,9,1,425.154,-0.4696321487426758,1.8292452096939087,2.3286798000335693,-5.021326433052309e-05,2.6185634851572104e-05,0.16021712124347687,1.002291202545166
scoop_total32g_09191431_set2,scoop,scoop_total_32g,32,9,2,425.974,-0.3831069767475128,1.8012775182724,2.3939664363861084,-4.967310815118253e-05,2.59039497905178e-05,0.15849363803863525,0.9975709915161133
scoop_total32g_09191431_set2,scoop,scoop_total_32g,32,9,3,426.794,-0.49609699845314026,1.834834098815918,2.3096702098846436,-4.8935999075183645e-05,2.551955549279228e-05,0.1561417132616043,1.0063483715057373
scoop_total32g_09191431_set2,scoop,scoop_total_32g,32,9,4,427.614,-0.5845178365707397,1.8332353830337524,2.3074092864990234,-4.916670877719298e-05,2.5639868908911012e-05,0.15687784552574158,0.9926643371582031
scoop_total32g_09191431_set2,scoop,scoop_total_32g,32,9,5,428.434,-0.5808433294296265,1.8694859743118286,2.354180097579956,-5.002986654289998e-05,2.608999602671247e-05,0.15963195264339447,1.0114399194717407
scoop_total32g_09191431_set2,scoop,scoop_total_32g,32,9,6,429.251,-0.5542068481445312,1.883360505104065,2.3612184524536133,-4.866679591941647e-05,2.5379169528605416e-05,0.15528276562690735,1.0261327028274536
scoop_total32g_09191431_set2,scoop,scoop_total_32g,32,9,7,430.073,-0.5367194414138794,1.8766086101531982,2.3918769359588623,-4.9712321924744174e-05,2.5924400688381866e-05,0.1586187481880188,1.0061086416244507
scoop_total32g_09191431_set2,scoop,scoop_total_32g,32,9,8,430.895,-0.5066238045692444,1.8428564071655273,2.2962024211883545,-4.893946970696561e-05,2.552136720623821e-05,0.15615278482437134,1.0007050037384033
scoop_total32g_09191431_set2,scoop,scoop_total_32g,32,9,9,431.711,-0.5125364065170288,1.797728419303894,2.3582725524902344,-4.886237729806453e-05,2.548116390244104e-05,0.1559068113565445,0.9917868375778198
scoop_total32g_09191431_set2,scoop,scoop_total_32g,32,9,10,432.530,-0.4756677746772766,1.8485914468765259,2.4912168979644775,-4.871497367275879e-05,2.5404295229236595e-05,0.15543648600578308,1.0070202350616455
scoop_total32g_09191431_set2,scoop,scoop_total_32g,32,10,1,434.350,-0.4097517430782318,1.785820722579956,2.388559341430664,-4.9687703722156584e-05,2.591156226117164e-05,0.15854020416736603,1.002830147743225
scoop_total32g_09191431_set2,scoop,scoop_total_32g,32,10,2,435.171,-0.42608362436294556,1.8116735219955444,2.397289514541626,-4.950645598000847e-05,2.581704393378459e-05,0.1579618901014328,1.0141218900680542
scoop_total32g_09191431_set2,scoop,scoop_total_32g,32,10,3,435.990,-0.4794905185699463,1.8454688787460327,2.4786083698272705,-4.866774906986393e-05,2.5379667931701988e-05,0.1552858054637909,1.0129984617233276
scoop_total32g_09191431_set2,scoop,scoop_total_32g,32,10,4,436.810,-0.5332615971565247,1.8447502851486206,2.4403159618377686,-4.8844671255210415e-05,2.547193071222864e-05,0.15585032105445862,0.9995839595794678
scoop_total32g_09191431_set2,scoop,scoop_total_32g,32,10,5,437.633,-0.5306997895240784,1.8573932647705078,2.360036849975586,-4.8103585868375376e-05,2.5085462766583078e-05,0.15348570048809052,0.993535578250885
scoop_total32g_09191431_set2,scoop,scoop_total_32g,32,10,6,438.453,-0.5437911748886108,1.87198007106781,2.3405208587646484,-4.85576965729706e-05,2.5322276997030713e-05,0.15493465960025787,0.9973645806312561
scoop_total32g_09191431_set2,scoop,scoop_total_32g,32,10,7,439.271,-0.6190979480743408,1.936521053314209,2.454963445663452,-4.947362685925327e-05,2.5799923605518416e-05,0.15785713493824005,1.0130711793899536
scoop_total32g_09191431_set2,scoop,scoop_total_32g,32,10,8,440.093,-0.6733214259147644,1.9222569465637207,2.4497692584991455,-5.019777381676249e-05,2.6177556719630957e-05,0.16016770899295807,0.994353175163269
scoop_total32g_09191431_set2,scoop,scoop_total_32g,32,10,9,440.911,-0.6598526239395142,1.8974547386169434,2.4369056224823,-4.998703298042528e-05,2.6067658836836927e-05,0.1594952940940857,0.995241105556488
scoop_total32g_09191431_set2,scoop,scoop_total_32g,32,10,10,441.734,-0.6299599409103394,1.861477255821228,2.2460243701934814,-4.971590169589035e-05,2.5926266971509904e-05,0.15863017737865448,0.9820365309715271
scoop_total32g_09191431_set2,scoop,scoop_total_32g,32,11,1,443.550,-0.5814156532287598,1.882612943649292,2.401400089263916,-4.880530104856007e-05,2.545139977883082e-05,0.15572470426559448,0.9980064630508423
scoop_total32g_09191431_set2,scoop,scoop_total_32g,32,11,2,444.374,-0.49636098742485046,1.8258897066116333,2.393453359603882,-4.86588069179561e-05,2.53750058618607e-05,0.15525726974010468,0.9978969693183899
scoop_total32g_09191431_set2,scoop,scoop_total_32g,32,11,3,445.190,-0.4586481750011444,1.7981759309768677,2.4182934761047363,-4.95497697556857e-05,2.5839630325208418e-05,0.15810009837150574,0.9883267879486084
scoop_total32g_09191431_set2,scoop,scoop_total_32g,32,11,4,446.013,-0.44912394881248474,1.8128622770309448,2.444831132888794,-4.867730967816897e-05,2.5384651962667704e-05,0.1553163081407547,0.9987233281135559
scoop_total32g_09191431_set2,scoop,scoop_total_32g,32,11,5,446.830,-0.4291205406188965,1.7721848487854004,2.436713933944702,-4.934171374770813e-05,2.5731131245265715e-05,0.15743623673915863,1.0251991748809814
scoop_total32g_09191431_set2,scoop,scoop_total_32g,32,11,6,447.651,-0.3947431147098541,1.7481080293655396,2.3638827800750732,-4.7673165681771934e-05,2.4861003112164326e-05,0.15211234986782074,1.0020437240600586
scoop_total32g_09191431_set2,scoop,scoop_total_32g,32,11,7,448.471,-0.38935092091560364,1.7647091150283813,2.388805627822876,-4.9336387746734545e-05,2.5728355467435904e-05,0.15741924941539764,0.9897976517677307
scoop_total32g_09191431_set2,scoop,scoop_total_32g,32,11,8,449.291,-0.33623629808425903,1.7846482992172241,2.3638150691986084,-4.913330849376507e-05,2.562245208537206e-05,0.15677128732204437,1.00527822971344
scoop_total32g_09191431_set2,scoop,scoop_total_32g,32,11,9,450.110,-0.39377760887145996,1.8093305826187134,2.4310905933380127,-5.0020567869069055e-05,2.6085146600962617e-05,0.15960228443145752,1.0001543760299683
scoop_total32g_09191431_set2,scoop,scoop_total_32g,32,11,10,450.933,-0.46323341131210327,1.8081586360931396,2.390143394470215,-4.8718040488893166e-05,2.5405894120922312e-05,0.15544627606868744,0.999053418636322
scoop_total32g_09191431_set2,scoop,scoop_total_32g,32,12,1,452.750,-0.5705666542053223,1.8495678901672363,2.3410706520080566,-4.913000520900823e-05,2.5620729502406903e-05,0.15676073729991913,1.0077331066131592
scoop_total32g_09191431_set2,scoop,scoop_total_32g,32,12,2,453.571,-0.6176210641860962,1.9156721830368042,2.420832395553589,-4.8474103095941246e-05,2.5278683096985333e-05,0.154667928814888,0.9909023642539978
scoop_total32g_09191431_set2,scoop,scoop_total_32g,32,12,3,454.390,-0.6500658392906189,1.90879225730896,2.353238582611084,-4.9901282181963325e-05,2.6022940801340155e-05,0.15922167897224426,0.9852238297462463
scoop_total32g_09191431_set2,scoop,scoop_total_32g,32,12,4,455.211,-0.6524097919464111,1.9130966663360596,2.2752795219421387,-4.907818220090121e-05,2.5593702957849018e-05,0.156595379114151,0.9908492565155029
scoop_total32g_09191431_set2,scoop,scoop_total_32g,32,12,5,456.033,-0.5790556073188782,1.8648959398269653,2.2918808460235596,-4.907941183773801e-05,2.559434506110847e-05,0.15659931302070618,0.9887711405754089
scoop_total32g_09191431_set2,scoop,scoop_total_32g,32,12,6,456.850,-0.665415346622467,1.780867576599121,2.3770220279693604,-4.772817192133516e-05,2.4889688575058244e-05,0.15228787064552307,1.0048866271972656
scoop_total32g_09191431_set2,scoop,scoop_total_32g,32,12,7,457.670,-0.5508032441139221,1.8169540166854858,2.4758496284484863,-4.915177123621106e-05,2.5632078177295625e-05,0.15683017671108246,0.9992021322250366
scoop_total32g_09191431_set2,scoop,scoop_total_32g,32,12,8,458.490,-0.44310128688812256,1.785585880279541,2.368180513381958,-4.832107879337855e-05,2.5198882212862372e-05,0.1541796624660492,0.9936676025390625
scoop_total32g_09191431_set2,scoop,scoop_total_32g,32,12,9,459.311,-0.4242956042289734,1.7845776081085205,2.3529820442199707,-4.9489721277495846e-05,2.5808316422626376e-05,0.15790849924087524,0.9989560842514038
scoop_total32g_09191431_set2,scoop,scoop_total_32g,32,12,10,460.134,-0.4113331735134125,1.7856148481369019,2.3787262439727783,-4.8511541535845026e-05,2.5298208129242994e-05,0.15478739142417908,0.9938610792160034
scoop_total32g_09191431_set2,scoop,scoop_total_32g,32,13,1,461.950,-0.413485586643219,1.7876042127609253,2.352271318435669,-4.937400444759987e-05,2.5747971449163742e-05,0.1575392782688141,0.9993639588356018
scoop_total32g_09191431_set2,scoop,scoop_total_32g,32,13,2,462.772,-0.4925759732723236,1.8195769786834717,2.382878303527832,-4.9253838369622827e-05,2.5685307264211588e-05,0.1571558564901352,1.0056333541870117
scoop_total32g_09191431_set2,scoop,scoop_total_32g,32,13,3,463.591,-0.46707484126091003,1.8131632804870605,2.365940570831299,-4.951209848513827e-05,2.5819985239650123e-05,0.15797989070415497,1.003775954246521
scoop_total32g_09191431_set2,scoop,scoop_total_32g,32,13,4,464.413,-0.4668375551700592,1.832512617111206,2.347914218902588,-4.9906673666555434e-05,2.6025752958958037e-05,0.15923888981342316,1.002678632736206
scoop_total32g_09191431_set2,scoop,scoop_total_32g,32,13,5,465.233,-0.5458250641822815,1.845085620880127,2.35420823097229,-4.9851558287627995e-05,2.5997009288403206e-05,0.15906302630901337,0.9660614132881165
scoop_total32g_09191431_set2,scoop,scoop_total_32g,32,13,6,466.053,-0.5281772613525391,1.887357234954834,2.4214255809783936,-4.94003870699089e-05,2.576172846602276e-05,0.15762345492839813,1.0316035747528076
scoop_total32g_09191431_set2,scoop,scoop_total_32g,32,13,7,466.873,-0.503471851348877,1.862241268157959,2.202904224395752,-4.9304653657600284e-05,2.5711806301842444e-05,0.15731799602508545,0.9909518361091614
scoop_total32g_09191431_set2,scoop,scoop_total_32g,32,13,8,467.691,-0.5980721116065979,1.8828786611557007,2.3666834831237793,-4.8925503506325185e-05,2.5514083972666413e-05,0.15610823035240173,0.9969104528427124
scoop_total32g_09191431_set2,scoop,scoop_total_32g,32,13,9,468.512,-0.5767661333084106,1.8616764545440674,2.374593496322632,-4.965200423612259e-05,2.5892944904626347e-05,0.15842629969120026,0.9922022223472595
scoop_total32g_09191431_set2,scoop,scoop_total_32g,32,13,10,469.334,-0.5396938323974609,1.8500876426696777,2.309138298034668,-5.0053691666107625e-05,2.610242154332809e-05,0.15970797836780548,0.9942225813865662
scoop_total32g_09191431_set2,scoop,scoop_total_32g,32,14,1,471.150,-0.4957348108291626,1.8486154079437256,2.4202218055725098,-4.865964365308173e-05,2.5375440600328147e-05,0.15525993704795837,1.0092191696166992
scoop_total32g_09191431_set2,scoop,scoop_total_32g,32,14,2,471.970,-0.4748520851135254,1.8450549840927124,2.4373116493225098,-5.027137740398757e-05,2.621594103402458e-05,0.1604025512933731,0.9991656541824341
scoop_total32g_09191431_set2,scoop,scoop_total_32g,32,14,3,472.789,-0.45924249291419983,1.8423283100128174,2.3910582065582275,-4.8943380534183234e-05,2.5523406293359585e-05,0.15616527199745178,1.00673246383667
scoop_total32g_09191431_set2,scoop,scoop_total_32g,32,14,4,473.611,-0.4286946952342987,1.8157001733779907,2.3900437355041504,-4.920038554701023e-05,2.565743307059165e-05,0.1569853127002716,1.0071676969528198
scoop_total32g_09191431_set2,scoop,scoop_total_32g,32,14,5,474.430,-0.48781731724739075,1.8325304985046387,2.4543046951293945,-4.9412868975196034e-05,2.576823862909805e-05,0.1576632857322693,1.0053255558013916
scoop_total32g_09191431_set2,scoop,scoop_total_32g,32,14,6,475.250,-0.49395546317100525,1.8503825664520264,2.4861867427825928,-4.933521995553747e-05,2.5727746105985716e-05,0.15741552412509918,1.003308892250061
scoop_total32g_09191431_set2,scoop,scoop_total_32g,32,14,7,476.069,-0.48786622285842896,1.844340443611145,2.391643762588501,-4.8866360884858295e-05,2.548324118833989e-05,0.15591952204704285,0.9932777881622314
scoop_total32g_09191431_set2,scoop,scoop_total_32g,32,14,8,476.890,-0.49620479345321655,1.8220045566558838,2.3420188426971436,-5.043713463237509e-05,2.6302381229470484e-05,0.16093143820762634,1.0023316144943237
scoop_total32g_09191431_set2,scoop,scoop_total_32g,32,14,9,477.711,-0.5662823915481567,1.8442476987838745,2.361309051513672,-4.974516195943579e-05,2.594152647361625e-05,0.15872353315353394,1.001603364944458
scoop_total32g_09191431_set2,scoop,scoop_total_32g,32,14,10,478.535,-0.6473856568336487,1.9181995391845703,2.4453513622283936,-4.924623863189481e-05,2.568134368630126e-05,0.1571316123008728,0.9827850461006165
scoop_total32g_09191431_set2,scoop,scoop_total_32g,32,15,1,480.350,-0.5898540019989014,1.9133484363555908,2.130136251449585,-4.9364745791535825e-05,2.5743142032297328e-05,0.1575097292661667,0.9876987338066101
scoop_total32g_09191431_set2,scoop,scoop_total_32g,32,15,2,481.183,-0.6391127109527588,1.9049320220947266,2.2707128524780273,-5.0379574531689286e-05,2.6272336981492117e-05,0.1607477366924286,1.0076682567596436
scoop_total32g_09191431_set2,scoop,scoop_total_32g,32,15,3,482.000,-0.6398582458496094,1.915357232093811,2.3912482261657715,-5.034452260588296e-05,2.6254085241816938e-05,0.16063593327999115,0.9957205057144165
scoop_total32g_09191431_set2,scoop,scoop_total_32g,32,15,4,482.823,-0.5613495707511902,1.8908936977386475,2.3649628162384033,-5.0507944251876324e-05,2.6339306714362465e-05,0.16115736961364746,0.9911283850669861
scoop_total32g_09191431_set2,scoop,scoop_total_32g,32,15,5,483.640,-0.4909769296646118,1.8663541078567505,2.3107759952545166,-4.884511145064607e-05,2.547216172388289e-05,0.15585172176361084,0.9955874085426331
scoop_total32g_09191431_set2,scoop,scoop_total_32g,32,15,6,484.461,-0.544950008392334,1.8865357637405396,2.3129093647003174,-4.938163692713715e-05,2.5751953216968104e-05,0.15756362676620483,1.0094208717346191
scoop_total32g_09191431_set2,scoop,scoop_total_32g,32,15,7,485.283,-0.41277503967285156,1.8112138509750366,2.4536008834838867,-4.7884692321531475e-05,2.4971312086563557e-05,0.15278728306293488,1.0056251287460327
scoop_total32g_09191431_set2,scoop,scoop_total_32g,32,15,8,486.103,-0.4099839925765991,1.8265256881713867,2.450613021850586,-4.979678851668723e-05,2.596844751678873e-05,0.15888826549053192,1.0059067010879517
scoop_total32g_09191431_set2,scoop,scoop_total_32g,32,15,9,486.921,-0.377975195646286,1.8036558628082275,2.370736598968506,-5.0888153054984286e-05,2.6537583835306577e-05,0.16237053275108337,0.9871699213981628
scoop_total32g_09191431_set2,scoop,scoop_total_32g,32,15,10,487.740,-0.5568326711654663,1.855301856994629,2.27445650100708,-4.915607860311866e-05,2.5634326448198408e-05,0.15684393048286438,0.9981204867362976
scoop_total32g_09191431_set2,scoop,scoop_total_32g,32,16,1,489.561,-0.5629603266716003,1.8849669694900513,2.3908274173736572,-4.95392014272511e-05,2.5834120606305078e-05,0.15806637704372406,0.9958157539367676
scoop_total32g_09191431_set2,scoop,scoop_total_32g,32,16,2,490.380,-0.49007201194763184,1.8253403902053833,2.3432021141052246,-4.970542067894712e-05,2.592080090835225e-05,0.1585967242717743,1.003285527229309
scoop_total32g_09191431_set2,scoop,scoop_total_32g,32,16,3,491.200,-0.42278072237968445,1.7567466497421265,2.396387815475464,-4.961080048815347e-05,2.5871459001791663e-05,0.15829482674598694,1.0116125345230103
scoop_total32g_09191431_set2,scoop,scoop_total_32g,32,16,4,492.020,-0.5721169710159302,1.8855078220367432,2.392176866531372,-5.0156326324213296e-05,2.6155943487538025e-05,0.16003546118736267,1.0000004768371582
scoop_total32g_09191431_set2,scoop,scoop_total_32g,32,16,5,492.840,-0.6764847636222839,1.911888599395752,2.373278856277466,-4.8562731535639614e-05,2.532490179874003e-05,0.15495072305202484,0.990439772605896
scoop_total32g_09191431_set2,scoop,scoop_total_32g,32,16,6,493.663,-0.6347962021827698,1.9106073379516602,2.3277463912963867,-4.9224043323192745e-05,2.56697694567265e-05,0.15706078708171844,0.9935385584831238
scoop_total32g_09191431_set2,scoop,scoop_total_32g,32,16,7,494.480,-0.4763445258140564,1.8364441394805908,2.331108331680298,-4.945846012560651e-05,2.5792014639591798e-05,0.15780875086784363,1.005766749382019
scoop_total32g_09191431_set2,scoop,scoop_total_32g,32,16,8,495.300,-0.45357704162597656,1.8335455656051636,2.4263553619384766,-5.098689871374518e-05,2.6589077606331557e-05,0.1626855880022049,1.0113615989685059
scoop_total32g_09191431_set2,scoop,scoop_total_32g,32,16,9,496.120,-0.499660849571228,1.865401268005371,2.4650182723999023,-4.974795228918083e-05,2.5942981665139087e-05,0.15873244404792786,0.9981954097747803
scoop_total32g_09191431_set2,scoop,scoop_total_32g,32,16,10,496.944,-0.4793558716773987,1.856277585029602,2.3431670665740967,-4.907205220661126e-05,2.5590506993466988e-05,0.15657582879066467,0.9909629821777344
scoop_total32g_09191431_set2,scoop,scoop_total_32g,32,17,1,498.760,-0.5709816813468933,1.882233738899231,2.2971351146698,-5.011314351577312e-05,2.6133424398722127e-05,0.15989767014980316,1.0024375915527344
scoop_total32g_09191431_set2,scoop,scoop_total_32g,32,17,2,499.580,-0.4160342812538147,1.8450524806976318,2.4254112243652344,-4.9715934437699616e-05,2.5926283342414536e-05,0.15863028168678284,1.015247106552124
scoop_total32g_09191431_set2,scoop,scoop_total_32g,32,17,3,500.400,-0.5110474228858948,1.835035800933838,2.4212229251861572,-4.9616039177635685e-05,2.587419112387579e-05,0.15831154584884644,1.0199995040893555
scoop_total32g_09191431_set2,scoop,scoop_total_32g,32,17,4,501.221,-0.4055927097797394,1.8334256410598755,2.3786611557006836,-4.990654269931838e-05,2.6025683837360702e-05,0.15923847258090973,0.9987699389457703
scoop_total32g_09191431_set2,scoop,scoop_total_32g,32,17,5,502.040,-0.39299869537353516,1.8141964673995972,2.3828537464141846,-4.9751299229683354e-05,2.5944726075977087e-05,0.15874311327934265,0.998253345489502
scoop_total32g_09191431_set2,scoop,scoop_total_32g,32,17,6,502.860,-0.419020414352417,1.7870222330093384,2.353569507598877,-4.960508522344753e-05,2.5868477678159252e-05,0.15827658772468567,0.9888499975204468
scoop_total32g_09191431_set2,scoop,scoop_total_32g,32,17,7,503.683,-0.45976826548576355,1.791648268699646,2.4374148845672607,-4.8481058911420405e-05,2.5282311980845407e-05,0.15469013154506683,0.9987174868583679
scoop_total32g_09191431_set2,scoop,scoop_total_32g,32,17,8,504.500,-0.48599204421043396,1.8407511711120605,2.3719100952148438,-4.983077815268189e-05,2.5986173568526283e-05,0.15899671614170074,0.9822214841842651
scoop_total32g_09191431_set2,scoop,scoop_total_32g,32,17,9,505.321,-0.5196983218193054,1.7850197553634644,2.2569901943206787,-5.036770744482055e-05,2.6266176064382307e-05,0.1607099175453186,1.0032192468643188
scoop_total32g_09191431_set2,scoop,scoop_total_32g,32,17,10,506.140,-0.5918369293212891,1.7839375734329224,2.3373608589172363,-5.011848406866193e-05,2.6136209271498956e-05,0.15991471707820892,0.9849439859390259
scoop_total32g_09191431_set2,scoop,scoop_total_32g,32,18,1,507.960,-0.5508989691734314,1.8766562938690186,2.2734949588775635,-4.9217687774216756e-05,2.5666453439043835e-05,0.15704050660133362,0.9859257340431213
scoop_total32g_09191431_set2,scoop,scoop_total_32g,32,18,2,508.780,-0.5595173835754395,1.8413180112838745,2.287820339202881,-4.880483174929395e-05,2.5451156034250744e-05,0.1557231992483139,0.9978446960449219
scoop_total32g_09191431_set2,scoop,scoop_total_32g,32,18,3,509.601,-0.5973069071769714,1.8391697406768799,2.348736047744751,-4.9159447371494025e-05,2.5636083591962233e-05,0.15685468912124634,1.0040591955184937
scoop_total32g_09191431_set2,scoop,scoop_total_32g,32,18,4,510.421,-0.5464875102043152,1.8442529439926147,2.4110848903656006,-4.903574154013768e-05,2.5571571313776076e-05,0.1564599722623825,0.9966254830360413
scoop_total32g_09191431_set2,scoop,scoop_total_32g,32,18,5,511.243,-0.5165967345237732,1.823875904083252,2.374899387359619,-5.144318856764585e-05,2.6827026886167005e-05,0.1641414910554886,0.9923804402351379
scoop_total32g_09191431_set2,scoop,scoop_total_32g,32,18,6,512.061,-0.4825621247291565,1.8125330209732056,2.3629486560821533,-4.937644916935824e-05,2.5749246560735628e-05,0.15754707157611847,1.0055714845657349
scoop_total32g_09191431_set2,scoop,scoop_total_32g,32,18,7,512.880,-0.4995267987251282,1.834625005722046,2.4245553016662598,-4.881396307609975e-05,2.5455916329519823e-05,0.15575233101844788,1.0104484558105469
scoop_total32g_09191431_set2,scoop,scoop_total_32g,32,18,8,513.699,-0.5154807567596436,1.8638304471969604,2.4689416885375977,-5.0559418014017865e-05,2.6366151359979995e-05,0.16132162511348724,1.0005232095718384
scoop_total32g_09191431_set2,scoop,scoop_total_32g,32,18,9,514.519,-0.49366292357444763,1.8442444801330566,2.417815685272217,-5.003806290915236e-05,2.6094270651810803e-05,0.15965811908245087,0.9921895265579224
scoop_total32g_09191431_set2,scoop,scoop_total_32g,32,18,10,515.343,-0.45591112971305847,1.8140537738800049,2.3833961486816406,-4.916714533464983e-05,2.5640096282586455e-05,0.1568792462348938,1.0039466619491577
scoop_total32g_09191431_set2,scoop,scoop_total_32g,32,19,1,517.160,-0.5133303999900818,1.8564660549163818,2.4186716079711914,-4.968683060724288e-05,2.5911107513820753e-05,0.15853741765022278,1.0142096281051636
scoop_total32g_09191431_set2,scoop,scoop_total_32g,32,19,2,517.982,-0.5102513432502747,1.8527593612670898,2.3693604469299316,-5.0077771447831765e-05,2.611497802718077e-05,0.15978480875492096,0.9991879463195801
scoop_total32g_09191431_set2,scoop,scoop_total_32g,32,19,3,518.799,-0.5450371503829956,1.8474664688110352,2.3155875205993652,-4.879236803390086e-05,2.544465496612247e-05,0.15568342804908752,0.9834136962890625
scoop_total32g_09191431_set2,scoop,scoop_total_32g,32,19,4,519.619,-0.5874881744384766,1.8638248443603516,2.274059295654297,-4.9704740376910195e-05,2.5920446205418557e-05,0.15859456360340118,0.9865946173667908
scoop_total32g_09191431_set2,scoop,scoop_total_32g,32,19,5,520.439,-0.5711955428123474,1.9075103998184204,2.4105401039123535,-4.968254143022932e-05,2.590887015685439e-05,0.15852373838424683,0.9983896613121033
scoop_total32g_09191431_set2,scoop,scoop_total_32g,32,19,6,521.263,-0.5690061450004578,1.8873097896575928,2.3650736808776855,-4.876374077866785e-05,2.542972652008757e-05,0.15559209883213043,0.9786233305931091
scoop_total32g_09191431_set2,scoop,scoop_total_32g,32,19,7,522.079,-0.5754537582397461,1.910478115081787,2.2591652870178223,-4.937008270644583e-05,2.5745926905074157e-05,0.15752676129341125,1.0052658319473267
scoop_total32g_09191431_set2,scoop,scoop_total_32g,32,19,8,522.899,-0.47493690252304077,1.9977498054504395,2.328775405883789,-5.171616794541478e-05,2.6969382815877907e-05,0.16501249372959137,0.997452437877655
scoop_total32g_09191431_set2,scoop,scoop_total_32g,32,19,9,523.719,-0.5782545208930969,1.9022374153137207,2.3996806144714355,-5.078921458334662e-05,2.6485986381885596e-05,0.16205483675003052,1.0047792196273804
scoop_total32g_09191431_set2,scoop,scoop_total_32g,32,19,10,524.542,-0.5902259945869446,1.8712202310562134,2.433544158935547,-4.9491587560623884e-05,2.5809289581957273e-05,0.1579144448041916,1.0145233869552612
scoop_total32g_09191431_set2,scoop,scoop_total_32g,32,20,1,526.359,-0.48607009649276733,1.8323787450790405,2.290499210357666,-4.940986764268018e-05,2.5766674298211e-05,0.15765370428562164,1.0044069290161133
scoop_total32g_09191431_set2,scoop,scoop_total_32g,32,20,2,527.179,-0.48010942339897156,1.8950724601745605,2.4674313068389893,-5.06022188346833e-05,2.6388470359961502e-05,0.16145817935466766,1.0078248977661133
scoop_total32g_09191431_set2,scoop,scoop_total_32g,32,20,3,527.999,-0.43172627687454224,1.7941709756851196,2.455369710922241,-4.932588490191847e-05,2.5722878490341827e-05,0.15738573670387268,1.0022916793823242
scoop_total32g_09191431_set2,scoop,scoop_total_32g,32,20,4,528.819,-0.3885325491428375,1.7574830055236816,2.389303207397461,-5.0617971282918006e-05,2.639668673509732e-05,0.1615084409713745,1.0051312446594238
scoop_total32g_09191431_set2,scoop,scoop_total_32g,32,20,5,529.639,-0.4762515723705292,1.7279690504074097,2.3501336574554443,-4.970497320755385e-05,2.5920568077708595e-05,0.15859530866146088,0.9899067282676697
scoop_total32g_09191431_set2,scoop,scoop_total_32g,32,20,6,530.463,-0.49895548820495605,1.8826149702072144,2.4178221225738525,-4.913954762741923e-05,2.56257044384256e-05,0.15679119527339935,1.001031517982483
scoop_total32g_09191431_set2,scoop,scoop_total_32g,32,20,7,531.280,-0.5755206346511841,1.8793389797210693,2.4053144454956055,-4.9326794396620244e-05,2.572335142758675e-05,0.15738864243030548,0.9950453042984009
scoop_total32g_09191431_set2,scoop,scoop_total_32g,32,20,8,532.102,-0.5634908676147461,1.8668246269226074,2.335435390472412,-4.978466313332319e-05,2.5962124709622003e-05,0.1588495671749115,0.988048255443573
scoop_total32g_09191431_set2,scoop,scoop_total_32g,32,20,9,532.920,-0.6111283898353577,1.8929005861282349,2.258175849914551,-5.037632581661455e-05,2.627067078719847e-05,0.16073741018772125,0.9881192445755005
scoop_total32g_09191431_set2,scoop,scoop_total_32g,32,20,10,533.740,-0.6507239937782288,1.920913577079773,2.325380802154541,-4.9898342695087194e-05,2.6021407393272966e-05,0.15921230614185333,0.9961809515953064
scoop_total32g_09191431_set2,scoop,scoop_total_32g,32,21,1,535.563,-0.6322757601737976,1.886073350906372,2.3174784183502197,-4.933180389343761e-05,2.5725965315359645e-05,0.15740463137626648,0.9912275075912476
scoop_total32g_09191431_set2,scoop,scoop_total_32g,32,21,2,536.380,-0.5764681696891785,1.860208511352539,2.282367706298828,-5.015801070840098e-05,2.6156822059419937e-05,0.16004082560539246,0.9925528168678284
scoop_total32g_09191431_set2,scoop,scoop_total_32g,32,21,3,537.200,-0.5341887474060059,1.870340347290039,2.308452844619751,-5.042100383434445e-05,2.6293970222468488e-05,0.1608799695968628,0.9946635961532593
scoop_total32g_09191431_set2,scoop,scoop_total_32g,32,21,4,538.023,-0.4751039147377014,1.833655595779419,2.31984281539917,-4.9898793804459274e-05,2.6021643861895427e-05,0.15921373665332794,0.9971910119056702
scoop_total32g_09191431_set2,scoop,scoop_total_32g,32,21,5,538.843,-0.4568517804145813,1.819419503211975,2.4111340045928955,-4.966496635461226e-05,2.5899706088239327e-05,0.15846766531467438,1.0003061294555664
scoop_total32g_09191431_set2,scoop,scoop_total_32g,32,21,6,539.660,-0.42114368081092834,1.7936736345291138,2.4119741916656494,-4.981788879376836e-05,2.5979450583690777e-05,0.15895558893680573,0.9997600317001343
scoop_total32g_09191431_set2,scoop,scoop_total_32g,32,21,7,540.479,-0.38507306575775146,1.7585150003433228,2.3674700260162354,-4.873834041063674e-05,2.541648063925095e-05,0.1555110514163971,1.0040851831436157
scoop_total32g_09191431_set2,scoop,scoop_total_32g,32,21,8,541.302,-0.3821289837360382,1.7565572261810303,2.390936851501465,-4.869147596764378e-05,2.5392040697624907e-05,0.15536151826381683,0.9962800145149231
scoop_total32g_09191431_set2,scoop,scoop_total_32g,32,21,9,542.123,-0.3972543478012085,1.776630163192749,2.4032256603240967,-4.934275057166815e-05,2.573167330410797e-05,0.15743955969810486,1.010059118270874
scoop_total32g_09191431_set2,scoop,scoop_total_32g,32,21,10,542.942,-0.4374467432498932,1.7955578565597534,2.4370510578155518,-4.888722833129577e-05,2.54941223829519e-05,0.15598610043525696,1.0023928880691528
scoop_total32g_09191431_set2,scoop,scoop_total_32g,32,22,1,544.761,-0.5143318176269531,1.8303611278533936,2.3848280906677246,-4.8100897402036935e-05,2.5084060325752944e-05,0.15347713232040405,1.0008593797683716
scoop_total32g_09191431_set2,scoop,scoop_total_32g,32,22,2,545.580,-0.5462977886199951,1.8606780767440796,2.3773581981658936,-4.914643432130106e-05,2.5629296942497604e-05,0.15681315958499908,0.9887326955795288
scoop_total32g_09191431_set2,scoop,scoop_total_32g,32,22,3,546.400,-0.5170863270759583,1.8594781160354614,2.2906017303466797,-4.8742509534349665e-05,2.5418654331588186e-05,0.155524343252182,0.9884058833122253
scoop_total32g_09191431_set2,scoop,scoop_total_32g,32,22,4,547.223,-0.5736554861068726,1.8380134105682373,2.2660446166992188,-4.944426837028004e-05,2.578461317170877e-05,0.15776346623897552,0.9946251511573792
scoop_total32g_09191431_set2,scoop,scoop_total_32g,32,22,5,548.040,-0.618200957775116,1.9111188650131226,2.3346238136291504,-4.984880069969222e-05,2.5995572286774404e-05,0.1590542197227478,1.0035232305526733
scoop_total32g_09191431_set2,scoop,scoop_total_32g,32,22,6,548.861,-0.631720781326294,1.893459439277649,2.382960557937622,-5.001495810574852e-05,2.6082221666001715e-05,0.1595843881368637,0.9910674691200256
scoop_total32g_09191431_set2,scoop,scoop_total_32g,32,22,7,549.683,-0.5977198481559753,1.860730767250061,2.32350492477417,-5.007410072721541e-05,2.6113062631338835e-05,0.1597730964422226,0.9904302954673767
scoop_total32g_09191431_set2,scoop,scoop_total_32g,32,22,8,550.500,-0.5549825429916382,1.8601733446121216,2.295372486114502,-5.037222581449896e-05,2.6268533474649303e-05,0.16072432696819305,0.9981500506401062
scoop_total32g_09191431_set2,scoop,scoop_total_32g,32,22,9,551.320,-0.5637971758842468,1.8654667139053345,2.3781702518463135,-4.929407805320807e-05,2.570628930698149e-05,0.15728424489498138,1.0100442171096802
scoop_total32g_09191431_set2,scoop,scoop_total_32g,32,22,10,552.142,-0.4793708324432373,1.861608862876892,2.435011863708496,-5.0731778173940256e-05,2.645603490236681e-05,0.16187156736850739,1.0083400011062622
scoop_total32g_09191431_set2,scoop,scoop_total_32g,32,23,1,553.964,-0.4350450336933136,1.8148986101150513,2.3838062286376953,-4.951305891154334e-05,2.5820485461736098e-05,0.1579829603433609,1.006235957145691
scoop_total32g_09191431_set2,scoop,scoop_total_32g,32,23,2,554.780,-0.473914235830307,1.8436567783355713,2.415344476699829,-5.008980224374682e-05,2.6121251721633598e-05,0.1598231941461563,1.0092430114746094
scoop_total32g_09191431_set2,scoop,scoop_total_32g,32,23,3,555.602,-0.5033279657363892,1.835469126701355,2.4613375663757324,-4.9496600695420057e-05,2.5811905288719572e-05,0.15793044865131378,1.0082895755767822
scoop_total32g_09191431_set2,scoop,scoop_total_32g,32,23,4,556.422,-0.4425945580005646,1.79478919506073,2.4102840423583984,-5.1093291403958574e-05,2.664455860212911e-05,0.16302506625652313,0.9938925504684448
scoop_total32g_09191431_set2,scoop,scoop_total_32g,32,23,5,557.241,-0.5516031980514526,1.844699501991272,2.29416823387146,-4.942440864397213e-05,2.5774257665034384e-05,0.15770010650157928,0.9911888241767883
scoop_total32g_09191431_set2,scoop,scoop_total_32g,32,23,6,558.062,-0.6322225332260132,1.8883086442947388,2.3127644062042236,-4.91459941258654e-05,2.5629065930843353e-05,0.15681174397468567,0.9993287324905396
scoop_total32g_09191431_set2,scoop,scoop_total_32g,32,23,7,558.879,-0.6338080167770386,1.8863285779953003,2.34162974357605,-4.999743396183476e-05,2.60730830632383e-05,0.1595284640789032,1.0027835369110107
scoop_total32g_09191431_set2,scoop,scoop_total_32g,32,23,8,559.702,-0.4876965582370758,1.8021389245986938,2.3911874294281006,-5.0246791943209246e-05,2.620312079670839e-05,0.1603241115808487,1.0051385164260864
scoop_total32g_09191431_set2,scoop,scoop_total_32g,32,23,9,560.518,-0.34897080063819885,1.7600451707839966,2.370286703109741,-4.9441448936704546e-05,2.5783143428270705e-05,0.15775448083877563,0.9999011754989624
scoop_total32g_09191431_set2,scoop,scoop_total_32g,32,23,10,561.339,-0.35394489765167236,1.7598605155944824,2.3831229209899902,-4.949933281750418e-05,2.5813327738433145e-05,0.15793916583061218,1.0028291940689087
scoop_total32g_09191431_set2,scoop,scoop_total_32g,32,24,1,563.159,-0.5306944251060486,1.861080527305603,2.361602306365967,-5.0363953050691634e-05,2.6252904717694037e-05,0.1606833040714264,0.9891825914382935
scoop_total32g_09191431_set2,scoop,scoop_total_32g,32,24,2,563.978,-0.5164885520935059,1.865053415298462,2.272991180419922,-5.0754708354361355e-05,2.646799293870572e-05,0.16194473206996918,1.0001784563064575
scoop_total32g_09191431_set2,scoop,scoop_total_32g,32,24,3,564.799,-0.38504236936569214,1.79873526096344,2.3604166507720947,-5.019971285946667e-05,2.6178568077739328e-05,0.16017389297485352,1.0090962648391724
scoop_total32g_09191431_set2,scoop,scoop_total_32g,32,24,4,565.622,-0.43168818950653076,1.7923463582992554,2.449340581893921,-4.9504607886774465e-05,2.581607986940071e-05,0.15795600414276123,1.0011576414108276
scoop_total32g_09191431_set2,scoop,scoop_total_32g,32,24,5,566.440,-0.5025148391723633,1.8351322412490845,2.4225552082061768,-4.971890666638501e-05,2.592783494037576e-05,0.15863975882530212,0.9917832612991333
scoop_total32g_09191431_set2,scoop,scoop_total_32g,32,24,6,567.261,-0.5933226346969604,1.8921823501586914,2.273843765258789,-5.069218241260387e-05,2.6435385734657757e-05,0.16174523532390594,0.9896641969680786
scoop_total32g_09191431_set2,scoop,scoop_total_32g,32,24,7,568.082,-0.6218379139900208,1.8989769220352173,2.2629151344299316,-4.89339763589669e-05,2.5518502297927625e-05,0.15613526105880737,1.000106692314148
scoop_total32g_09191431_set2,scoop,scoop_total_32g,32,24,8,568.899,-0.6449444890022278,1.9320623874664307,2.3390941619873047,-5.0105467380490154e-05,2.6129420803044923e-05,0.15987317264080048,0.9954400062561035
scoop_total32g_09191431_set2,scoop,scoop_total_32g,32,24,9,569.719,-0.6179859042167664,1.9233511686325073,2.378209114074707,-4.877027458860539e-05,2.543313348724041e-05,0.15561293065547943,1.001893401145935
scoop_total32g_09191431_set2,scoop,scoop_total_32g,32,24,10,570.539,-0.4506307542324066,1.8281025886535645,2.388319730758667,-4.965564585290849e-05,2.5894845748553053e-05,0.15843792259693146,1.0140063762664795
scoop_total32g_09191431_set2,scoop,scoop_total_32g,32,25,1,572.360,-0.691847026348114,1.9021341800689697,2.382213830947876,-4.9326728913001716e-05,2.5723318685777485e-05,0.15738843381404877,0.9975622892379761
scoop_total32g_09191431_set2,scoop,scoop_total_32g,32,25,2,573.179,-0.6778949499130249,1.9267500638961792,2.4231011867523193,-4.95680833410006e-05,2.5849181838566437e-05,0.15815852582454681,1.0042632818222046
scoop_total32g_09191431_set2,scoop,scoop_total_32g,32,25,3,574.002,-0.6647288203239441,1.9312071800231934,2.3415744304656982,-4.938492565997876e-05,2.5753666704986244e-05,0.1575741171836853,1.004271149635315
scoop_total32g_09191431_set2,scoop,scoop_total_32g,32,25,4,574.822,-0.6107735633850098,1.9014841318130493,2.3328068256378174,-4.936658660881221e-05,2.57441024587024e-05,0.15751560032367706,0.993488073348999
scoop_total32g_09191431_set2,scoop,scoop_total_32g,32,25,5,575.639,-0.5547012090682983,1.8943853378295898,2.261751174926758,-4.896340396953747e-05,2.553384729253594e-05,0.1562291532754898,1.0026977062225342
scoop_total32g_09191431_set2,scoop,scoop_total_32g,32,25,6,576.459,-0.5364433526992798,1.8684980869293213,2.275027275085449,-4.9096965085482225e-05,2.5603498215787113e-05,0.15665531158447266,1.0031864643096924
scoop_total32g_09191431_set2,scoop,scoop_total_32g,32,25,7,577.282,-0.5223028063774109,1.8820602893829346,2.38810658454895,-4.9646361730992794e-05,2.5890003598760813e-05,0.1584082990884781,1.0126150846481323
scoop_total32g_09191431_set2,scoop,scoop_total_32g,32,25,8,578.099,-0.48364412784576416,1.8493846654891968,2.4650328159332275,-4.956072007189505e-05,2.584534013294615e-05,0.15813502669334412,1.0042330026626587
scoop_total32g_09191431_set2,scoop,scoop_total_32g,32,25,9,578.919,-0.44541579484939575,1.82503080368042,2.415447950363159,-4.9514754209667444e-05,2.5821371309575625e-05,0.15798836946487427,1.0028921365737915
scoop_total32g_09191431_set2,scoop,scoop_total_32g,32,25,10,579.739,-0.39137792587280273,1.852828025817871,2.434612274169922,-4.995791823603213e-05,2.605247573228553e-05,0.15940238535404205,1.0055259466171265
scoop_total32g_09191431_set2,scoop,scoop_total_32g,32,26,1,581.560,-0.44229093194007874,1.8507007360458374,2.462085723876953,-4.991869718651287e-05,2.6032021196442656e-05,0.15927724540233612,0.9972986578941345
scoop_total32g_09191431_set2,scoop,scoop_total_32g,32,26,2,582.380,-0.4351121485233307,1.8245688676834106,2.461237907409668,-4.956292104907334e-05,2.584648973424919e-05,0.1581420600414276,1.0027655363082886
scoop_total32g_09191431_set2,scoop,scoop_total_32g,32,26,3,583.199,-0.5158745646476746,1.8436065912246704,2.4062042236328125,-4.972772148903459e-05,2.5932429707609117e-05,0.1586678922176361,1.0106440782546997
scoop_total32g_09191431_set2,scoop,scoop_total_32g,32,26,4,584.019,-0.5760199427604675,1.89632248878479,2.373769998550415,-5.001847603125498e-05,2.608405520732049e-05,0.15959560871124268,0.9948855042457581
scoop_total32g_09191431_set2,scoop,scoop_total_32g,32,26,5,584.839,-0.5351748466491699,1.8970017433166504,2.3084707260131836,-5.001819954486564e-05,2.608391150715761e-05,0.15959472954273224,0.9920349717140198
scoop_total32g_09191431_set2,scoop,scoop_total_32g,32,26,6,585.659,-0.6007728576660156,1.8870675563812256,2.2583937644958496,-4.8928366595646366e-05,2.5515577362966724e-05,0.15611736476421356,0.9970434904098511
scoop_total32g_09191431_set2,scoop,scoop_total_32g,32,26,7,586.479,-0.66880202293396,1.9583158493041992,2.3133840560913086,-4.892648939858191e-05,2.5514596927678213e-05,0.15611137449741364,0.9771204590797424
scoop_total32g_09191431_set2,scoop,scoop_total_32g,32,26,8,587.299,-0.6399866342544556,1.9109364748001099,2.3075006008148193,-4.9587506509851664e-05,2.585930997156538e-05,0.15822049975395203,1.0036122798919678
scoop_total32g_09191431_set2,scoop,scoop_total_32g,32,26,9,588.122,-0.5059356093406677,1.9004366397857666,2.3414077758789062,-4.948510468238965e-05,2.5805909899645485e-05,0.15789377689361572,0.9940276145935059
scoop_total32g_09191431_set2,scoop,scoop_total_32g,32,26,10,588.939,-0.5174666047096252,1.7991145849227905,2.276841402053833,-4.907496986561455e-05,2.5592029487597756e-05,0.15658514201641083,0.9883865118026733
scoop_total32g_09191431_set2,scoop,scoop_total_32g,32,27,1,590.760,-0.4715954065322876,1.7515264749526978,2.4115607738494873,-4.851934136240743e-05,2.5302275389549322e-05,0.1548122763633728,0.9996926784515381
scoop_total32g_09191431_set2,scoop,scoop_total_32g,32,27,2,591.580,-0.4104853868484497,1.778533935546875,2.35811448097229,-5.052581400377676e-05,2.6348627216066234e-05,0.16121439635753632,1.005669355392456
scoop_total32g_09191431_set2,scoop,scoop_total_32g,32,27,3,592.402,-0.38233721256256104,1.7264971733093262,2.382344961166382,-4.91041864734143e-05,2.5607263523852453e-05,0.15667834877967834,1.0061033964157104
scoop_total32g_09191431_set2,scoop,scoop_total_32g,32,27,4,593.219,-0.4246763288974762,1.836934208869934,2.445591926574707,-5.0682818255154416e-05,2.643050356709864e-05,0.16171535849571228,1.0049103498458862
scoop_total32g_09191431_set2,scoop,scoop_total_32g,32,27,5,594.042,-0.4861256778240204,1.7975469827651978,2.426647424697876,-4.929678107146174e-05,2.57076280831825e-05,0.15729278326034546,1.0146863460540771
scoop_total32g_09191431_set2,scoop,scoop_total_32g,32,27,6,594.860,-0.4797910749912262,1.8595669269561768,2.393482208251953,-4.9755915824789554e-05,2.5947134417947382e-05,0.15875786542892456,1.0001873970031738
scoop_total32g_09191431_set2,scoop,scoop_total_32g,32,27,7,595.679,-0.4586019217967987,1.8109066486358643,2.316192388534546,-4.872480712947436e-05,2.540942296036519e-05,0.15546786785125732,0.9989578723907471
scoop_total32g_09191431_set2,scoop,scoop_total_32g,32,27,8,596.498,-0.5128502249717712,1.846632719039917,2.365082263946533,-4.954152973368764e-05,2.5835333872237243e-05,0.1580737978219986,1.0009071826934814
scoop_total32g_09191431_set2,scoop,scoop_total_32g,32,27,9,597.318,-0.5114565491676331,1.871777057647705,2.395893096923828,-5.0596056098584086e-05,2.638525802467484e-05,0.16143852472305298,0.9894189834594727
scoop_total32g_09191431_set2,scoop,scoop_total_32g,32,27,10,598.140,-0.6115077137947083,1.8780436515808105,2.311375141143799,-4.9054848204832524e-05,2.55815357377287e-05,0.15652093291282654,0.9851637482643127
scoop_total32g_09191431_set2,scoop,scoop_total_32g,32,28,1,599.962,-0.5769661664962769,1.8558052778244019,2.30372953414917,-4.9895352276507765e-05,2.6019848519354127e-05,0.15920275449752808,0.9999397993087769
scoop_total32g_09191431_set2,scoop,scoop_total_32g,32,28,2,600.778,-0.5880890488624573,1.9024962186813354,2.3650805950164795,-4.915564204566181e-05,2.563409725553356e-05,0.15684254467487335,0.9914881587028503
scoop_total32g_09191431_set2,scoop,scoop_total_32g,32,28,3,601.598,-0.5516787171363831,1.868349552154541,2.3250107765197754,-4.954982432536781e-05,2.5839659429038875e-05,0.15810026228427887,0.9959843158721924
scoop_total32g_09191431_set2,scoop,scoop_total_32g,32,28,4,602.419,-0.4642696678638458,1.8374390602111816,2.2822136878967285,-5.095044252811931e-05,2.6570065529085696e-05,0.16256926953792572,0.9882125854492188
scoop_total32g_09191431_set2,scoop,scoop_total_32g,32,28,5,603.240,-0.4600512683391571,1.803678035736084,2.3308520317077637,-4.9782156565925106e-05,2.5960818675230257e-05,0.1588415801525116,0.994928240776062
scoop_total32g_09191431_set2,scoop,scoop_total_32g,32,28,6,604.062,-0.46941128373146057,1.8306903839111328,2.412724018096924,-4.9755664804251865e-05,2.5929422918125056e-05,0.15873432159423828,0.9985975623130798
scoop_total32g_09191431_set2,scoop,scoop_total_32g,32,28,7,604.882,-0.44577959179878235,1.8022816181182861,2.4001808166503906,-5.065071673016064e-05,2.6413763407617807e-05,0.16161292791366577,0.9966243505477905
scoop_total32g_09191431_set2,scoop,scoop_total_32g,32,28,8,605.700,-0.42203575372695923,1.8085896968841553,2.34926176071167,-5.069902545074001e-05,2.6438956410856918e-05,0.16176706552505493,0.9994535446166992
scoop_total32g_09191431_set2,scoop,scoop_total_32g,32,28,9,606.519,-0.40383777022361755,1.7886505126953125,2.3592512607574463,-4.9533766286913306e-05,2.5831286620814353e-05,0.15804903209209442,1.0048433542251587
scoop_total32g_09191431_set2,scoop,scoop_total_32g,32,28,10,607.343,-0.46860167384147644,1.8196842670440674,2.452488899230957,-4.931219882564619e-05,2.5715740775922313e-05,0.1573420763015747,1.0116554498672485
scoop_total32g_09191431_set2,scoop,scoop_total_32g,32,29,1,609.160,-0.5036851763725281,1.8368695974349976,2.3502089977264404,-4.933203672408126e-05,2.5726087187649682e-05,0.15740537643432617,0.9910950064659119
scoop_total32g_09191431_set2,scoop,scoop_total_32g,32,29,2,609.979,-0.5095125436782837,1.8644678592681885,2.34248423576355,-5.0022968935081735e-05,2.6086398065672256e-05,0.15960994362831116,0.9969156384468079
scoop_total32g_09191431_set2,scoop,scoop_total_32g,32,29,3,610.799,-0.5880339741706848,1.8796957731246948,2.36790132522583,-5.003708793083206e-05,2.6093763153767213e-05,0.15965500473976135,1.0033937692642212
scoop_total32g_09191431_set2,scoop,scoop_total_32g,32,29,4,611.620,-0.6489842534065247,1.8950138092041016,2.3772690296173096,-4.943092790199444e-05,2.5777655537240207e-05,0.1577208936214447,0.9970565438270569
scoop_total32g_09191431_set2,scoop,scoop_total_32g,32,29,5,612.440,-0.635612428188324,1.9237635135650635,2.2733359336853027,-5.0306109187658876e-05,2.6234052711515687e-05,0.16051337122917175,1.0004394054412842
scoop_total32g_09191431_set2,scoop,scoop_total_32g,32,29,6,613.264,-0.6549663543701172,1.9062281847000122,2.349067211151123,-4.982118116458878e-05,2.5981169528677128e-05,0.15896610915660858,0.9911475777626038
scoop_total32g_09191431_set2,scoop,scoop_total_32g,32,29,7,614.079,-0.6175289154052734,1.8705272674560547,2.306649923324585,-5.003927071811631e-05,2.609490002214443e-05,0.15966196358203888,0.9997978806495667
scoop_total32g_09191431_set2,scoop,scoop_total_32g,32,29,8,614.900,-0.6058483123779297,1.9031171798706055,2.343653917312622,-4.942418308928609e-05,2.5774139430723153e-05,0.1576993763446808,0.9994834661483765
scoop_total32g_09191431_set2,scoop,scoop_total_32g,32,29,9,615.719,-0.5801824927330017,1.8421292304992676,2.37697696685791,-4.8602771130390465e-05,2.5345781978103332e-05,0.1550784856081009,1.0044474601745605
scoop_total32g_09191431_set2,scoop,scoop_total_32g,32,29,10,616.538,-0.529886782169342,1.8328369855880737,2.404155969619751,-4.922788866679184e-05,2.5671773983049206e-05,0.15707306563854218,1.0050406455993652
scoop_total32g_09191431_set2,scoop,scoop_total_32g,32,30,1,618.358,-0.46704190969467163,1.8230618238449097,2.472949743270874,-5.042797783971764e-05,2.6297606382286176e-05,0.1609022319316864,1.0083560943603516
scoop_total32g_09191431_set2,scoop,scoop_total_32g,32,30,2,619.182,-0.40741631388664246,1.7551759481430054,2.419492483139038,-5.004529157304205e-05,2.6098041416844353e-05,0.15968117117881775,1.011350393295288
scoop_total32g_09191431_set2,scoop,scoop_total_32g,32,30,3,619.999,-0.4131818115711212,1.7471961975097656,2.479063034057617,-5.054181383457035e-05,2.63569709204603e-05,0.16126544773578644,1.0027397871017456
scoop_total32g_09191431_set2,scoop,scoop_total_32g,32,30,4,620.822,-0.39625152945518494,1.7546508312225342,2.4228649139404297,-4.852926576859318e-05,2.530745041440241e-05,0.15484394133090973,1.0030758380889893
scoop_total32g_09191431_set2,scoop,scoop_total_32g,32,30,5,621.640,-0.44485071301460266,1.786219596862793,2.458913564682007,-4.901486317976378e-05,2.5560684662195854e-05,0.15639334917068481,0.998475193977356
scoop_total32g_09191431_set2,scoop,scoop_total_32g,32,30,6,622.460,-0.4606873393058777,1.798180103302002,2.394512176513672,-4.8686608351999894e-05,2.5389501388417557e-05,0.15534597635269165,0.9888309240341187
scoop_total32g_09191431_set2,scoop,scoop_total_32g,32,30,7,623.280,-0.4625839293003082,1.7948256731033325,2.304760456085205,-4.951000300934538e-05,2.5818893846007995e-05,0.15797321498394012,0.9919265508651733
scoop_total32g_09191431_set2,scoop,scoop_total_32g,32,30,8,624.099,-0.5242592096328735,1.8286257982254028,2.3068947792053223,-4.988132423022762e-05,2.6012532543973066e-05,0.15915799140930176,1.0025460720062256
scoop_total32g_09191431_set2,scoop,scoop_total_32g,32,30,9,624.919,-0.6103718876838684,1.852859616279602,2.356626510620117,-5.125463576405309e-05,2.672869959496893e-05,0.16353987157344818,0.996078610420227
scoop_total32g_09191431_set2,scoop,scoop_total_32g,32,30,10,625.739,-0.6310965418815613,1.898037075996399,2.348055124282837,-4.9726982979336753e-05,2.593204590084497e-05,0.15866553783416748,1.000200867652893
scoop_total32g_09191431_set3,scoop,scoop_total_32g,32,1,1,643.589,-0.5107011795043945,1.8655316829681396,2.32908034324646,-4.6718338126083836e-05,2.4363072952837683e-05,0.149065762758255,0.9959353804588318
scoop_total32g_09191431_set3,scoop,scoop_total_32g,32,1,2,644.409,-0.40136027336120605,1.7495529651641846,2.352987766265869,-4.6661436499562114e-05,2.4333397959708236e-05,0.14888419210910797,0.9928287267684937
scoop_total32g_09191431_set3,scoop,scoop_total_32g,32,1,3,645.231,-0.45324453711509705,1.8481827974319458,2.4348134994506836,-4.78206857223995e-05,2.4923678211052902e-05,0.15256460011005402,1.011679768562317
scoop_total32g_09191431_set3,scoop,scoop_total_32g,32,1,4,646.048,-0.468902051448822,1.8662490844726562,2.4505233764648438,-4.585952774505131e-05,2.3915212295833044e-05,0.1463255137205124,0.9974998831748962
scoop_total32g_09191431_set3,scoop,scoop_total_32g,32,1,5,646.868,-0.42388197779655457,1.8140109777450562,2.413770914077759,-4.7564135456923395e-05,2.4804146960377693e-05,0.15176446735858917,1.0020815134048462
scoop_total32g_09191431_set3,scoop,scoop_total_32g,32,1,6,647.688,-0.4323355555534363,1.7984908819198608,2.342956066131592,-4.70567392767407e-05,2.4539544028812088e-05,0.1501455008983612,1.0058430433273315
scoop_total32g_09191431_set3,scoop,scoop_total_32g,32,1,7,648.508,-0.4016101658344269,1.8208153247833252,2.399083137512207,-4.610361793311313e-05,2.404250335530378e-05,0.14710435271263123,1.0071954727172852
scoop_total32g_09191431_set3,scoop,scoop_total_32g,32,1,8,649.328,-0.39770302176475525,1.8273918628692627,2.4154462814331055,-4.67133431811817e-05,2.4360466341022402e-05,0.1490498185157776,1.0017496347427368
scoop_total32g_09191431_set3,scoop,scoop_total_32g,32,1,9,650.151,-0.4210248589515686,1.8406414985656738,2.3609611988067627,-4.7749268560437486e-05,2.4900691641960293e-05,0.15235517919063568,0.9870910048484802
scoop_total32g_09191431_set3,scoop,scoop_total_32g,32,1,10,650.968,-0.4579389989376068,1.8283284902572632,2.2774229049682617,-4.634008655557409e-05,2.4165818103938363e-05,0.1478588581085205,0.9967935085296631
scoop_total32g_09191431_set3,scoop,scoop_total_32g,32,2,1,652.789,-0.5471087098121643,1.886175274848938,2.339822769165039,-4.664417065214366e-05,2.4324395781150088e-05,0.14882910251617432,0.9989480972290039
scoop_total32g_09191431_set3,scoop,scoop_total_32g,32,2,2,653.608,-0.6386938691139221,1.9461513757705688,2.344433546066284,-4.727071427623741e-05,2.4651131752762012e-05,0.15082824230194092,0.9909334778785706
scoop_total32g_09191431_set3,scoop,scoop_total_32g,32,2,3,654.428,-0.613878071308136,1.9044804573059082,2.3667004108428955,-4.7673500375822186e-05,2.486117955413647e-05,0.1521134227514267,0.9968242645263672
scoop_total32g_09191431_set3,scoop,scoop_total_32g,32,2,4,655.248,-0.6138144731521606,1.9021533727645874,2.3023946285247803,-4.702511432697065e-05,2.452305307087954e-05,0.15004459023475647,0.9958226680755615
scoop_total32g_09191431_set3,scoop,scoop_total_32g,32,2,5,656.071,-0.603182315826416,1.9135090112686157,2.452745199203491,-4.5806005800841376e-05,2.3887301722425036e-05,0.1461547464132309,1.0011954307556152
scoop_total32g_09191431_set3,scoop,scoop_total_32g,32,2,6,656.892,-0.5459676384925842,1.8836619853973389,2.381272554397583,-4.656222154153511e-05,2.428166044410318e-05,0.14856763184070587,1.0093209743499756
scoop_total32g_09191431_set3,scoop,scoop_total_32g,32,2,7,657.708,-0.5323625802993774,1.8875575065612793,2.4585955142974854,-4.732486922875978e-05,2.467937156325206e-05,0.15100103616714478,1.005416989326477
scoop_total32g_09191431_set3,scoop,scoop_total_32g,32,2,8,658.531,-0.4449804127216339,1.8525972366333008,2.400822639465332,-4.645994704333134e-05,2.422832403681241e-05,0.1482412964105606,1.002198338508606
scoop_total32g_09191431_set3,scoop,scoop_total_32g,32,2,9,659.352,-0.3405061960220337,1.786720871925354,2.3881523609161377,-4.786771387443878e-05,2.49624590651365e-05,0.15273310244083405,1.0090645551681519
scoop_total32g_09191431_set3,scoop,scoop_total_32g,32,2,10,660.169,-0.3595288395881653,1.7871814966201782,2.448976993560791,-4.586241266224533e-05,2.391671841905918e-05,0.1463347226381302,1.0018258094787598
scoop_total32g_09191431_set3,scoop,scoop_total_32g,32,3,1,661.989,-0.3976361155509949,1.8133010864257812,2.332476854324341,-4.652190182241611e-05,2.426063292659819e-05,0.1484389752149582,1.0042756795883179
scoop_total32g_09191431_set3,scoop,scoop_total_32g,32,3,2,662.808,-0.49541354179382324,1.827711582183838,2.416790723800659,-4.705794344772585e-05,2.454017158015631e-05,0.15014933049678802,1.0006247758865356
scoop_total32g_09191431_set3,scoop,scoop_total_32g,32,3,3,663.628,-0.5077112317085266,1.8593775033950806,2.3887126445770264,-4.679208359448239e-05,2.440153002680745e-05,0.14930105209350586,0.9937047362327576
scoop_total32g_09191431_set3,scoop,scoop_total_32g,32,3,4,664.448,-0.5918564200401306,1.8115246295928955,2.293646812438965,-4.666385211749002e-05,2.4334658519364893e-05,0.14889191091060638,0.9917746782302856
scoop_total32g_09191431_set3,scoop,scoop_total_32g,32,3,5,665.268,-0.5842549204826355,1.8935644626617432,2.2644362449645996,-4.753752000397071e-05,2.4790266252239235e-05,0.15167954564094543,0.9942736029624939
scoop_total32g_09191431_set3,scoop,scoop_total_32g,32,3,6,666.089,-0.6485646367073059,1.9312975406646729,2.338143825531006,-4.6478140575345606e-05,2.4237071556854062e-05,0.14829838275909424,1.0090047121047974
scoop_total32g_09191431_set3,scoop,scoop_total_32g,32,3,7,666.908,-0.6730801463127136,1.9105082750320435,2.3861448764801025,-4.696620089816861e-05,2.4492330339853652e-05,0.14985662698745728,1.0069888830184937
scoop_total32g_09191431_set3,scoop,scoop_total_32g,32,3,8,667.729,-0.5377838015556335,2.052175521850586,2.2935056686401367,-4.747249840875156e-05,2.4756358470767736e-05,0.1514720767736435,0.9873344898223877
scoop_total32g_09191431_set3,scoop,scoop_total_32g,32,3,9,668.551,-0.5747814774513245,1.8681962490081787,2.2869503498077393,-4.557330976240337e-05,2.3765953301335685e-05,0.14541226625442505,0.9982419013977051
scoop_total32g_09191431_set3,scoop,scoop_total_32g,32,3,10,669.370,-0.570675790309906,1.8976463079452515,2.310422658920288,-4.66105411760509e-05,2.43068570853211e-05,0.14872179925441742,1.0141104459762573
scoop_total32g_09191431_set3,scoop,scoop_total_32g,32,4,1,671.190,-0.40728384256362915,1.9732766151428223,2.4006333351135254,-4.775769411935471e-05,2.4905084501369856e-05,0.15238206088542938,0.9980644583702087
scoop_total32g_09191431_set3,scoop,scoop_total_32g,32,4,2,672.008,-0.4158310890197754,1.8166409730911255,2.340463638305664,-4.716366311185993e-05,2.4595303329988383e-05,0.15048666298389435,1.005642294883728
scoop_total32g_09191431_set3,scoop,scoop_total_32g,32,4,3,672.828,-0.36241135001182556,1.8981906175613403,2.430483818054199,-4.762956450576894e-05,2.4838265744620003e-05,0.15197323262691498,1.005408763885498
scoop_total32g_09191431_set3,scoop,scoop_total_32g,32,4,4,673.648,-0.38712185621261597,1.8369067907333374,2.436096668243408,-4.63738979306072e-05,2.4183451387216337e-05,0.14796674251556396,0.9805274605751038
scoop_total32g_09191431_set3,scoop,scoop_total_32g,32,4,5,674.468,-0.37568697333335876,1.8684130907058716,2.478498697280884,-4.678347977460362e-05,2.4397042579948902e-05,0.1492736041545868,0.9831987023353577
scoop_total32g_09191431_set3,scoop,scoop_total_32g,32,4,6,675.288,-0.37214359641075134,1.8239585161209106,2.3555526733398438,-4.757761053042486e-05,2.481117371644359e-05,0.15180745720863342,0.9925137758255005
scoop_total32g_09191431_set3,scoop,scoop_total_32g,32,4,7,676.108,-0.39542582631111145,1.8082473278045654,2.3580100536346436,-4.6192635636543855e-05,2.4088925783871673e-05,0.14738838374614716,1.0044323205947876
scoop_total32g_09191431_set3,scoop,scoop_total_32g,32,4,8,676.931,-0.4327581524848938,1.885388970375061,2.3678054809570312,-4.761704622069374e-05,2.4831737391650677e-05,0.15193329751491547,0.9871692657470703
scoop_total32g_09191431_set3,scoop,scoop_total_32g,32,4,9,677.749,-0.47334587574005127,1.8525439500808716,2.348741054534912,-4.742946839542128e-05,2.4733919417485595e-05,0.15133477747440338,0.9904338121414185
scoop_total32g_09191431_set3,scoop,scoop_total_32g,32,4,10,678.574,-0.4876443147659302,1.8528938293457031,2.2500057220458984,-4.668288602260873e-05,2.4344584744540043e-05,0.1489526331424713,0.9946133494377136
scoop_total32g_09191431_set3,scoop,scoop_total_32g,32,5,1,680.388,-0.5781879425048828,1.9055240154266357,2.3549225330352783,-4.6633653255412355e-05,2.4318909709108993e-05,0.14879554510116577,0.9993575215339661
scoop_total32g_09191431_set3,scoop,scoop_total_32g,32,5,2,681.207,-0.5420579314231873,1.8654695749282837,2.336038112640381,-4.7071305743884295e-05,2.45471419475507e-05,0.15019197762012482,0.9924471974372864
scoop_total32g_09191431_set3,scoop,scoop_total_32g,32,5,3,682.028,-0.5226947665214539,1.866593599319458,2.2640912532806396,-4.70167251478415e-05,2.451867658237461e-05,0.15001782774925232,0.991388201713562
scoop_total32g_09191431_set3,scoop,scoop_total_32g,32,5,4,682.851,-0.4860059320926666,1.8391436338424683,2.30694317817688,-4.717378760688007e-05,2.4600583856226876e-05,0.1505189687013626,1.0083016157150269
scoop_total32g_09191431_set3,scoop,scoop_total_32g,32,5,5,683.671,-0.4613593816757202,1.8305715322494507,2.403883457183838,-4.803081174031831e-05,2.50475131906569e-05,0.15325351059436798,0.9975964426994324
scoop_total32g_09191431_set3,scoop,scoop_total_32g,32,5,6,684.488,-0.4700244665145874,1.8560529947280884,2.398678779602051,-4.761714080814272e-05,2.4831788323353976e-05,0.15193359553813934,0.9989338517189026
scoop_total32g_09191431_set3,scoop,scoop_total_32g,32,5,7,685.311,-0.4356554448604584,1.8240588903427124,2.3762757778167725,-4.690496643888764e-05,2.4460397980874404e-05,0.14966124296188354,0.9989424347877502
scoop_total32g_09191431_set3,scoop,scoop_total_32g,32,5,8,686.130,-0.4322601854801178,1.8023908138275146,2.369318962097168,-4.841065310756676e-05,2.5245595679734834e-05,0.1544654816389084,1.0073975324630737
scoop_total32g_09191431_set3,scoop,scoop_total_32g,32,5,9,686.947,-0.4648805856704712,1.8490785360336304,2.43034291267395,-4.698838893091306e-05,2.4503611712134443e-05,0.1499270498752594,1.0014022588729858
scoop_total32g_09191431_set3,scoop,scoop_total_32g,32,5,10,687.768,-0.4518481194972992,1.8429168462753296,2.431431293487549,-4.717300180345774e-05,2.460017458361108e-05,0.15051646530628204,1.0023928880691528
scoop_total32g_09191431_set3,scoop,scoop_total_32g,32,6,1,689.591,-0.48725491762161255,1.8394131660461426,2.3093247413635254,-4.8557274567428976e-05,2.5322056899312884e-05,0.15493331849575043,1.0007020235061646
scoop_total32g_09191431_set3,scoop,scoop_total_32g,32,6,2,690.410,-0.5491527318954468,1.8806734085083008,2.3728787899017334,-4.7042958613019437e-05,2.453235720167868e-05,0.15010152757167816,0.9974119663238525
scoop_total32g_09191431_set3,scoop,scoop_total_32g,32,6,3,691.228,-0.5790334343910217,1.8751311302185059,2.3755099773406982,-4.760030788020231e-05,2.482300806150306e-05,0.15187987685203552,0.9944060444831848
scoop_total32g_09191431_set3,scoop,scoop_total_32g,32,6,4,692.048,-0.5775017142295837,1.8892537355422974,2.3715243339538574,-4.814330895897001e-05,2.5106177417910658e-05,0.15361244976520538,0.9965280294418335
scoop_total32g_09191431_set3,scoop,scoop_total_32g,32,6,5,692.871,-0.563630223274231,1.8962445259094238,2.305553436279297,-4.6127002860885113e-05,2.405469786026515e-05,0.14717896282672882,0.9882144927978516
scoop_total32g_09191431_set3,scoop,scoop_total_32g,32,6,6,693.691,-0.531764805316925,1.8650437593460083,2.250920057296753,-4.6942561311880127e-05,2.4480001229676418e-05,0.14978118240833282,0.9900723099708557
scoop_total32g_09191431_set3,scoop,scoop_total_32g,32,6,7,694.508,-0.5432019829750061,1.8704614639282227,2.284458637237549,-4.6962803025962785e-05,2.4490556825185195e-05,0.14984576404094696,0.9964026212692261
scoop_total32g_09191431_set3,scoop,scoop_total_32g,32,6,8,695.328,-0.5239948034286499,1.8616225719451904,2.3141043186187744,-4.808905578101985e-05,2.507788667571731e-05,0.15343935787677765,0.9986962676048279
scoop_total32g_09191431_set3,scoop,scoop_total_32g,32,6,9,696.148,-0.49615219235420227,1.8734179735183716,2.3297197818756104,-4.6653880417579785e-05,2.4329458028660156e-05,0.14886008203029633,0.9945164322853088
scoop_total32g_09191431_set3,scoop,scoop_total_32g,32,6,10,696.968,-0.40768033266067505,1.817528247833252,2.2976040840148926,-4.616955266101286e-05,2.4075605324469507e-05,0.14731305837631226,0.9906200170516968
scoop_total32g_09191431_set3,scoop,scoop_total_32g,32,7,1,698.789,-0.3765619993209839,1.797986388206482,2.393442153930664,-4.634418655768968e-05,2.4167957235476933e-05,0.1478719413280487,0.9938453435897827
scoop_total32g_09191431_set3,scoop,scoop_total_32g,32,7,2,699.608,-0.3165361285209656,1.758716344833374,2.327336311340332,-4.737993367598392e-05,2.470808794896584e-05,0.15117673575878143,1.0031136274337769
scoop_total32g_09191431_set3,scoop,scoop_total_32g,32,7,3,700.428,-0.42495521903038025,1.819003939628601,2.3916664123535156,-4.6976500016171485e-05,2.450018291710876e-05,0.15077431499958038,1.0068790912628174
scoop_total32g_09191431_set3,scoop,scoop_total_32g,32,7,4,701.251,-0.4002050757408142,1.805319905281067,2.4520161151885986,-4.814025669475086e-05,2.5104633095907047e-05,0.15361934900283813,0.9905083179473877
scoop_total32g_09191431_set3,scoop,scoop_total_32g,32,7,5,702.071,-0.521381139755249,1.9254449605941772,2.334505558013916,-4.7449204430449754e-05,2.4744209440541454e-05,0.15139774978160858,0.9957518577575684
scoop_total32g_09191431_set3,scoop,scoop_total_32g,32,7,6,702.889,-0.5385217666625977,1.856601595878601,2.283396005630493,-4.638664540834725e-05,2.4190097974496894e-05,0.14800740778446198,0.9883673191070557
scoop_total32g_09191431_set3,scoop,scoop_total_32g,32,7,7,703.708,-0.6438785791397095,1.891291856765747,2.288452625274658,-4.7261532017728314e-05,2.4646340534673072e-05,0.15079893171787262,1.0129743814468384
scoop_total32g_09191431_set3,scoop,scoop_total_32g,32,7,8,704.528,-0.536715030670166,1.8771947622299194,2.3983912467956543,-4.790902676177211e-05,2.4984001356642693e-05,0.15286491811275482,0.990698516368866
scoop_total32g_09191431_set3,scoop,scoop_total_32g,32,7,9,705.351,-0.48975998163223267,1.8332809209823608,2.4244542121887207,-4.7586116124875844e-05,2.4815608412609436e-05,0.15183459222316742,0.9841303825378418
scoop_total32g_09191431_set3,scoop,scoop_total_32g,32,7,10,706.168,-0.4458498954772949,1.7766262292861938,2.359525203704834,-4.8705071094445884e-05,2.539913111831993e-05,0.15540488064289093,1.0026816129684448
scoop_total32g_09191431_set3,scoop,scoop_total_32g,32,8,1,707.991,-0.656712532043457,1.9104925394058228,2.342363119125366,-4.608570452546701e-05,2.4033161025727168e-05,0.14704719185829163,0.993519127368927
scoop_total32g_09191431_set3,scoop,scoop_total_32g,32,8,2,708.808,-0.5692757964134216,1.8416378498077393,2.3501627445220947,-4.605840513249859e-05,2.4018923795665614e-05,0.1469600796699524,0.9950922727584839
scoop_total32g_09191431_set3,scoop,scoop_total_32g,32,8,3,709.628,-0.48899972438812256,1.8216040134429932,2.3102946281433105,-4.720763536170125e-05,2.4618235329398885e-05,0.15062697231769562,0.9958027005195618
scoop_total32g_09191431_set3,scoop,scoop_total_32g,32,8,4,710.448,-0.4118483066558838,1.750895619392395,2.4113333225250244,-4.694801100413315e-05,2.448284431011416e-05,0.14979858696460724,0.9959714412689209
scoop_total32g_09191431_set3,scoop,scoop_total_32g,32,8,5,711.268,-0.4811502695083618,1.826544165611267,2.379132032394409,-4.7927158448146656e-05,2.4993458282551728e-05,0.15292277932167053,0.9992577433586121
scoop_total32g_09191431_set3,scoop,scoop_total_32g,32,8,6,712.088,-0.5102139711380005,1.8719991445541382,2.3395638465881348,-4.688574335887097e-05,2.445037171128206e-05,0.14959989488124847,0.9962373375892639
scoop_total32g_09191431_set3,scoop,scoop_total_32g,32,8,7,712.911,-0.6122714281082153,1.9234532117843628,2.312127113342285,-4.661411003326066e-05,2.430871973047033e-05,0.1487331986427307,0.9819601774215698
scoop_total32g_09191431_set3,scoop,scoop_total_32g,32,8,8,713.727,-0.5698274374008179,1.8991423845291138,2.238546371459961,-4.782662290381268e-05,2.4941029550973326e-05,0.15260198712348938,0.9980425238609314
scoop_total32g_09191431_set3,scoop,scoop_total_32g,32,8,9,714.550,-0.5630136728286743,1.847448468208313,2.3995227813720703,-4.813804116565734e-05,2.5103432562900707e-05,0.15359565615653992,1.006201982498169
scoop_total32g_09191431_set3,scoop,scoop_total_32g,32,8,10,715.368,-0.4630427360534668,1.8005406856536865,2.4224798679351807,-4.671375063480809e-05,2.4360679162782617e-05,0.14905111491680145,0.9968321919441223
scoop_total32g_09191431_set3,scoop,scoop_total_32g,32,9,1,717.190,-0.5496613383293152,1.862987756729126,2.293621301651001,-4.6255645429482684e-05,2.4121784008457325e-05,0.14758943021297455,1.0025358200073242
scoop_total32g_09191431_set3,scoop,scoop_total_32g,32,9,2,718.007,-0.6275681257247925,1.888974905014038,2.3632407188415527,-4.6282264520414174e-05,2.4135582862072624e-05,0.14767424762248993,0.9955801367759705
scoop_total32g_09191431_set3,scoop,scoop_total_32g,32,9,3,718.829,-0.5406084656715393,1.864014744758606,2.334514617919922,-4.713863745564595e-05,2.4582253900007345e-05,0.1504068225622177,0.9894874691963196
scoop_total32g_09191431_set3,scoop,scoop_total_32g,32,9,4,719.651,-0.5011361837387085,1.8455857038497925,2.262295961380005,-4.765780613524839e-05,2.4852994101820514e-05,0.15206333994865417,0.9852652549743652
scoop_total32g_09191431_set3,scoop,scoop_total_32g,32,9,5,720.470,-0.5135934352874756,1.8383891582489014,2.2577695846557617,-4.7281995648518205e-05,2.465701436449308e-05,0.15086422860622406,0.9924744963645935
scoop_total32g_09191431_set3,scoop,scoop_total_32g,32,9,6,721.287,-0.5380305051803589,1.8594938516616821,2.329026222229004,-4.669743066187948e-05,2.435216993035283e-05,0.14899905025959015,1.0026212930679321
scoop_total32g_09191431_set3,scoop,scoop_total_32g,32,9,7,722.107,-0.5279407501220703,1.8684879541397095,2.371258497238159,-4.6876415581209585e-05,2.4445507733616978e-05,0.14957013726234436,0.9979439973831177
scoop_total32g_09191431_set3,scoop,scoop_total_32g,32,9,8,722.929,-0.45487716794013977,1.8583627939224243,2.3055648803710938,-4.717968113254756e-05,2.4603656129329465e-05,0.15053777396678925,0.988024890422821
scoop_total32g_09191431_set3,scoop,scoop_total_32g,32,9,9,723.747,-0.3908728361129761,1.8115049600601196,2.334639310836792,-4.6546490921173245e-05,2.427345680189319e-05,0.148517444729805,1.0025922060012817
scoop_total32g_09191431_set3,scoop,scoop_total_32g,32,9,10,724.567,-0.4604519009590149,1.8341723680496216,2.3584494590759277,-4.7248271584976465e-05,2.4639426555950195e-05,0.1507566273212433,1.0058692693710327
scoop_total32g_09191431_set3,scoop,scoop_total_32g,32,10,1,726.388,-0.410749226808548,1.8200680017471313,2.3609437942504883,-4.6647386625409126e-05,2.4326072889380157e-05,0.14883936941623688,0.9945617318153381
scoop_total32g_09191431_set3,scoop,scoop_total_32g,32,10,2,727.207,-0.40652862191200256,1.8050817251205444,2.3446412086486816,-4.7685687604825944e-05,2.4867533284123056e-05,0.15215229988098145,1.0033879280090332
scoop_total32g_09191431_set3,scoop,scoop_total_32g,32,10,3,728.028,-0.4440401494503021,1.8084509372711182,2.415454149246216,-4.647409878089093e-05,2.4226099412771873e-05,0.1482740193605423,0.9913884401321411
scoop_total32g_09191431_set3,scoop,scoop_total_32g,32,10,4,728.847,-0.4204311668872833,1.793737530708313,2.3676536083221436,-4.852265556110069e-05,2.530400342948269e-05,0.15482285618782043,0.9952030181884766
scoop_total32g_09191431_set3,scoop,scoop_total_32g,32,10,5,729.667,-0.4791531264781952,1.8467648029327393,2.3837971687316895,-4.716750845545903e-05,2.4597309675300494e-05,0.15049892663955688,0.9976109862327576
scoop_total32g_09191431_set3,scoop,scoop_total_32g,32,10,6,730.488,-0.5063919425010681,1.8536189794540405,2.3385748863220215,-4.664249354391359e-05,2.4323520847246982e-05,0.14882375299930573,0.9872940182685852
scoop_total32g_09191431_set3,scoop,scoop_total_32g,32,10,7,731.308,-0.4984310567378998,1.873437523841858,2.292243003845215,-4.7608042223146185e-05,2.4827042580000125e-05,0.15190455317497253,0.9871439933776855
scoop_total32g_09191431_set3,scoop,scoop_total_32g,32,10,8,732.138,-0.49205482006073,1.8701809644699097,2.238612651824951,-4.784009433933534e-05,2.494805448804982e-05,0.15264497697353363,0.9898831248283386
scoop_total32g_09191431_set3,scoop,scoop_total_32g,32,10,9,732.957,-0.49607545137405396,1.8825428485870361,2.2737042903900146,-4.846942829317413e-05,2.527624565118458e-05,0.15465301275253296,0.9825107455253601
scoop_total32g_09191431_set3,scoop,scoop_total_32g,32,10,10,733.777,-0.5098322629928589,1.8804875612258911,2.259561777114868,-4.7068780986592174e-05,2.454582318023313e-05,0.15018391609191895,0.9959975481033325
scoop_total32g_09191431_set3,scoop,scoop_total_32g,32,11,1,735.597,-0.44916683435440063,1.8352376222610474,2.250856399536133,-4.620520485332236e-05,2.409547960269265e-05,0.1474284827709198,0.9826676845550537
scoop_total32g_09191431_set3,scoop,scoop_total_32g,32,11,2,736.421,-0.4324553310871124,1.7806007862091064,2.2799904346466064,-4.725535836769268e-05,2.46431227424182e-05,0.15077924728393555,0.9937185645103455
scoop_total32g_09191431_set3,scoop,scoop_total_32g,32,11,3,737.237,-0.39839377999305725,1.7969247102737427,2.3056650161743164,-4.7780828026589006e-05,2.4917149858083576e-05,0.1524558812379837,1.0033506155014038
scoop_total32g_09191431_set3,scoop,scoop_total_32g,32,11,4,738.058,-0.36882284283638,1.8612703084945679,2.3890886306762695,-4.713224188890308e-05,2.45420123974327e-05,0.15033866465091705,1.0040762424468994
scoop_total32g_09191431_set3,scoop,scoop_total_32g,32,11,5,738.880,-0.4200209975242615,1.8202075958251953,2.465601921081543,-4.848674143431708e-05,2.528527329559438e-05,0.15470825135707855,1.0026507377624512
scoop_total32g_09191431_set3,scoop,scoop_total_32g,32,11,6,739.698,-0.40172654390335083,1.824814796447754,2.4153122901916504,-4.746044214698486e-05,2.475007022439968e-05,0.15143360197544098,0.9938058853149414
scoop_total32g_09191431_set3,scoop,scoop_total_32g,32,11,7,740.517,-0.38204288482666016,1.801196575164795,2.3756039142608643,-4.781706229550764e-05,2.4936043701018207e-05,0.15257148444652557,0.9825056791305542
scoop_total32g_09191431_set3,scoop,scoop_total_32g,32,11,8,741.339,-0.4085131287574768,1.8026901483535767,2.34648060798645,-4.703128433902748e-05,2.4526270863134414e-05,0.15006428956985474,1.0011484622955322
scoop_total32g_09191431_set3,scoop,scoop_total_32g,32,11,9,742.158,-0.6138356924057007,1.8874651193618774,2.345621347427368,-4.6890327212167904e-05,2.4452763682347722e-05,0.14961452782154083,1.0072872638702393
scoop_total32g_09191431_set3,scoop,scoop_total_32g,32,11,10,742.978,-0.5162214636802673,1.8766443729400635,2.383941888809204,-4.793752668774687e-05,2.499886613804847e-05,0.15295585989952087,1.0009373426437378
scoop_total32g_09191431_set3,scoop,scoop_total_32g,32,12,1,744.797,-0.573685348033905,1.8543829917907715,2.3026974201202393,-4.786034696735442e-05,2.495861735951621e-05,0.15270960330963135,1.0048012733459473
scoop_total32g_09191431_set3,scoop,scoop_total_32g,32,12,2,745.618,-0.6378915905952454,1.9063876867294312,2.3606817722320557,-4.818967136088759e-05,2.513035542506259e-05,0.1537603884935379,0.988590657711029
scoop_total32g_09191431_set3,scoop,scoop_total_32g,32,12,3,746.438,-0.5920931696891785,2.0591368675231934,2.439932346343994,-4.829799945582636e-05,2.518684595997911e-05,0.1541060209274292,0.9929761290550232
scoop_total32g_09191431_set3,scoop,scoop_total_32g,32,12,4,747.258,-0.5643717050552368,1.937507152557373,2.242816925048828,-4.741153315990232e-05,2.4724566173972562e-05,0.151277557015419,0.9873484373092651
scoop_total32g_09191431_set3,scoop,scoop_total_32g,32,12,5,748.078,-0.5656147003173828,1.879165530204773,2.2406158447265625,-4.766297570313327e-05,2.485568984411657e-05,0.15207983553409576,0.9917516708374023
scoop_total32g_09191431_set3,scoop,scoop_total_32g,32,12,6,748.898,-0.550618588924408,1.8746188879013062,2.3279385566711426,-4.814687417820096e-05,2.51078927249182e-05,0.15362364053726196,1.0107320547103882
scoop_total32g_09191431_set3,scoop,scoop_total_32g,32,12,7,749.718,-0.5967546701431274,1.8873116970062256,2.4034969806671143,-4.809735037270002e-05,2.508221223251894e-05,0.15346580743789673,0.9942253828048706
scoop_total32g_09191431_set3,scoop,scoop_total_32g,32,12,8,750.539,-0.45937100052833557,1.8313040733337402,2.325981378555298,-4.659223122871481e-05,2.4297309209941886e-05,0.14866338670253754,0.9962100386619568
scoop_total32g_09191431_set3,scoop,scoop_total_32g,32,12,9,751.358,-0.3883957266807556,1.800696849822998,2.320470094680786,-4.7689813072793186e-05,2.486968514858745e-05,0.1521654725074768,1.0048612356185913
scoop_total32g_09191431_set3,scoop,scoop_total_32g,32,12,10,752.178,-0.3776440918445587,1.7673795223236084,2.3929672241210938,-4.777973663294688e-05,2.4916580514400266e-05,0.15245239436626434,1.0056065320968628
scoop_total32g_09191431_set3,scoop,scoop_total_32g,32,13,1,753.999,-0.3103838860988617,1.7841633558273315,2.3816967010498047,-4.7369056119350716e-05,2.470241452101618e-05,0.15114203095436096,0.9973541498184204
scoop_total32g_09191431_set3,scoop,scoop_total_32g,32,13,2,754.817,-0.3158113956451416,1.7629790306091309,2.3168327808380127,-4.76425229862798e-05,2.4845023290254176e-05,0.1520145684480667,0.9993619322776794
scoop_total32g_09191431_set3,scoop,scoop_total_32g,32,13,3,755.638,-0.38493260741233826,1.8202543258666992,2.364670991897583,-4.770703526446596e-05,2.4878665499272756e-05,0.15222041308879852,1.0263924598693848
scoop_total32g_09191431_set3,scoop,scoop_total_32g,32,13,4,756.457,-0.4253639876842499,1.8591182231903076,2.3409926891326904,-4.809988968190737e-05,2.5083536456804723e-05,0.15347391366958618,1.0097287893295288
scoop_total32g_09191431_set3,scoop,scoop_total_32g,32,13,5,757.277,-0.43749183416366577,1.8303495645523071,2.3373167514801025,-4.751492815557867e-05,2.4778484657872468e-05,0.1516074538230896,1.0046608448028564
scoop_total32g_09191431_set3,scoop,scoop_total_32g,32,13,6,758.097,-0.498909056186676,1.8560748100280762,2.340273857116699,-4.83573749079369e-05,2.521781061659567e-05,0.15429547429084778,1.0011415481567383
scoop_total32g_09191431_set3,scoop,scoop_total_32g,32,13,7,758.919,-0.5897606611251831,1.8810378313064575,2.3768975734710693,-4.8187397624133155e-05,2.5127284970949404e-05,0.1537506878376007,1.0096949338912964
scoop_total32g_09191431_set3,scoop,scoop_total_32g,32,13,8,759.740,-0.6271488666534424,1.8986824750900269,2.2824559211730957,-4.826514486921951e-05,2.5169714717776515e-05,0.15400120615959167,0.983252227306366
scoop_total32g_09191431_set3,scoop,scoop_total_32g,32,13,9,760.564,-0.6179519295692444,1.8977047204971313,2.339773654937744,-4.802745388587937e-05,2.5045761503861286e-05,0.1532427966594696,0.9777807593345642
scoop_total32g_09191431_set3,scoop,scoop_total_32g,32,13,10,761.377,-0.5881799459457397,1.8814947605133057,2.2391517162323,-4.687020555138588e-05,2.4442269932478666e-05,0.14955031871795654,1.0117135047912598
scoop_total32g_09191431_set3,scoop,scoop_total_32g,32,14,1,763.197,-0.5796007513999939,1.8999863862991333,2.373176336288452,-4.6088334784144536e-05,2.403453254373744e-05,0.14705558121204376,0.9944767951965332
scoop_total32g_09191431_set3,scoop,scoop_total_32g,32,14,2,764.020,-0.5268174409866333,1.8726513385772705,2.3404133319854736,-4.858381726080552e-05,2.5335897589684464e-05,0.15501800179481506,0.9931296706199646
scoop_total32g_09191431_set3,scoop,scoop_total_32g,32,14,3,764.838,-0.43578752875328064,1.8443963527679443,2.309532642364502,-4.777868161909282e-05,2.4916027541621588e-05,0.15244902670383453,1.0024676322937012
scoop_total32g_09191431_set3,scoop,scoop_total_32g,32,14,4,765.660,-0.4550773799419403,1.8481885194778442,2.392909049987793,-4.770303348777816e-05,2.487657911842689e-05,0.1522076576948166,1.0071070194244385
scoop_total32g_09191431_set3,scoop,scoop_total_32g,32,14,5,766.478,-0.44171130657196045,1.8383010625839233,2.444730281829834,-4.8286354285664856e-05,2.5180774173350073e-05,0.15406887233257294,0.9951962828636169
scoop_total32g_09191431_set3,scoop,scoop_total_32g,32,14,6,767.300,-0.39099565148353577,1.7981592416763306,2.3479807376861572,-4.782682299264707e-05,2.4941133233369328e-05,0.15260262787342072,0.9963339567184448
scoop_total32g_09191431_set3,scoop,scoop_total_32g,32,14,7,768.117,-0.3844609558582306,1.7848843336105347,2.3651647567749023,-4.826200529350899e-05,2.5168077627313323e-05,0.1539911925792694,1.0037673711776733
scoop_total32g_09191431_set3,scoop,scoop_total_32g,32,14,8,768.938,-0.39284583926200867,1.804358959197998,2.3454339504241943,-4.724640166386962e-05,2.4479282728862017e-05,0.15054476261138916,0.993475079536438
scoop_total32g_09191431_set3,scoop,scoop_total_32g,32,14,9,769.757,-0.4069160223007202,1.7834535837173462,2.3210670948028564,-4.7879449994070455e-05,2.4968578145490028e-05,0.15277054905891418,0.9859932065010071
scoop_total32g_09191431_set3,scoop,scoop_total_32g,32,14,10,770.578,-0.4558238387107849,1.8447728157043457,2.337867021560669,-4.811037433682941e-05,2.5089002519962378e-05,0.15350736677646637,0.9875175356864929
scoop_total32g_09191431_set3,scoop,scoop_total_32g,32,15,1,772.401,-0.3684617877006531,1.7761902809143066,2.328580617904663,-4.671786882681772e-05,2.4362827389268205e-05,0.14906425774097443,0.9847651720046997
scoop_total32g_09191431_set3,scoop,scoop_total_32g,32,15,2,773.217,-0.513029158115387,1.8617229461669922,2.221682071685791,-4.776997593580745e-05,2.491148916305974e-05,0.1524212509393692,0.997051477432251
scoop_total32g_09191431_set3,scoop,scoop_total_32g,32,15,3,774.038,-0.4580084979534149,1.830141544342041,2.346402406692505,-4.723196616396308e-05,2.462002885295078e-05,0.15069051086902618,0.9967566728591919
scoop_total32g_09191431_set3,scoop,scoop_total_32g,32,15,4,774.860,-0.47258201241493225,1.8108781576156616,2.324167013168335,-4.7539131628582254e-05,2.4791106625343673e-05,0.1516846865415573,0.9943921566009521
scoop_total32g_09191431_set3,scoop,scoop_total_32g,32,15,5,775.680,-0.33880415558815,1.754262089729309,2.3462042808532715,-4.712097506853752e-05,2.457304253766779e-05,0.1503504514694214,1.0040626525878906
scoop_total32g_09191431_set3,scoop,scoop_total_32g,32,15,6,776.497,-0.40396884083747864,1.8325386047363281,2.435563564300537,-4.728749627247453e-05,2.465988291078247e-05,0.1508817970752716,1.0016008615493774
scoop_total32g_09191431_set3,scoop,scoop_total_32g,32,15,7,777.317,-0.5264216661453247,1.878171682357788,2.3918185234069824,-4.690819332608953e-05,2.4462080546072684e-05,0.1496715396642685,1.0004327297210693
scoop_total32g_09191431_set3,scoop,scoop_total_32g,32,15,8,778.138,-0.4597204923629761,1.8320258855819702,2.27135968208313,-4.7704088501632214e-05,2.487712845322676e-05,0.1522110104560852,0.990289032459259
scoop_total32g_09191431_set3,scoop,scoop_total_32g,32,15,9,778.957,-0.5820855498313904,1.8746877908706665,2.2789242267608643,-4.788416117662564e-05,2.497103560017422e-05,0.15278558433055878,0.9820643663406372
scoop_total32g_09191431_set3,scoop,scoop_total_32g,32,15,10,779.778,-0.4675337076187134,1.8434704542160034,2.366830587387085,-4.784284101333469e-05,2.494418731657788e-05,0.15264688432216644,1.00523042678833
scoop_total32g_09191431_set3,scoop,scoop_total_32g,32,16,1,781.600,-0.3677363991737366,1.7920763492584229,2.287257194519043,-4.77706671517808e-05,2.4911851141951047e-05,0.1524234563112259,0.9968861937522888
scoop_total32g_09191431_set3,scoop,scoop_total_32g,32,16,2,782.417,-0.47002682089805603,1.8381736278533936,2.2616689205169678,-4.761084710480645e-05,2.4828505047480576e-05,0.15191350877285004,0.9907519221305847
scoop_total32g_09191431_set3,scoop,scoop_total_32g,32,16,3,783.238,-0.5039274096488953,1.8576709032058716,2.335339307785034,-4.730135697172955e-05,2.466710975568276e-05,0.15092600882053375,0.9988637566566467
scoop_total32g_09191431_set3,scoop,scoop_total_32g,32,16,4,784.060,-0.5110259056091309,1.8663244247436523,2.343323230743408,-4.733278910862282e-05,2.4683502488187514e-05,0.15102630853652954,0.9959184527397156
scoop_total32g_09191431_set3,scoop,scoop_total_32g,32,16,5,784.878,-0.48707297444343567,1.8392657041549683,2.3027312755584717,-4.7272627853089944e-05,2.4652128558955155e-05,0.1508343517780304,0.9901537895202637
scoop_total32g_09191431_set3,scoop,scoop_total_32g,32,16,6,785.697,-0.44511935114860535,1.8090161085128784,2.31469464302063,-4.7648398322053254e-05,2.484808828739915e-05,0.15203332901000977,0.9902170300483704
scoop_total32g_09191431_set3,scoop,scoop_total_32g,32,16,7,786.517,-0.4905321002006531,1.8468992710113525,2.3756771087646484,-4.871335477218963e-05,2.540345121815335e-05,0.15543133020401,1.0104914903640747
scoop_total32g_09191431_set3,scoop,scoop_total_32g,32,16,8,787.338,-0.6316927671432495,1.8996224403381348,2.362443447113037,-4.715930481324904e-05,2.4593031412223354e-05,0.1504727602005005,0.9962863326072693
scoop_total32g_09191431_set3,scoop,scoop_total_32g,32,16,9,788.157,-0.5534217953681946,1.873892068862915,2.2916109561920166,-4.7206089220708236e-05,2.461742769810371e-05,0.15062204003334045,0.9893134236335754
scoop_total32g_09191431_set3,scoop,scoop_total_32g,32,16,10,788.977,-0.5848807096481323,1.9153317213058472,2.259657859802246,-4.669800182455219e-05,2.435246824461501e-05,0.1490008682012558,1.0013823509216309
scoop_total32g_09191431_set3,scoop,scoop_total_32g,32,17,1,790.800,-0.44862785935401917,1.824587345123291,2.3649587631225586,-4.8222096665995196e-05,2.514726475055795e-05,0.1538638472557068,0.9915468096733093
scoop_total32g_09191431_set3,scoop,scoop_total_32g,32,17,2,791.620,-0.40775465965270996,1.8080581426620483,2.31746244430542,-4.802955299965106e-05,2.5046854716492817e-05,0.15324948728084564,0.9972150921821594
scoop_total32g_09191431_set3,scoop,scoop_total_32g,32,17,3,792.441,-0.35033121705055237,1.7452634572982788,2.3259153366088867,-4.821382026420906e-05,2.514295010769274e-05,0.1538374423980713,1.0067663192749023
scoop_total32g_09191431_set3,scoop,scoop_total_32g,32,17,4,793.257,-0.3608913719654083,1.788624882698059,2.397962808609009,-4.7549274313496426e-05,2.4796396246529184e-05,0.15171705186367035,1.0116506814956665
scoop_total32g_09191431_set3,scoop,scoop_total_32g,32,17,5,794.078,-0.3911328911781311,1.772784948348999,2.433493137359619,-4.8352379963034764e-05,2.5215205823769793e-05,0.15427954494953156,1.0000207424163818
scoop_total32g_09191431_set3,scoop,scoop_total_32g,32,17,6,794.897,-0.35549667477607727,1.7689447402954102,2.396271228790283,-4.800437454832718e-05,2.5033725250978023e-05,0.1531691551208496,0.9966992735862732
scoop_total32g_09191431_set3,scoop,scoop_total_32g,32,17,7,795.716,-0.38707539439201355,1.7687183618545532,2.3232858180999756,-4.8393132601631805e-05,2.5173849280690774e-05,0.1543285846710205,0.9974352717399597
scoop_total32g_09191431_set3,scoop,scoop_total_32g,32,17,8,796.536,-0.48181283473968506,1.7941292524337769,2.3788700103759766,-4.7833331336732954e-05,2.4944529286585748e-05,0.15262340009212494,0.9826897978782654
scoop_total32g_09191431_set3,scoop,scoop_total_32g,32,17,9,797.356,-0.546058177947998,1.8300660848617554,2.4558420181274414,-4.805728531209752e-05,2.506131750124041e-05,0.1533379703760147,1.0084242820739746
scoop_total32g_09191431_set3,scoop,scoop_total_32g,32,17,10,798.177,-0.5495009422302246,1.8779329061508179,2.26857590675354,-4.8412006435683e-05,2.5246299628634006e-05,0.1544697880744934,1.0009324550628662
scoop_total32g_09191431_set3,scoop,scoop_total_32g,32,18,1,799.999,-0.6321098804473877,1.9200385808944702,2.2969484329223633,-4.859199907514267e-05,2.52615318458993e-05,0.15494239330291748,0.998932957649231
scoop_total32g_09191431_set3,scoop,scoop_total_32g,32,18,2,800.823,-0.6538221836090088,1.9288681745529175,2.3413450717926025,-4.705140963778831e-05,2.453676461300347e-05,0.15012849867343903,0.9936882853507996
scoop_total32g_09191431_set3,scoop,scoop_total_32g,32,18,3,801.647,-0.6097864508628845,1.8889820575714111,2.2871575355529785,-4.75607521366328e-05,2.480238072166685e-05,0.15175366401672363,0.9828336238861084
scoop_total32g_09191431_set3,scoop,scoop_total_32g,32,18,4,802.469,-0.5662474036216736,1.8803631067276,2.2700893878936768,-4.9102654884336516e-05,2.56064668064937e-05,0.15667347609996796,0.993807315826416
scoop_total32g_09191431_set3,scoop,scoop_total_32g,32,18,5,803.287,-0.5820902585983276,1.8666552305221558,2.3115456104278564,-4.780849121743813e-05,2.4931574444053695e-05,0.15254414081573486,0.996059000492096
scoop_total32g_09191431_set3,scoop,scoop_total_32g,32,18,6,804.106,-0.5472415089607239,1.8511066436767578,2.370171308517456,-4.742556484416127e-05,2.4731882149353623e-05,0.15132232010364532,0.9988702535629272
scoop_total32g_09191431_set3,scoop,scoop_total_32g,32,18,7,804.928,-0.506299614906311,1.8298754692077637,2.3617382049560547,-4.734429239761084e-05,2.4689499696251005e-05,0.15106301009655,0.9958879947662354
scoop_total32g_09191431_set3,scoop,scoop_total_32g,32,18,8,805.747,-0.41203832626342773,1.7796275615692139,2.3220632076263428,-4.8715264711063355e-05,2.540444620535709e-05,0.1554374098777771,0.9959046244621277
scoop_total32g_09191431_set3,scoop,scoop_total_32g,32,18,9,806.567,-0.3846675753593445,1.7629539966583252,2.3340530395507812,-4.656658711610362e-05,2.4283935999847017e-05,0.14858154952526093,1.0021761655807495
scoop_total32g_09191431_set3,scoop,scoop_total_32g,32,18,10,807.386,-0.3507688045501709,1.7735059261322021,2.349888324737549,-4.7847403038758785e-05,2.4951867089839652e-05,0.152668297290802,1.0027310848236084
scoop_total32g_09191431_set3,scoop,scoop_total_32g,32,19,1,809.207,-0.37437573075294495,1.7999509572982788,2.4070723056793213,-4.820608955924399e-05,2.513891740818508e-05,0.15381278097629547,0.9911941289901733
scoop_total32g_09191431_set3,scoop,scoop_total_32g,32,19,2,810.027,-0.38095593452453613,1.796305537223816,2.3227925300598145,-4.829798126593232e-05,2.5186838684021495e-05,0.15410597622394562,0.9979734420776367
scoop_total32g_09191431_set3,scoop,scoop_total_32g,32,19,3,810.847,-0.4124819040298462,1.812140941619873,2.377044677734375,-4.72948195238132e-05,2.4663302610861138e-05,0.15090464055538177,0.9866488575935364
scoop_total32g_09191431_set3,scoop,scoop_total_32g,32,19,4,811.667,-0.4580268859863281,1.83746337890625,2.35992169380188,-4.8049361794255674e-05,2.5057186576304957e-05,0.15331269800662994,0.990564227104187
scoop_total32g_09191431_set3,scoop,scoop_total_32g,32,19,5,812.488,-0.518231213092804,1.8934904336929321,2.3322653770446777,-4.766126585309394e-05,2.485479853930883e-05,0.15207438170909882,0.9858104586601257
scoop_total32g_09191431_set3,scoop,scoop_total_32g,32,19,6,813.309,-0.5675099492073059,1.8911752700805664,2.314595937728882,-4.735036418423988e-05,2.4692666556802578e-05,0.151082381606102,0.9966946244239807
scoop_total32g_09191431_set3,scoop,scoop_total_32g,32,19,7,814.128,-0.4651254415512085,1.829119324684143,2.289414167404175,-4.819568493985571e-05,2.5133491362794302e-05,0.15377956628799438,0.997714638710022
scoop_total32g_09191431_set3,scoop,scoop_total_32g,32,19,8,814.946,-0.5162938833236694,1.8785001039505005,2.3129594326019287,-4.750722291646525e-05,2.477446832926944e-05,0.15158288180828094,0.9929193258285522
scoop_total32g_09191431_set3,scoop,scoop_total_32g,32,19,9,815.768,-0.523293673992157,1.8859535455703735,2.257129669189453,-4.7658555558882654e-05,2.4853385184542276e-05,0.15206573903560638,0.9900352954864502
scoop_total32g_09191431_set3,scoop,scoop_total_32g,32,19,10,816.586,-0.5275567173957825,1.8518102169036865,2.2708115577697754,-4.844281284022145e-05,2.5262366762035526e-05,0.15456809103488922,0.9996582269668579
scoop_total32g_09191431_set3,scoop,scoop_total_32g,32,20,1,818.406,-0.47889193892478943,1.8422894477844238,2.3749706745147705,-4.864749644184485e-05,2.5369106879225e-05,0.15522117912769318,0.9966634511947632
scoop_total32g_09191431_set3,scoop,scoop_total_32g,32,20,2,819.227,-0.4381401538848877,1.826576828956604,2.352311372756958,-4.774400076712482e-05,2.4897943148971535e-05,0.15233837068080902,0.9989542365074158
scoop_total32g_09191431_set3,scoop,scoop_total_32g,32,20,3,820.047,-0.44385889172554016,1.8023738861083984,2.350205659866333,-4.726151018985547e-05,2.464632962073665e-05,0.15079887211322784,1.002489447593689
scoop_total32g_09191431_set3,scoop,scoop_total_32g,32,20,4,820.867,-0.45308718085289,1.850860595703125,2.4131271839141846,-4.776380956172943e-05,2.4908105842769146e-05,0.15240135788917542,1.007339358329773
scoop_total32g_09191431_set3,scoop,scoop_total_32g,32,20,5,821.687,-0.45221537351608276,1.8277761936187744,2.4250166416168213,-4.786789941135794e-05,2.4962555471574888e-05,0.1527336984872818,0.9908421039581299
scoop_total32g_09191431_set3,scoop,scoop_total_32g,32,20,6,822.507,-0.4400468170642853,1.8599618673324585,2.3242053985595703,-4.701100260717794e-05,2.4515693439752795e-05,0.14999957382678986,0.9926936626434326
scoop_total32g_09191431_set3,scoop,scoop_total_32g,32,20,7,823.328,-0.4652945399284363,1.838889241218567,2.3391809463500977,-4.653380165109411e-05,2.426683931844309e-05,0.14847694337368011,1.0059577226638794
scoop_total32g_09191431_set3,scoop,scoop_total_32g,32,20,8,824.147,-0.5040552616119385,1.8324145078659058,2.370114803314209,-4.7649045882280916e-05,2.484842661942821e-05,0.1520354002714157,0.996571958065033
scoop_total32g_09191431_set3,scoop,scoop_total_32g,32,20,9,824.967,-0.5005729794502258,1.86670982837677,2.3648295402526855,-4.951031587552279e-05,2.581905573606491e-05,0.1579742133617401,0.9594018459320068
scoop_total32g_09191431_set3,scoop,scoop_total_32g,32,20,10,825.787,-0.5728473663330078,1.8431462049484253,2.2780869007110596,-4.7334946430055425e-05,2.4684626623638906e-05,0.1510331928730011,0.979302167892456
scoop_total32g_09191431_set3,scoop,scoop_total_32g,32,21,1,827.610,-0.5499114990234375,1.8596123456954956,2.291317939758301,-4.7476598410867155e-05,2.4758495783316903e-05,0.1514851599931717,0.9895905256271362
scoop_total32g_09191431_set3,scoop,scoop_total_32g,32,21,2,828.430,-0.5400886535644531,1.867349624633789,2.330122232437134,-4.7538629587506875e-05,2.4790846509858966e-05,0.15168309211730957,1.0019168853759766
scoop_total32g_09191431_set3,scoop,scoop_total_32g,32,21,3,829.250,-0.4631113111972809,1.861834168434143,2.2147343158721924,-4.83297226310242e-05,2.5203391487593763e-05,0.1542072594165802,0.9877554774284363
scoop_total32g_09191431_set3,scoop,scoop_total_32g,32,21,4,830.070,-0.4699212908744812,1.804785966873169,2.285090446472168,-4.7125518904067576e-05,2.457541268086061e-05,0.150364950299263,0.9800267815589905
scoop_total32g_09191431_set3,scoop,scoop_total_32g,32,21,5,830.887,-0.46045926213264465,1.8048977851867676,2.337463617324829,-4.837780579691753e-05,2.5185290724039078e-05,0.15430481731891632,1.0104074478149414
scoop_total32g_09191431_set3,scoop,scoop_total_32g,32,21,6,831.710,-0.38193172216415405,1.8443293571472168,2.418067216873169,-4.810384052689187e-05,2.5085593733820133e-05,0.15348652005195618,0.9890874624252319
scoop_total32g_09191431_set3,scoop,scoop_total_32g,32,21,7,832.528,-0.3870352506637573,1.7734839916229248,2.3329343795776367,-4.7482040827162564e-05,2.4761333406786434e-05,0.15150251984596252,0.9898630380630493
scoop_total32g_09191431_set3,scoop,scoop_total_32g,32,21,8,833.347,-0.3571624159812927,1.7851033210754395,2.3369498252868652,-4.844253635383211e-05,2.5262223061872646e-05,0.15456721186637878,0.9913821220397949
scoop_total32g_09191431_set3,scoop,scoop_total_32g,32,21,9,834.166,-0.38619083166122437,1.7718185186386108,2.388152599334717,-4.6352044591913e-05,2.417205359961372e-05,0.14789700508117676,1.0070877075195312
scoop_total32g_09191431_set3,scoop,scoop_total_32g,32,21,10,834.986,-0.44613876938819885,1.7828186750411987,2.476637363433838,-4.755301779368892e-05,2.4798349841148593e-05,0.15172900259494781,0.9793418049812317
scoop_total32g_09191431_set3,scoop,scoop_total_32g,32,22,1,836.809,-0.471644788980484,1.8127353191375732,2.285536050796509,-4.874419391853735e-05,2.54195329034701e-05,0.15552972257137299,1.0047686100006104
scoop_total32g_09191431_set3,scoop,scoop_total_32g,32,22,2,837.627,-0.5312780141830444,1.8572653532028198,2.3278143405914307,-4.810557220480405e-05,2.50864995905431e-05,0.1534920483827591,0.9851445555686951
scoop_total32g_09191431_set3,scoop,scoop_total_32g,32,22,3,838.446,-0.5485615134239197,1.9213966131210327,2.4035589694976807,-4.916542093269527e-05,2.5639197701821104e-05,0.15687374770641327,0.9783356785774231
scoop_total32g_09191431_set3,scoop,scoop_total_32g,32,22,4,839.268,-0.5864223837852478,1.8835757970809937,2.2969448566436768,-4.7991568862926215e-05,2.5027047740877606e-05,0.15312829613685608,0.9906207323074341
scoop_total32g_09191431_set3,scoop,scoop_total_32g,32,22,5,840.088,-0.6842523813247681,1.7620375156402588,2.289081335067749,-4.6745510189794004e-05,2.4377242880291305e-05,0.1491524577140808,1.0047825574874878
scoop_total32g_09191431_set3,scoop,scoop_total_32g,32,22,6,840.910,-0.6704530715942383,1.8650966882705688,2.3264200687408447,-4.661570710595697e-05,2.430955100862775e-05,0.14873827993869781,0.9877837300300598
scoop_total32g_09191431_set3,scoop,scoop_total_32g,32,22,7,841.730,-0.6732216477394104,1.9039682149887085,2.411409616470337,-4.874382648267783e-05,2.5419340090593323e-05,0.15552854537963867,1.0075751543045044
scoop_total32g_09191431_set3,scoop,scoop_total_32g,32,22,8,842.546,-0.5740693807601929,1.8447738885879517,2.2392289638519287,-4.78946058137808e-05,2.4976483473437838e-05,0.15281891822814941,0.9815996289253235
scoop_total32g_09191431_set3,scoop,scoop_total_32g,32,22,9,843.368,-0.5086192488670349,1.8682857751846313,2.2307021617889404,-4.7270663344534114e-05,2.465110446792096e-05,0.15082807838916779,0.9741901159286499
scoop_total32g_09191431_set3,scoop,scoop_total_32g,32,22,10,844.189,-0.6301764845848083,1.9049322605133057,2.25291109085083,-4.8605634219711646e-05,2.5347275368403643e-05,0.15508760511875153,1.000944972038269
scoop_total32g_09191431_set3,scoop,scoop_total_32g,32,23,1,846.006,-0.46294084191322327,1.8567155599594116,2.3941550254821777,-4.863160938839428e-05,2.536082138249185e-05,0.1551704853773117,1.004557490348816
scoop_total32g_09191431_set3,scoop,scoop_total_32g,32,23,2,846.830,-0.5144726634025574,1.841927409172058,2.433241128921509,-4.796218854608014e-05,2.501172639313154e-05,0.15303455293178558,0.9977823495864868
scoop_total32g_09191431_set3,scoop,scoop_total_32g,32,23,3,847.649,-0.6485335230827332,1.9357349872589111,2.3430609703063965,-4.7409062972292304e-05,2.472327832947485e-05,0.15126967430114746,0.9854422807693481
scoop_total32g_09191431_set3,scoop,scoop_total_32g,32,23,4,848.466,-0.6480082273483276,1.9379113912582397,2.2948129177093506,-4.796388384420425e-05,2.5012610421981663e-05,0.15303996205329895,0.9871487617492676
scoop_total32g_09191431_set3,scoop,scoop_total_32g,32,23,5,849.289,-0.6310932636260986,1.8928693532943726,2.3185508251190186,-4.905744208372198e-05,2.5582887246855535e-05,0.15652920305728912,1.002577304840088
scoop_total32g_09191431_set3,scoop,scoop_total_32g,32,23,6,850.106,-0.5284700393676758,1.8579561710357666,2.37306547164917,-4.749341314891353e-05,2.4767265131231397e-05,0.15153880417346954,1.006145715713501
scoop_total32g_09191431_set3,scoop,scoop_total_32g,32,23,7,850.926,-0.3607943654060364,1.792030692100525,2.3866069316864014,-4.7773875849088654e-05,2.4913522793212906e-05,0.15243369340896606,1.0078370571136475
scoop_total32g_09191431_set3,scoop,scoop_total_32g,32,23,8,851.746,-0.41799917817115784,1.8022578954696655,2.413213014602661,-4.762435855809599e-05,2.4819302780088037e-05,0.1519356071949005,0.9915309548377991
scoop_total32g_09191431_set3,scoop,scoop_total_32g,32,23,9,852.569,-0.5978438258171082,1.8961608409881592,2.2880258560180664,-4.9111375119537115e-05,2.5611014280002564e-05,0.15670129656791687,0.9787425398826599
scoop_total32g_09191431_set3,scoop,scoop_total_32g,32,23,10,853.389,-0.5505256056785583,1.8717715740203857,2.2286243438720703,-4.887436080025509e-05,2.548741213104222e-05,0.1559450477361679,0.9888065457344055
scoop_total32g_09191431_set3,scoop,scoop_total_32g,32,24,1,855.206,-0.38641786575317383,1.8262126445770264,2.441269874572754,-4.760044612339698e-05,2.4823080821079202e-05,0.15188032388687134,1.0037567615509033
scoop_total32g_09191431_set3,scoop,scoop_total_32g,32,24,2,856.029,-0.4772564768791199,1.829742670059204,2.402723789215088,-4.814420753973536e-05,2.5106646717176773e-05,0.1536153107881546,0.989977240562439
scoop_total32g_09191431_set3,scoop,scoop_total_32g,32,24,3,856.846,-0.4579935073852539,1.8321268558502197,2.3135082721710205,-4.7875433665467426e-05,2.4966484488686547e-05,0.15275773406028748,0.9926794171333313
scoop_total32g_09191431_set3,scoop,scoop_total_32g,32,24,4,857.667,-0.5143515467643738,1.8654941320419312,2.2888009548187256,-4.89360791107174e-05,2.551959732954856e-05,0.1561419665813446,0.9966720342636108
scoop_total32g_09191431_set3,scoop,scoop_total_32g,32,24,5,858.490,-0.6521543860435486,1.9329590797424316,2.3383901119232178,-4.8452700866619125e-05,2.5267521778005175e-05,0.1545996367931366,1.0104966163635254
scoop_total32g_09191431_set3,scoop,scoop_total_32g,32,24,6,859.306,-0.47319722175598145,1.8704029321670532,2.415769338607788,-4.854627331951633e-05,2.53163198067341e-05,0.15489821135997772,1.001352310180664
scoop_total32g_09191431_set3,scoop,scoop_total_32g,32,24,7,860.127,-0.42293480038642883,1.8491380214691162,2.3388330936431885,-4.68587240902707e-05,2.4436281819362193e-05,0.14951367676258087,0.9954293966293335
scoop_total32g_09191431_set3,scoop,scoop_total_32g,32,24,8,860.946,-0.4087463915348053,1.8104459047317505,2.3489186763763428,-4.8196354327956215e-05,2.5133840608759783e-05,0.1537817120552063,1.0042757987976074
scoop_total32g_09191431_set3,scoop,scoop_total_32g,32,24,9,861.767,-0.4265630543231964,1.8023289442062378,2.396623134613037,-4.888534022029489e-05,2.5493140128673986e-05,0.15598008036613464,1.0087125301361084
scoop_total32g_09191431_set3,scoop,scoop_total_32g,32,24,10,862.590,-0.44545698165893555,1.8380616903305054,2.422639846801758,-4.822947448701598e-05,2.5151113732135855e-05,0.15388739109039307,0.9989341497421265
scoop_total32g_09191431_set3,scoop,scoop_total_32g,32,25,1,864.407,-0.4654504358768463,1.811040997505188,2.317323923110962,-4.831674959859811e-05,2.5196626666001976e-05,0.1541658639907837,0.9985915422439575
scoop_total32g_09191431_set3,scoop,scoop_total_32g,32,25,2,865.228,-0.5274038910865784,1.8360153436660767,2.339320659637451,-4.828354940400459e-05,2.5179311705869623e-05,0.15405991673469543,0.9957560300827026
scoop_total32g_09191431_set3,scoop,scoop_total_32g,32,25,3,866.049,-0.5149591565132141,1.8337883949279785,2.3369667530059814,-4.795448694494553e-05,2.500771006452851e-05,0.15300998091697693,0.9844899773597717
scoop_total32g_09191431_set3,scoop,scoop_total_32g,32,25,4,866.869,-0.5014855861663818,1.833983063697815,2.2503347396850586,-4.775866909767501e-05,2.4905591999413446e-05,0.1523851752281189,0.9881994128227234
scoop_total32g_09191431_set3,scoop,scoop_total_32g,32,25,5,867.687,-0.5312579870223999,1.8214722871780396,2.2447690963745117,-4.9574482545722276e-05,2.585251786513254e-05,0.15817894041538239,0.9958122372627258
scoop_total32g_09191431_set3,scoop,scoop_total_32g,32,25,6,868.507,-0.5368967056274414,1.8547323942184448,2.317765951156616,-4.7913177695591e-05,2.4986167773022316e-05,0.15287816524505615,0.9946030378341675
scoop_total32g_09191431_set3,scoop,scoop_total_32g,32,25,7,869.330,-0.5330665707588196,1.8488370180130005,2.3288841247558594,-4.73381660412997e-05,2.468630555085838e-05,0.15104345977306366,0.9866496324539185
scoop_total32g_09191431_set3,scoop,scoop_total_32g,32,25,8,870.146,-0.4756094515323639,1.854319453239441,2.2498257160186768,-4.784132033819333e-05,2.4948692953330465e-05,0.15264888107776642,0.9918012619018555
scoop_total32g_09191431_set3,scoop,scoop_total_32g,32,25,9,870.968,-0.456358402967453,1.816633939743042,2.2620818614959717,-4.840661495109089e-05,2.5243489290005527e-05,0.1544525921344757,0.999139666557312
scoop_total32g_09191431_set3,scoop,scoop_total_32g,32,25,10,871.790,-0.46075302362442017,1.8350766897201538,2.3610222339630127,-4.791135143022984e-05,2.498521462257486e-05,0.15287233889102936,1.0044150352478027
scoop_total32g_09191431_set3,scoop,scoop_total_32g,32,26,1,873.607,-0.40635889768600464,1.8001189231872559,2.3286032676696777,-4.75171982543543e-05,2.4779668819974177e-05,0.151614710688591,0.9920535683631897
scoop_total32g_09191431_set3,scoop,scoop_total_32g,32,26,2,874.427,-0.3926700949668884,1.786500334739685,2.348722457885742,-4.8412213800475e-05,2.524640876799822e-05,0.15447045862674713,1.0029000043869019
scoop_total32g_09191431_set3,scoop,scoop_total_32g,32,26,3,875.248,-0.444618821144104,1.8265700340270996,2.425405979156494,-4.832838385482319e-05,2.52026929956628e-05,0.15420298278331757,1.0041784048080444
scoop_total32g_09191431_set3,scoop,scoop_total_32g,32,26,4,876.068,-0.48182350397109985,1.8594870567321777,2.421626329421997,-4.8692549171391875e-05,2.53926009463612e-05,0.15536493062973022,0.9923287034034729
scoop_total32g_09191431_set3,scoop,scoop_total_32g,32,26,5,876.889,-0.46296998858451843,1.784686803817749,2.317957878112793,-4.946876288158819e-05,2.579738611530047e-05,0.15784162282943726,0.9895421862602234
scoop_total32g_09191431_set3,scoop,scoop_total_32g,32,26,6,877.708,-0.5115233659744263,1.8380579948425293,2.285032272338867,-4.795179847860709e-05,2.5006307623698376e-05,0.15300139784812927,0.9937869310379028
scoop_total32g_09191431_set3,scoop,scoop_total_32g,32,26,7,878.528,-0.588244616985321,1.8770595788955688,2.3353271484375,-4.942510349792428e-05,2.577461964392569e-05,0.15770231187343597,0.9948298335075378
scoop_total32g_09191431_set3,scoop,scoop_total_32g,32,26,8,879.347,-0.6347214579582214,1.8580245971679688,2.3409717082977295,-4.8449299356434494e-05,2.5265748263336718e-05,0.15458878874778748,0.9894949793815613
scoop_total32g_09191431_set3,scoop,scoop_total_32g,32,26,9,880.171,-0.6052535176277161,1.8839662075042725,2.2720069885253906,-4.757458373205736e-05,2.480959301465191e-05,0.1517978012561798,0.9849447011947632
scoop_total32g_09191431_set3,scoop,scoop_total_32g,32,26,10,880.990,-0.6206722855567932,1.882368564605713,2.2287423610687256,-4.7989167796913534e-05,2.5025794457178563e-05,0.15312062203884125,0.9943053722381592
scoop_total32g_09191431_set3,scoop,scoop_total_32g,32,27,1,882.806,-0.580998957157135,1.8613353967666626,2.341989040374756,-4.793992411578074e-05,2.4963805117295124e-05,0.1529165357351303,0.9976298213005066
scoop_total32g_09191431_set3,scoop,scoop_total_32g,32,27,2,883.628,-0.5618978142738342,1.8515806198120117,2.3676507472991943,-4.754896508529782e-05,2.479623435647227e-05,0.15171606838703156,1.000011920928955
scoop_total32g_09191431_set3,scoop,scoop_total_32g,32,27,3,884.448,-0.5221526026725769,1.8556804656982422,2.3513119220733643,-4.8552374209975824e-05,2.53195012192009e-05,0.1549176722764969,1.000751256942749
scoop_total32g_09191431_set3,scoop,scoop_total_32g,32,27,4,885.268,-0.41731154918670654,1.7574563026428223,2.3266096115112305,-4.773680120706558e-05,2.4894188754842617e-05,0.1523153930902481,1.019283652305603
scoop_total32g_09191431_set3,scoop,scoop_total_32g,32,27,5,886.088,-0.40303415060043335,1.791853427886963,2.4589662551879883,-4.832666672882624e-05,2.5201796233886853e-05,0.15419749915599823,1.0041203498840332
scoop_total32g_09191431_set3,scoop,scoop_total_32g,32,27,6,886.909,-0.37735599279403687,1.7744990587234497,2.3866984844207764,-4.877040191786364e-05,2.5433200789848343e-05,0.15561334788799286,1.0007054805755615
scoop_total32g_09191431_set3,scoop,scoop_total_32g,32,27,7,887.730,-0.38042476773262024,1.7593618631362915,2.4160075187683105,-4.822024857276119e-05,2.5146300686174072e-05,0.15385794639587402,0.9969102740287781
scoop_total32g_09191431_set3,scoop,scoop_total_32g,32,27,8,888.549,-0.34797507524490356,1.7268954515457153,2.3253893852233887,-4.952645758748986e-05,2.582747401902452e-05,0.15802571177482605,0.9952581524848938
scoop_total32g_09191431_set3,scoop,scoop_total_32g,32,27,9,889.366,-0.34989655017852783,1.7582508325576782,2.331162452697754,-4.836384687223472e-05,2.522118666092865e-05,0.15431612730026245,0.9960504174232483
scoop_total32g_09191431_set3,scoop,scoop_total_32g,32,27,10,890.186,-0.44566717743873596,1.724795937538147,2.4101309776306152,-4.704174352809787e-05,2.4531724193366244e-05,0.15009765326976776,0.9875352382659912
scoop_total32g_09191431_set3,scoop,scoop_total_32g,32,28,1,892.006,-0.5065591335296631,1.8509482145309448,2.3259079456329346,-4.8843881813809276e-05,2.547151962062344e-05,0.15584780275821686,0.9918020963668823
scoop_total32g_09191431_set3,scoop,scoop_total_32g,32,28,2,892.827,-0.5981473326683044,1.844692349433899,2.361372709274292,-4.7777302825124934e-05,2.4903976736823097e-05,0.1524299681186676,0.9947417974472046
scoop_total32g_09191431_set3,scoop,scoop_total_32g,32,28,3,893.646,-0.580834150314331,1.859494686126709,2.2721707820892334,-4.896437530987896e-05,2.5534354790579528e-05,0.15623225271701813,0.9830893278121948
scoop_total32g_09191431_set3,scoop,scoop_total_32g,32,28,4,894.466,-0.610630989074707,1.8729655742645264,2.227656364440918,-4.894913945463486e-05,2.552640944486484e-05,0.1561836451292038,0.9884366989135742
scoop_total32g_09191431_set3,scoop,scoop_total_32g,32,28,5,895.286,-0.6237971186637878,1.9012094736099243,2.2783594131469727,-4.7464101953664795e-05,2.47519801632734e-05,0.15144528448581696,0.9964986443519592
scoop_total32g_09191431_set3,scoop,scoop_total_32g,32,28,6,896.106,-0.6387013792991638,1.9420801401138306,2.3409576416015625,-4.862523201154545e-05,2.5357494450872764e-05,0.1551501452922821,0.9972050786018372
scoop_total32g_09191431_set3,scoop,scoop_total_32g,32,28,7,896.929,-0.5808950066566467,1.8975905179977417,2.303260087966919,-4.796725625055842e-05,2.501436938473489e-05,0.1530507206916809,0.9866670966148376
scoop_total32g_09191431_set3,scoop,scoop_total_32g,32,28,8,897.747,-0.5482931137084961,1.876045823097229,2.2535905838012695,-4.927142435917631e-05,2.5694478608784266e-05,0.15721197426319122,0.9865953326225281
scoop_total32g_09191431_set3,scoop,scoop_total_32g,32,28,9,898.567,-0.48135611414909363,1.8692690134048462,2.3176918029785156,-4.814253043150529e-05,2.5105771783273667e-05,0.1536099761724472,0.9978221654891968
scoop_total32g_09191431_set3,scoop,scoop_total_32g,32,28,10,899.386,-0.4831996560096741,1.8582909107208252,2.395242691040039,-4.85537966596894e-05,2.5320241547888145e-05,0.15492220222949982,0.9978287220001221
scoop_total32g_09191431_set3,scoop,scoop_total_32g,32,29,1,901.209,-0.36301860213279724,1.8580347299575806,2.3796701431274414,-4.938791607855819e-05,2.5755227397894487e-05,0.15758366882801056,0.9980065226554871
scoop_total32g_09191431_set3,scoop,scoop_total_32g,32,29,2,902.027,-0.3646078109741211,1.795466423034668,2.3194568157196045,-4.794527558260597e-05,2.5002906113513745e-05,0.15298059582710266,0.9968066215515137
scoop_total32g_09191431_set3,scoop,scoop_total_32g,32,29,3,902.846,-0.38093242049217224,1.8351038694381714,2.423977851867676,-4.7843263018876314e-05,2.4949707949417643e-05,0.15265509486198425,1.0010464191436768
scoop_total32g_09191431_set3,scoop,scoop_total_32g,32,29,4,903.669,-0.40156248211860657,1.8326243162155151,2.3562512397766113,-4.7551453462801874e-05,2.4797254809527658e-05,0.15172363817691803,0.9892230033874512
scoop_total32g_09191431_set3,scoop,scoop_total_32g,32,29,5,904.486,-0.37742581963539124,1.8183327913284302,2.3186888694763184,-4.757585338666104e-05,2.4810256945784204e-05,0.15180185437202454,0.9826873540878296
scoop_total32g_09191431_set3,scoop,scoop_total_32g,32,29,6,905.306,-0.4135218858718872,1.8245890140533447,2.2757151126861572,-4.99049128848128e-05,2.6024834369309247e-05,0.15923325717449188,1.0065667629241943
scoop_total32g_09191431_set3,scoop,scoop_total_32g,32,29,7,906.127,-0.498904287815094,1.8369148969650269,2.330554723739624,-4.8307458200724795e-05,2.5191779059241526e-05,0.15413621068000793,0.9794967174530029
scoop_total32g_09191431_set3,scoop,scoop_total_32g,32,29,8,906.946,-0.5136287212371826,1.8256652355194092,2.330350399017334,-4.8674046411179006e-05,2.5382953026564792e-05,0.1553059071302414,0.9784016013145447
scoop_total32g_09191431_set3,scoop,scoop_total_32g,32,29,9,907.767,-0.5201601386070251,1.8274526596069336,2.2498953342437744,-4.871011333307251e-05,2.5401761376997456e-05,0.15542097389698029,0.9911162853240967
scoop_total32g_09191431_set3,scoop,scoop_total_32g,32,29,10,908.589,-0.6059567332267761,1.8913543224334717,2.2542710304260254,-4.8154975957004353e-05,2.511226193746552e-05,0.1536496877670288,0.9915345311164856
scoop_total32g_09191431_set3,scoop,scoop_total_32g,32,30,1,910.406,-0.5438914895057678,1.8751333951950073,2.328766107559204,-4.877570609096438e-05,2.5435965653741732e-05,0.15563026070594788,0.9922981262207031
scoop_total32g_09191431_set3,scoop,scoop_total_32g,32,30,2,911.226,-0.43117159605026245,1.8766947984695435,2.204149007797241,-4.959115176461637e-05,2.586121263448149e-05,0.15823213756084442,0.9720402359962463
scoop_total32g_09191431_set3,scoop,scoop_total_32g,32,30,3,912.046,-0.4319677948951721,1.885298490524292,2.3531360626220703,-4.903534863842651e-05,2.557136758696288e-05,0.15645872056484222,1.0133293867111206
scoop_total32g_09191431_set3,scoop,scoop_total_32g,32,30,4,912.866,-0.4478547275066376,1.7585347890853882,2.3432137966156006,-4.8070502089103684e-05,2.5068209652090445e-05,0.1533801406621933,0.9988527297973633
scoop_total32g_09191431_set3,scoop,scoop_total_32g,32,30,5,913.686,-0.3377312123775482,1.8414158821105957,2.38820481300354,-4.852832353208214e-05,2.530065830796957e-05,0.15483278036117554,0.9918966293334961
scoop_total32g_09191431_set3,scoop,scoop_total_32g,32,30,6,914.506,-0.35619521141052246,1.7958488464355469,2.328396797180176,-4.875718514085747e-05,2.5426308638998307e-05,0.15557117760181427,0.9999884366989136
scoop_total32g_09191431_set3,scoop,scoop_total_32g,32,30,7,915.325,-0.44428473711013794,1.7941689491271973,2.3507795333862305,-4.910648203804158e-05,2.560846223786939e-05,0.15668568015098572,1.0035656690597534
scoop_total32g_09191431_set3,scoop,scoop_total_32g,32,30,8,916.145,-0.48245638608932495,1.7969529628753662,2.4139645099639893,-4.9140708142658696e-05,2.562631016189698e-05,0.15679489076137543,1.0064146518707275
scoop_total32g_09191431_set3,scoop,scoop_total_32g,32,30,9,916.966,-0.5279754996299744,1.869338035583496,2.3534886837005615,-4.93082006869372e-05,2.5713654395076446e-05,0.15732930600643158,0.9936094880104065
scoop_total32g_09191431_set3,scoop,scoop_total_32g,32,30,10,917.785,-0.4990147054195404,1.8462631702423096,2.291283369064331,-4.960714795743115e-05,2.586955451988615e-05,0.15828317403793335,0.9902369976043701
scoop_total132g_09191449_set1,scoop,scoop_total_132g,132,1,1,126.999,-0.6370358467102051,1.9484636783599854,1.4057197570800781,-5.2144536311971024e-05,2.7195526854484342e-05,0.16736151278018951,0.7416309714317322
scoop_total132g_09191449_set1,scoop,scoop_total_132g,132,1,2,127.818,-0.6148257255554199,1.9569545984268188,1.4304522275924683,-5.339000927051529e-05,2.7842270355904475e-05,0.17035330832004547,0.723289966583252
scoop_total132g_09191449_set1,scoop,scoop_total_132g,132,1,3,128.638,-0.7406170964241028,1.9674898386001587,1.2594634294509888,-5.278320168145001e-05,2.752582986431662e-05,0.16841711103916168,0.7162553668022156
scoop_total132g_09191449_set1,scoop,scoop_total_132g,132,1,4,129.465,-0.7571086883544922,1.976088523864746,1.3238377571105957,-5.27046067873016e-05,2.748484257608652e-05,0.16816633939743042,0.7361563444137573
scoop_total132g_09191449_set1,scoop,scoop_total_132g,132,1,5,130.280,-0.7071132659912109,1.9990147352218628,1.3533368110656738,-5.2414929086808115e-05,2.7333779144100845e-05,0.16724206507205963,0.7364405989646912
scoop_total132g_09191449_set1,scoop,scoop_total_132g,132,1,6,131.098,-0.676224946975708,1.9517521858215332,1.3637011051177979,-5.255318683339283e-05,2.7405878427089192e-05,0.1676831990480423,0.7292727828025818
scoop_total132g_09191449_set1,scoop,scoop_total_132g,132,1,7,131.921,-0.5242335796356201,1.8529130220413208,1.3157075643539429,-5.16833461006172e-05,2.695226612559054e-05,0.164907768368721,0.7368810176849365
scoop_total132g_09191449_set1,scoop,scoop_total_132g,132,1,8,132.740,-0.5605435371398926,1.9269888401031494,1.3792229890823364,-5.1190021622460335e-05,2.6695004635257646e-05,0.1633336991071701,0.7276121973991394
scoop_total132g_09191449_set1,scoop,scoop_total_132g,132,1,9,133.561,-0.6933887600898743,2.004122495651245,1.3202319145202637,-5.368112397263758e-05,2.7994085030513816e-05,0.17128215730190277,0.7283204793930054
scoop_total132g_09191449_set1,scoop,scoop_total_132g,132,1,10,134.382,-0.6195571422576904,1.9207433462142944,1.3415799140930176,-5.336674803402275e-05,2.783014133456163e-05,0.17027905583381653,0.7148396372795105
scoop_total132g_09191449_set1,scoop,scoop_total_132g,132,2,1,136.200,-0.5110646486282349,1.8234202861785889,1.3744215965270996,-5.3152209147810936e-05,2.771826257230714e-05,0.16959452629089355,0.7434133887290955
scoop_total132g_09191449_set1,scoop,scoop_total_132g,132,2,2,137.021,-0.5598993301391602,1.900105357170105,1.4256025552749634,-5.3179079259280115e-05,2.773227242869325e-05,0.16968025267124176,0.7418375611305237
scoop_total132g_09191449_set1,scoop,scoop_total_132g,132,2,3,137.843,-0.5947215557098389,1.9078917503356934,1.3792574405670166,-5.19398417964112e-05,2.7086025511380285e-05,0.1657261699438095,0.7189688682556152
scoop_total132g_09191449_set1,scoop,scoop_total_132g,132,2,4,138.661,-0.6247975826263428,1.9236345291137695,1.236125111579895,-5.318111288943328e-05,2.773333471850492e-05,0.16968673467636108,0.7338647246360779
scoop_total132g_09191449_set1,scoop,scoop_total_132g,132,2,5,139.480,-0.7419516444206238,1.985191822052002,1.2783048152923584,-5.178328137844801e-05,2.7004381990991533e-05,0.16522663831710815,0.7098896503448486
scoop_total132g_09191449_set1,scoop,scoop_total_132g,132,2,6,140.303,-0.6160932779312134,1.9091882705688477,1.4166370630264282,-5.230873648542911e-05,2.727840001170989e-05,0.16690322756767273,0.7341718673706055
scoop_total132g_09191449_set1,scoop,scoop_total_132g,132,2,7,141.120,-0.5845150947570801,1.9068052768707275,1.3899363279342651,-5.308556501404382e-05,2.768350714177359e-05,0.16938187181949615,0.7305594682693481
scoop_total132g_09191449_set1,scoop,scoop_total_132g,132,2,8,141.940,-0.5569501519203186,1.8890231847763062,1.3484537601470947,-5.3298739658202976e-05,2.7794674679171294e-05,0.17006205022335052,0.7324643731117249
scoop_total132g_09191449_set1,scoop,scoop_total_132g,132,2,9,142.760,-0.6257143020629883,1.8730062246322632,1.3870316743850708,-5.2579962357413024e-05,2.741984098975081e-05,0.16776862740516663,0.7296706438064575
scoop_total132g_09191449_set1,scoop,scoop_total_132g,132,2,10,143.580,-0.6633169054985046,1.947412133216858,1.4445024728775024,-5.267193409963511e-05,2.7467804102343507e-05,0.16806209087371826,0.7514861226081848
scoop_total132g_09191449_set1,scoop,scoop_total_132g,132,3,1,145.398,-0.6770314574241638,1.9451900720596313,1.2517139911651611,-5.233228876022622e-05,2.7290683647152036e-05,0.1669783741235733,0.7254078984260559
scoop_total132g_09191449_set1,scoop,scoop_total_132g,132,3,2,146.221,-0.7475900053977966,1.9902398586273193,1.3078014850616455,-5.224224514677189e-05,2.72437264356995e-05,0.16669106483459473,0.7254511117935181
scoop_total132g_09191449_set1,scoop,scoop_total_132g,132,3,3,147.041,-0.7780932784080505,2.002873420715332,1.3163540363311768,-5.209242590353824e-05,2.71655972028384e-05,0.1662130355834961,0.7294950485229492
scoop_total132g_09191449_set1,scoop,scoop_total_132g,132,3,4,147.861,-0.7791255712509155,2.020350456237793,1.330758810043335,-5.244173371465877e-05,2.734775625867769e-05,0.16732758283615112,0.7248950004577637
scoop_total132g_09191449_set1,scoop,scoop_total_132g,132,3,5,148.681,-0.7513020038604736,2.0093343257904053,1.3158122301101685,-5.26168842043262e-05,2.7439096811576746e-05,0.16788643598556519,0.723042368888855
scoop_total132g_09191449_set1,scoop,scoop_total_132g,132,3,6,149.500,-0.6866629123687744,1.9450958967208862,1.2831554412841797,-5.3009171097073704e-05,2.7643667635857128e-05,0.1691381186246872,0.7213193774223328
scoop_total132g_09191449_set1,scoop,scoop_total_132g,132,3,7,150.321,-0.6581522226333618,1.905547022819519,1.2475850582122803,-5.239184611127712e-05,2.7321739253238775e-05,0.16716839373111725,0.7282871603965759
scoop_total132g_09191449_set1,scoop,scoop_total_132g,132,3,8,151.140,-0.6490628123283386,1.8951411247253418,1.3141865730285645,-5.161571971257217e-05,2.6916999559034593e-05,0.1646919846534729,0.7234059572219849
scoop_total132g_09191449_set1,scoop,scoop_total_132g,132,3,9,151.959,-0.5911135673522949,1.8650212287902832,1.2990813255310059,-5.21205147379078e-05,2.718024370551575e-05,0.1663026511669159,0.7260926365852356
scoop_total132g_09191449_set1,scoop,scoop_total_132g,132,3,10,152.779,-0.5353516936302185,1.8464850187301636,1.3224750757217407,-5.2289815357653424e-05,2.7268531994195655e-05,0.16684284806251526,0.7304676175117493
scoop_total132g_09191449_set1,scoop,scoop_total_132g,132,4,1,154.603,-0.47830435633659363,1.8349940776824951,1.3410485982894897,-5.260224133962765e-05,2.7431458875071257e-05,0.16783972084522247,0.7293558120727539
scoop_total132g_09191449_set1,scoop,scoop_total_132g,132,4,2,155.425,-0.47442826628685,1.855042815208435,1.3423622846603394,-5.288124521030113e-05,2.7576958018471487e-05,0.16872994601726532,0.7307392954826355
scoop_total132g_09191449_set1,scoop,scoop_total_132g,132,4,3,156.253,-0.5277556777000427,1.851493239402771,1.3762645721435547,-5.234703348833136e-05,2.7298372515360825e-05,0.16702541708946228,0.7372559905052185
scoop_total132g_09191449_set1,scoop,scoop_total_132g,132,4,4,157.073,-0.5717485547065735,1.9150398969650269,1.3848741054534912,-5.113114821142517e-05,2.6664301913115196e-05,0.16314585506916046,0.7254385352134705
scoop_total132g_09191449_set1,scoop,scoop_total_132g,132,4,5,157.892,-0.6155494451522827,1.917083978652954,1.3162039518356323,-5.2570852858480066e-05,2.7415091608418152e-05,0.16773957014083862,0.7212653160095215
scoop_total132g_09191449_set1,scoop,scoop_total_132g,132,4,6,158.716,-0.64997798204422,1.9148855209350586,1.2807618379592896,-5.161964145372622e-05,2.691904410312418e-05,0.16470450162887573,0.7279629707336426
scoop_total132g_09191449_set1,scoop,scoop_total_132g,132,4,7,159.542,-0.7000292539596558,1.949782371520996,1.3300594091415405,-5.220602179178968e-05,2.7224834411754273e-05,0.16657547652721405,0.7276806235313416
scoop_total132g_09191449_set1,scoop,scoop_total_132g,132,4,8,160.366,-0.761491596698761,1.989237904548645,1.3466036319732666,-5.2070347010158e-05,2.7154082999913953e-05,0.16614258289337158,0.7194780707359314
scoop_total132g_09191449_set1,scoop,scoop_total_132g,132,4,9,161.192,-0.7772345542907715,1.9954655170440674,1.2646422386169434,-5.2761828555958346e-05,2.751468309725169e-05,0.16834892332553864,0.7164387702941895
scoop_total132g_09191449_set1,scoop,scoop_total_132g,132,4,10,162.013,-0.693574070930481,1.9608960151672363,1.2020118236541748,-5.3217132517602295e-05,2.7752117603085935e-05,0.16980166733264923,0.729412317276001
scoop_total132g_09191449_set1,scoop,scoop_total_132g,132,5,1,163.831,-0.6869068741798401,1.9456720352172852,1.3118517398834229,-5.351737127057277e-05,2.7908688934985548e-05,0.1707596480846405,0.7109915614128113
scoop_total132g_09191449_set1,scoop,scoop_total_132g,132,5,2,164.651,-0.6427146792411804,1.9263231754302979,1.3097792863845825,-5.2204552048351616e-05,2.7224070436204784e-05,0.16657079756259918,0.7274501919746399
scoop_total132g_09191449_set1,scoop,scoop_total_132g,132,5,3,165.472,-0.6321621537208557,1.9209911823272705,1.2748099565505981,-5.1718052418436855e-05,2.6970365070155822e-05,0.1650184988975525,0.7340782880783081
scoop_total132g_09191449_set1,scoop,scoop_total_132g,132,5,4,166.302,-0.537123441696167,1.8851265907287598,1.3899627923965454,-5.220168168307282e-05,2.7222573407925665e-05,0.16656163334846497,0.7319653034210205
scoop_total132g_09191449_set1,scoop,scoop_total_132g,132,5,5,167.125,-0.5320668816566467,1.8859542608261108,1.3875501155853271,-5.243587293080054e-05,2.7344700356479734e-05,0.16730888187885284,0.72605299949646
scoop_total132g_09191449_set1,scoop,scoop_total_132g,132,5,6,167.952,-0.5609803199768066,1.901994228363037,1.33517324924469,-5.347859769244678e-05,2.7888470867765136e-05,0.17063593864440918,0.7241603136062622
scoop_total132g_09191449_set1,scoop,scoop_total_132g,132,5,7,168.773,-0.5495377779006958,1.8690232038497925,1.3568965196609497,-5.2159219194436446e-05,2.7200429030926898e-05,0.1664261519908905,0.7376537919044495
scoop_total132g_09191449_set1,scoop,scoop_total_132g,132,5,8,169.592,-0.6415618658065796,1.915101408958435,1.4206031560897827,-5.250081085250713e-05,2.7378564482205547e-05,0.1675160825252533,0.7364779710769653
scoop_total132g_09191449_set1,scoop,scoop_total_132g,132,5,9,170.412,-0.6363846659660339,1.914561152458191,1.402081847190857,-5.2853843953926116e-05,2.7558222427614965e-05,0.1686367690563202,0.7262338399887085
scoop_total132g_09191449_set1,scoop,scoop_total_132g,132,5,10,171.228,-0.6555896997451782,1.9573925733566284,1.344364047050476,-5.280624463921413e-05,2.7537846108316444e-05,0.16849064826965332,0.7297813892364502
scoop_total132g_09191449_set1,scoop,scoop_total_132g,132,6,1,173.050,-0.7353243231773376,1.9719207286834717,1.3441863059997559,-5.2559982577804476e-05,2.74094218184473e-05,0.16770488023757935,0.7255815863609314
scoop_total132g_09191449_set1,scoop,scoop_total_132g,132,6,2,173.870,-0.6837934255599976,1.9632058143615723,1.316733717918396,-5.234323180047795e-05,2.729638981691096e-05,0.1670132875442505,0.7233210206031799
scoop_total132g_09191449_set1,scoop,scoop_total_132g,132,6,3,174.690,-0.6509630084037781,1.9498859643936157,1.262921690940857,-5.1776318287011236e-05,2.7000751288142055e-05,0.16520442068576813,0.7212772965431213
scoop_total132g_09191449_set1,scoop,scoop_total_132g,132,6,4,175.511,-0.681034505367279,1.9655532836914062,1.2295358180999756,-5.218246951699257e-05,2.721255259530153e-05,0.16650032997131348,0.7293565273284912
scoop_total132g_09191449_set1,scoop,scoop_total_132g,132,6,5,176.330,-0.7414498925209045,1.9677681922912598,1.3291233777999878,-5.248985326034017e-05,2.737285103648901e-05,0.16748110949993134,0.7261914014816284
scoop_total132g_09191449_set1,scoop,scoop_total_132g,132,6,6,177.150,-0.7238839864730835,1.9638737440109253,1.3209912776947021,-5.224052074481733e-05,2.7242826035944745e-05,0.1666855663061142,0.7213053107261658
scoop_total132g_09191449_set1,scoop,scoop_total_132g,132,6,7,177.973,-0.6659495830535889,1.951284646987915,1.2574667930603027,-5.260830221232027e-05,2.743462027865462e-05,0.1678590476512909,0.7267352342605591
scoop_total132g_09191449_set1,scoop,scoop_total_132g,132,6,8,178.790,-0.6411430835723877,1.9285789728164673,1.2633590698242188,-5.1954033551737666e-05,2.7093426979263313e-05,0.1657714545726776,0.7367849946022034
scoop_total132g_09191449_set1,scoop,scoop_total_132g,132,6,9,179.611,-0.6795303821563721,1.9474678039550781,1.356454610824585,-5.183833127375692e-05,2.7033091100747697e-05,0.16540229320526123,0.7344052195549011
scoop_total132g_09191449_set1,scoop,scoop_total_132g,132,6,10,180.430,-0.6444457173347473,1.9346911907196045,1.3780057430267334,-5.226722714724019e-05,2.7256754037807696e-05,0.16677077114582062,0.7267948389053345
scoop_total132g_09191449_set1,scoop,scoop_total_132g,132,7,1,182.253,-0.5919384360313416,1.8803874254226685,1.3397271633148193,-5.188598879612982e-05,2.705794213397894e-05,0.16555434465408325,0.7359773516654968
scoop_total132g_09191449_set1,scoop,scoop_total_132g,132,7,2,183.074,-0.6409115195274353,1.912900447845459,1.4351487159729004,-5.226274151937105e-05,2.7254412998445332e-05,0.16675646603107452,0.7370457649230957
scoop_total132g_09191449_set1,scoop,scoop_total_132g,132,7,3,183.891,-0.6222834587097168,1.9491627216339111,1.4087172746658325,-5.1885737775592133e-05,2.7057811166741885e-05,0.16555353999137878,0.7276440858840942
scoop_total132g_09191449_set1,scoop,scoop_total_132g,132,7,4,184.711,-0.6093665361404419,1.8993014097213745,1.3058826923370361,-5.2044524636585265e-05,2.7140617021359503e-05,0.1660601943731308,0.7242198586463928
scoop_total132g_09191449_set1,scoop,scoop_total_132g,132,7,5,185.531,-0.6032439470291138,1.9414746761322021,1.2821680307388306,-5.281464837025851e-05,2.7542228053789586e-05,0.16851745545864105,0.7167097330093384
scoop_total132g_09191449_set1,scoop,scoop_total_132g,132,7,6,186.355,-0.6418235301971436,1.9070830345153809,1.266480565071106,-5.3275685786502436e-05,2.778265297820326e-05,0.1699884980916977,0.7174199223518372
scoop_total132g_09191449_set1,scoop,scoop_total_132g,132,7,7,187.172,-0.7001287937164307,1.9425472021102905,1.3192719221115112,-5.2538416639436036e-05,2.739817682595458e-05,0.16763606667518616,0.7301095724105835
scoop_total132g_09191449_set1,scoop,scoop_total_132g,132,7,8,187.992,-0.7060886025428772,1.9777172803878784,1.2960604429244995,-5.146370313013904e-05,2.6837724362849258e-05,0.16420693695545197,0.7169232368469238
scoop_total132g_09191449_set1,scoop,scoop_total_132g,132,7,9,188.815,-0.6686071753501892,1.9938819408416748,1.2298996448516846,-5.2177121688146144e-05,2.72097659035353e-05,0.16648328304290771,0.7191283702850342
scoop_total132g_09191449_set1,scoop,scoop_total_132g,132,7,10,189.642,-0.6771412491798401,1.9425245523452759,1.2401373386383057,-5.2305775170680135e-05,2.727685568970628e-05,0.16689378023147583,0.7270970344543457
scoop_total132g_09191449_set1,scoop,scoop_total_132g,132,8,1,191.462,-0.6923642158508301,1.963460922241211,1.3381701707839966,-5.152638550498523e-05,2.686674088181462e-05,0.16440220177173615,0.7303098440170288
scoop_total132g_09191449_set1,scoop,scoop_total_132g,132,8,2,192.283,-0.6325128674507141,1.9259562492370605,1.2857316732406616,-5.209614391787909e-05,2.716753624554258e-05,0.1662248969078064,0.7292879819869995
scoop_total132g_09191449_set1,scoop,scoop_total_132g,132,8,3,193.100,-0.6420048475265503,1.9297541379928589,1.3480404615402222,-5.285015140543692e-05,2.7560741727938876e-05,0.16863073408603668,0.7223917841911316
scoop_total132g_09191449_set1,scoop,scoop_total_132g,132,8,4,193.923,-0.6182433366775513,1.920162558555603,1.324984073638916,-5.188747672946192e-05,2.705871702346485e-05,0.1655590981245041,0.726469099521637
scoop_total132g_09191449_set1,scoop,scoop_total_132g,132,8,5,194.742,-0.5520766377449036,1.8979928493499756,1.3197063207626343,-5.179852814762853e-05,2.7012332793674432e-05,0.16527527570724487,0.7257550954818726
scoop_total132g_09191449_set1,scoop,scoop_total_132g,132,8,6,195.565,-0.5228745341300964,1.8597748279571533,1.3181278705596924,-5.223984771873802e-05,2.724247497098986e-05,0.1666834056377411,0.7345800399780273
scoop_total132g_09191449_set1,scoop,scoop_total_132g,132,8,7,196.382,-0.5952825546264648,1.9146016836166382,1.4113951921463013,-5.1433722546789795e-05,2.6822091967915185e-05,0.16411128640174866,0.7379051446914673
scoop_total132g_09191449_set1,scoop,scoop_total_132g,132,8,8,197.203,-0.559370756149292,1.8919494152069092,1.4084091186523438,-5.26297626493033e-05,2.7445812520454638e-05,0.16792753338813782,0.7267553806304932
scoop_total132g_09191449_set1,scoop,scoop_total_132g,132,8,9,198.023,-0.614353358745575,1.9173307418823242,1.2899059057235718,-5.251431866781786e-05,2.738560942816548e-05,0.1675591766834259,0.7253364324569702
scoop_total132g_09191449_set1,scoop,scoop_total_132g,132,8,10,198.845,-0.664574146270752,1.915968418121338,1.3020234107971191,-5.0907179684145376e-05,2.6547504603513516e-05,0.16243122518062592,0.7204105854034424
scoop_total132g_09191449_set1,scoop,scoop_total_132g,132,9,1,200.672,-0.6769008636474609,1.9474543333053589,1.3262134790420532,-5.3112857131054625e-05,2.7697740733856335e-05,0.169468954205513,0.7288753390312195
scoop_total132g_09191449_set1,scoop,scoop_total_132g,132,9,2,201.494,-0.6600425839424133,1.9024977684020996,1.302473545074463,-5.276228694128804e-05,2.7514921384863555e-05,0.16835036873817444,0.7265028357505798
scoop_total132g_09191449_set1,scoop,scoop_total_132g,132,9,3,202.312,-0.5760186910629272,1.9443479776382446,1.396860122680664,-5.292233981890604e-05,2.759838753263466e-05,0.16886107623577118,0.7361631989479065
scoop_total132g_09191449_set1,scoop,scoop_total_132g,132,9,4,203.134,-0.620045006275177,1.9382163286209106,1.4079692363739014,-5.2715495257871225e-05,2.749052146100439e-05,0.16820108890533447,0.7124460339546204
scoop_total132g_09191449_set1,scoop,scoop_total_132g,132,9,5,203.963,-0.7744415998458862,2.052800178527832,1.2762830257415771,-5.2781892009079456e-05,2.7525145924300887e-05,0.1684129387140274,0.7139787077903748
scoop_total132g_09191449_set1,scoop,scoop_total_132g,132,9,6,204.784,-0.6847783327102661,1.9743677377700806,1.2608646154403687,-5.3126368584344164e-05,2.770478567981627e-05,0.1695120632648468,0.7403572797775269
scoop_total132g_09191449_set1,scoop,scoop_total_132g,132,9,7,205.608,-0.5995826125144958,1.9771026372909546,1.2184823751449585,-5.2646570111392066e-05,2.745457641140092e-05,0.16798114776611328,0.7334890961647034
scoop_total132g_09191449_set1,scoop,scoop_total_132g,132,9,8,206.431,-0.5512502193450928,1.8795175552368164,1.4088022708892822,-5.204097033129074e-05,2.713876347115729e-05,0.16604885458946228,0.7359707355499268
scoop_total132g_09191449_set1,scoop,scoop_total_132g,132,9,9,207.252,-0.5798859000205994,1.925176978111267,1.372395634651184,-5.1758317567873746e-05,2.6991363483830355e-05,0.16514697670936584,0.7218418121337891
scoop_total132g_09191449_set1,scoop,scoop_total_132g,132,9,10,208.067,-0.6196659207344055,1.9198060035705566,1.2870261669158936,-5.215342025621794e-05,2.7197405870538205e-05,0.16640765964984894,0.7260671854019165
scoop_total132g_09191449_set1,scoop,scoop_total_132g,132,10,1,209.890,-0.7228492498397827,1.9555866718292236,1.2969084978103638,-5.247497756499797e-05,2.7365093046682887e-05,0.16743366420269012,0.7289150953292847
scoop_total132g_09191449_set1,scoop,scoop_total_132g,132,10,2,210.710,-0.6008594036102295,1.902493953704834,1.3236528635025024,-5.2869432693114504e-05,2.7570797101361677e-05,0.16869226098060608,0.7334545254707336
scoop_total132g_09191449_set1,scoop,scoop_total_132g,132,10,3,211.528,-0.48018619418144226,1.8588634729385376,1.3359507322311401,-5.110468191560358e-05,2.665049942152109e-05,0.16306141018867493,0.72828608751297
scoop_total132g_09191449_set1,scoop,scoop_total_132g,132,10,4,212.351,-0.6540905237197876,1.9431445598602295,1.2877894639968872,-5.208757647778839e-05,2.716305425565224e-05,0.1661975383758545,0.7305055856704712
scoop_total132g_09191449_set1,scoop,scoop_total_132g,132,10,5,213.172,-0.5909788608551025,1.9268139600753784,1.3712564706802368,-5.236327706370503e-05,2.7306841730023734e-05,0.16707724332809448,0.7271775603294373
scoop_total132g_09191449_set1,scoop,scoop_total_132g,132,10,6,213.992,-0.6147492527961731,1.9072602987289429,1.3389735221862793,-5.248732850304805e-05,2.7371534088160843e-05,0.16747306287288666,0.7216868996620178
scoop_total132g_09191449_set1,scoop,scoop_total_132g,132,10,7,214.810,-0.6280720233917236,1.961543083190918,1.2654879093170166,-5.1796472689602524e-05,2.7011261408915743e-05,0.16526871919631958,0.7176076173782349
scoop_total132g_09191449_set1,scoop,scoop_total_132g,132,10,8,215.633,-0.7014955282211304,1.969924807548523,1.2819322347640991,-5.2788749599130824e-05,2.7528720238478854e-05,0.16843481361865997,0.7171846628189087
scoop_total132g_09191449_set1,scoop,scoop_total_132g,132,10,9,216.450,-0.7319470643997192,2.0514423847198486,1.2942442893981934,-5.4184602049645036e-05,2.825664159900043e-05,0.1728886067867279,0.7135612964630127
scoop_total132g_09191449_set1,scoop,scoop_total_132g,132,10,10,217.270,-0.7749518156051636,2.0102901458740234,1.3002231121063232,-5.327558392309584e-05,2.7782600227510557e-05,0.16998818516731262,0.7190085649490356
scoop_total132g_09191449_set1,scoop,scoop_total_132g,132,11,1,219.090,-0.7537016868591309,2.0064430236816406,1.2833492755889893,-5.1587459893198684e-05,2.6902262106887065e-05,0.16460181772708893,0.7312329411506653
scoop_total132g_09191449_set1,scoop,scoop_total_132g,132,11,2,219.911,-0.7651197910308838,1.977199912071228,1.3675838708877563,-5.273431816021912e-05,2.7500336727825925e-05,0.16826114058494568,0.7386632561683655
scoop_total132g_09191449_set1,scoop,scoop_total_132g,132,11,3,220.730,-0.6994079947471619,2.0001072883605957,1.334953784942627,-5.4230637033469975e-05,2.8280650440137833e-05,0.17303550243377686,0.7331109642982483
scoop_total132g_09191449_set1,scoop,scoop_total_132g,132,11,4,221.551,-0.6496378779411316,1.9801223278045654,1.3221036195755005,-5.301248165778816e-05,2.7645395675790496e-05,0.16914868354797363,0.7312136888504028
scoop_total132g_09191449_set1,scoop,scoop_total_132g,132,11,5,222.370,-0.6487123370170593,1.9158858060836792,1.3344236612319946,-5.222225081524812e-05,2.7233299988438375e-05,0.16662727296352386,0.7321641445159912
scoop_total132g_09191449_set1,scoop,scoop_total_132g,132,11,6,223.190,-0.6228410005569458,1.90785813331604,1.413228154182434,-5.181505548534915e-05,2.7020952984457836e-05,0.1653280258178711,0.7446196675300598
scoop_total132g_09191449_set1,scoop,scoop_total_132g,132,11,7,224.011,-0.5948558449745178,1.9085161685943604,1.335210919380188,-5.027597217122093e-05,2.6218338462058455e-05,0.16041721403598785,0.740166425704956
scoop_total132g_09191449_set1,scoop,scoop_total_132g,132,11,8,224.833,-0.5951091647148132,1.907308578491211,1.4375766515731812,-5.2610583225032315e-05,2.743580989772454e-05,0.16786633431911469,0.7431347370147705
scoop_total132g_09191449_set1,scoop,scoop_total_132g,132,11,9,225.650,-0.5699464678764343,1.8755791187286377,1.436856746673584,-5.27267693541944e-05,2.749640043475665e-05,0.16823706030845642,0.7257038354873657
scoop_total132g_09191449_set1,scoop,scoop_total_132g,132,11,10,226.471,-0.558645486831665,1.8966857194900513,1.3585952520370483,-5.221578248892911e-05,2.7229925763094798e-05,0.16660663485527039,0.7396073341369629
scoop_total132g_09191449_set1,scoop,scoop_total_132g,132,12,1,228.288,-0.6951622366905212,1.9264453649520874,1.3712748289108276,-5.298446922097355e-05,2.7630785552901216e-05,0.16905930638313293,0.7332369089126587
scoop_total132g_09191449_set1,scoop,scoop_total_132g,132,12,2,229.112,-0.7320701479911804,1.9676762819290161,1.259820580482483,-5.2024486649315804e-05,2.7130168746225536e-05,0.165996253490448,0.7371729016304016
scoop_total132g_09191449_set1,scoop,scoop_total_132g,132,12,3,229.932,-0.7641739845275879,2.051379680633545,1.3897558450698853,-5.257277734926902e-05,2.741609569056891e-05,0.1677457094192505,0.7123544812202454
scoop_total132g_09191449_set1,scoop,scoop_total_132g,132,12,4,230.754,-0.7313239574432373,2.00462007522583,1.2169013023376465,-5.21421643497888e-05,2.719153417274356e-05,0.16637173295021057,0.7139878869056702
scoop_total132g_09191449_set1,scoop,scoop_total_132g,132,12,5,231.572,-0.8029692769050598,1.9279084205627441,1.246044635772705,-5.263909406494349e-05,2.7450678317109123e-05,0.16795730590820312,0.7223666906356812
scoop_total132g_09191449_set1,scoop,scoop_total_132g,132,12,6,232.395,-0.7626937031745911,1.9857336282730103,1.2930209636688232,-5.270061592455022e-05,2.7482761652208865e-05,0.16815359890460968,0.7365337610244751
scoop_total132g_09191449_set1,scoop,scoop_total_132g,132,12,7,233.222,-0.6690754294395447,1.9586267471313477,1.3297414779663086,-5.2749383030459285e-05,2.750818748609163e-05,0.16830919682979584,0.7198309898376465
scoop_total132g_09191449_set1,scoop,scoop_total_132g,132,12,8,234.040,-0.6051837801933289,1.9574397802352905,1.2819445133209229,-5.2150615374557674e-05,2.7195943403057754e-05,0.16639870405197144,0.7074483036994934
scoop_total132g_09191449_set1,scoop,scoop_total_132g,132,12,9,234.861,-0.5850904583930969,1.9213237762451172,1.2628642320632935,-5.27034280821681e-05,2.7484227757668123e-05,0.16816258430480957,0.7321600914001465
scoop_total132g_09191449_set1,scoop,scoop_total_132g,132,12,10,235.680,-0.5742542147636414,1.880171537399292,1.3338720798492432,-5.2117840823484585e-05,2.7178850359632634e-05,0.166294127702713,0.73856121301651
scoop_total132g_09191449_set1,scoop,scoop_total_132g,132,13,1,237.500,-0.22481124103069305,2.1536285877227783,1.2337929010391235,-5.3699655836680904e-05,2.8003749321214855e-05,0.17134127020835876,0.7195376753807068
scoop_total132g_09191449_set1,scoop,scoop_total_132g,132,13,2,238.320,-0.4313961863517761,1.8193548917770386,1.327553629875183,-5.1600469305412844e-05,2.690904693736229e-05,0.164643332362175,0.7385436296463013
scoop_total132g_09191449_set1,scoop,scoop_total_132g,132,13,3,239.140,-0.5463818907737732,1.8874719142913818,1.4156848192214966,-5.278851676848717e-05,2.752860018517822e-05,0.16843406856060028,0.7395924925804138
scoop_total132g_09191449_set1,scoop,scoop_total_132g,132,13,4,239.961,-0.5845672488212585,1.9333727359771729,1.3830695152282715,-5.197684367885813e-05,2.71053213509731e-05,0.16584423184394836,0.7305406332015991
scoop_total132g_09191449_set1,scoop,scoop_total_132g,132,13,5,240.780,-0.5683772563934326,1.8588589429855347,1.3228858709335327,-5.2730567404069006e-05,2.7498381314217113e-05,0.16824917495250702,0.72596275806427
scoop_total132g_09191449_set1,scoop,scoop_total_132g,132,13,6,241.600,-0.5839020013809204,1.872177004814148,1.2852987051010132,-5.32542253495194e-05,2.7771462555392645e-05,0.16992002725601196,0.7315430045127869
scoop_total132g_09191449_set1,scoop,scoop_total_132g,132,13,7,242.421,-0.6412015557289124,1.9145175218582153,1.3447110652923584,-5.171139127924107e-05,2.696689080039505e-05,0.16499724984169006,0.7320764064788818
scoop_total132g_09191449_set1,scoop,scoop_total_132g,132,13,8,243.239,-0.6339651942253113,1.945035457611084,1.3518763780593872,-5.260148100205697e-05,2.7423371648183092e-05,0.16782735288143158,0.7151716351509094
scoop_total132g_09191449_set1,scoop,scoop_total_132g,132,13,9,244.060,-0.6418865323066711,1.9688855409622192,1.2057280540466309,-5.130013232701458e-05,2.675242467375938e-05,0.16368503868579865,0.7163108587265015
scoop_total132g_09191449_set1,scoop,scoop_total_132g,132,13,10,244.879,-0.632882833480835,1.9074842929840088,1.1987146139144897,-5.190864249016158e-05,2.706975647015497e-05,0.1656266301870346,0.7306699752807617
scoop_total132g_09191449_set1,scoop,scoop_total_132g,132,14,1,246.700,-0.634188711643219,1.910686731338501,1.3190027475357056,-5.123269875184633e-05,2.671725997061003e-05,0.16346988081932068,0.7270564436912537
scoop_total132g_09191449_set1,scoop,scoop_total_132g,132,14,2,247.519,-0.5957114100456238,1.8251245021820068,1.282261610031128,-5.2052906539756805e-05,2.7144988052896224e-05,0.16608694195747375,0.7244473695755005
scoop_total132g_09191449_set1,scoop,scoop_total_132g,132,14,3,248.340,-0.5443319082260132,1.8195987939834595,1.28153657913208,-5.17896878591273e-05,2.7007721655536443e-05,0.1652470827102661,0.7310009598731995
scoop_total132g_09191449_set1,scoop,scoop_total_132g,132,14,4,249.160,-0.5284696817398071,1.8683316707611084,1.3659331798553467,-5.228335066931322e-05,2.7265161406830885e-05,0.16682222485542297,0.7253919839859009
scoop_total132g_09191449_set1,scoop,scoop_total_132g,132,14,5,249.979,-0.5162213444709778,1.8806071281433105,1.3715749979019165,-5.096225504530594e-05,2.6576226446195506e-05,0.16260695457458496,0.7307321429252625
scoop_total132g_09191449_set1,scoop,scoop_total_132g,132,14,6,250.799,-0.45661064982414246,1.8386386632919312,1.3101320266723633,-5.227053043199703e-05,2.725847480178345e-05,0.16678130626678467,0.7306803464889526
scoop_total132g_09191449_set1,scoop,scoop_total_132g,132,14,7,251.622,-0.4630318284034729,1.8244637250900269,1.334450125694275,-5.1729824917856604e-05,2.6976505978382193e-05,0.16505607962608337,0.7424181699752808
scoop_total132g_09191449_set1,scoop,scoop_total_132g,132,14,8,252.439,-0.5110689401626587,1.8744523525238037,1.4172176122665405,-5.251457332633436e-05,2.738574221439194e-05,0.16755999624729156,0.7327216267585754
scoop_total132g_09191449_set1,scoop,scoop_total_132g,132,14,9,253.260,-0.5158222913742065,1.8762794733047485,1.4156991243362427,-5.246946602710523e-05,2.7362219043425284e-05,0.16741608083248138,0.7261791229248047
scoop_total132g_09191449_set1,scoop,scoop_total_132g,132,14,10,254.080,-0.5019275546073914,1.8892971277236938,1.3200052976608276,-5.19817003805656e-05,2.710785520321224e-05,0.16585974395275116,0.7274722456932068
scoop_total132g_09191449_set1,scoop,scoop_total_132g,132,15,1,255.899,-0.6451399922370911,1.9368172883987427,1.3492631912231445,-5.263602361083031e-05,2.7449077606434003e-05,0.16794751584529877,0.7318851947784424
scoop_total132g_09191449_set1,scoop,scoop_total_132g,132,15,2,256.719,-0.678360104560852,1.9598522186279297,1.322834849357605,-5.126632458996028e-05,2.673479320947081e-05,0.1635771542787552,0.7202072739601135
scoop_total132g_09191449_set1,scoop,scoop_total_132g,132,15,3,257.539,-0.6824830174446106,1.9644403457641602,1.2347753047943115,-5.2898616559104994e-05,2.7586016585701145e-05,0.16878537833690643,0.7221601605415344
scoop_total132g_09191449_set1,scoop,scoop_total_132g,132,15,4,258.360,-0.712443470954895,1.9736933708190918,1.2434055805206299,-5.35025101271458e-05,2.7900940040126443e-05,0.17071224749088287,0.7179668545722961
scoop_total132g_09191449_set1,scoop,scoop_total_132g,132,15,5,259.179,-0.7287033200263977,2.0170488357543945,1.2707690000534058,-5.1134808018105105e-05,2.6666210032999516e-05,0.16315752267837524,0.7333174347877502
scoop_total132g_09191449_set1,scoop,scoop_total_132g,132,15,6,260.000,-0.7414764165878296,1.9726065397262573,1.3119930028915405,-5.280244295136072e-05,2.753586340986658e-05,0.16847851872444153,0.7219580411911011
scoop_total132g_09191449_set1,scoop,scoop_total_132g,132,15,7,260.820,-0.6640126705169678,1.9557592868804932,1.2872329950332642,-5.209181836107746e-05,2.7165278879692778e-05,0.1662110984325409,0.7276684641838074
scoop_total132g_09191449_set1,scoop,scoop_total_132g,132,15,8,261.639,-0.6571152806282043,1.9428850412368774,1.3062942028045654,-5.338024129741825e-05,2.783717900456395e-05,0.17032210528850555,0.7251222133636475
scoop_total132g_09191449_set1,scoop,scoop_total_132g,132,15,9,262.460,-0.620550811290741,1.9098063707351685,1.2709101438522339,-5.2887971833115444e-05,2.7580465030041523e-05,0.16875140368938446,0.7286167144775391
scoop_total132g_09191449_set1,scoop,scoop_total_132g,132,15,10,263.279,-0.6194172501564026,1.90048086643219,1.3335837125778198,-5.329000487108715e-05,2.779012174869422e-05,0.17003419995307922,0.7274994850158691
scoop_total132g_09191449_set1,scoop,scoop_total_132g,132,16,1,265.100,-0.45032867789268494,1.8350666761398315,1.3559566736221313,-5.176573904464021e-05,2.69952342932811e-05,0.16517066955566406,0.7242498397827148
scoop_total132g_09191449_set1,scoop,scoop_total_132g,132,16,2,265.919,-0.403910368680954,1.7961920499801636,1.3116214275360107,-5.2238763601053506e-05,2.72441375273047e-05,0.1674738973379135,0.7224310040473938
scoop_total132g_09191449_set1,scoop,scoop_total_132g,132,16,3,266.740,-0.41705095767974854,1.798545241355896,1.3075287342071533,-5.254032657830976e-05,2.740194759098813e-05,0.16863182187080383,0.7259045839309692
scoop_total132g_09191449_set1,scoop,scoop_total_132g,132,16,4,267.562,-0.4172958433628082,1.8240971565246582,1.3510688543319702,-5.092365245218389e-05,2.6558785975794308e-05,0.16344299912452698,0.7209281325340271
scoop_total132g_09191449_set1,scoop,scoop_total_132g,132,16,5,268.379,-0.5058889985084534,1.8550931215286255,1.3337799310684204,-5.2169129048706964e-05,2.7206440790905617e-05,0.16675885021686554,0.7244335412979126
scoop_total132g_09191449_set1,scoop,scoop_total_132g,132,16,6,269.200,-0.6455778479576111,1.9273548126220703,1.3271498680114746,-5.2494626288535073e-05,2.7375341232982464e-05,0.16749635338783264,0.7192605137825012
scoop_total132g_09191449_set1,scoop,scoop_total_132g,132,16,7,270.020,-0.659524142742157,1.954366683959961,1.2413002252578735,-5.2129696996416897e-05,2.7185033104615286e-05,0.1663319617509842,0.7263314127922058
scoop_total132g_09191449_set1,scoop,scoop_total_132g,132,16,8,270.838,-0.5674982666969299,1.9048066139221191,1.2552413940429688,-5.34137652721256e-05,2.7854659492732026e-05,0.1704290807247162,0.7287673354148865
scoop_total132g_09191449_set1,scoop,scoop_total_132g,132,16,9,271.662,-0.4902435541152954,1.8657394647598267,1.324522852897644,-5.213348413235508e-05,2.7187008527107537e-05,0.1663440316915512,0.73345547914505
scoop_total132g_09191449_set1,scoop,scoop_total_132g,132,16,10,272.481,-0.5239150524139404,1.857020378112793,1.403543472290039,-5.2085266361245885e-05,2.7161864636582322e-05,0.16619019210338593,0.7343926429748535
scoop_total132g_09191449_set1,scoop,scoop_total_132g,132,17,1,274.301,-0.6226142644882202,1.9307193756103516,1.2668386697769165,-5.193258766666986e-05,2.708224201342091e-05,0.16570302844047546,0.7226699590682983
scoop_total132g_09191449_set1,scoop,scoop_total_132g,132,17,2,275.120,-0.7158230543136597,1.982311487197876,1.2713059186935425,-5.164776666788384e-05,2.693371061468497e-05,0.16479425132274628,0.7260600328445435
scoop_total132g_09191449_set1,scoop,scoop_total_132g,132,17,3,275.940,-0.5759273171424866,1.9313809871673584,1.3615854978561401,-5.169163705431856e-05,2.695658986340277e-05,0.1649342179298401,0.7305137515068054
scoop_total132g_09191449_set1,scoop,scoop_total_132g,132,17,4,276.760,-0.5843250155448914,1.8899530172348022,1.3498849868774414,-5.1864506531273946e-05,2.70467389782425e-05,0.16548579931259155,0.726061224937439
scoop_total132g_09191449_set1,scoop,scoop_total_132g,132,17,5,277.580,-0.5390117764472961,1.8844432830810547,1.293827772140503,-5.2898914873367175e-05,2.7586171199800447e-05,0.16878631711006165,0.7248801589012146
scoop_total132g_09191449_set1,scoop,scoop_total_132g,132,17,6,278.401,-0.7091067433357239,1.9631532430648804,1.273922085762024,-5.1480568799888715e-05,2.6846520995604806e-05,0.16426075994968414,0.7212997078895569
scoop_total132g_09191449_set1,scoop,scoop_total_132g,132,17,7,279.220,-0.7486942410469055,1.9983248710632324,1.2961313724517822,-5.202346801524982e-05,2.71296376013197e-05,0.16599300503730774,0.7185884714126587
scoop_total132g_09191449_set1,scoop,scoop_total_132g,132,17,8,280.039,-0.728476345539093,1.9536359310150146,1.2493125200271606,-5.25633804500103e-05,2.7411193514126353e-05,0.16771572828292847,0.7465654611587524
scoop_total132g_09191449_set1,scoop,scoop_total_132g,132,17,9,280.860,-0.7492554187774658,1.806769847869873,1.3693604469299316,-5.148706623003818e-05,2.684990977286361e-05,0.16428150236606598,0.710708498954773
scoop_total132g_09191449_set1,scoop,scoop_total_132g,132,17,10,281.680,-0.45413509011268616,1.9103963375091553,1.3385951519012451,-5.3302443120628595e-05,2.7796608264907263e-05,0.17007388174533844,0.72489994764328
scoop_total132g_09191449_set1,scoop,scoop_total_132g,132,18,1,283.501,-0.564527690410614,1.8918267488479614,1.220449447631836,-5.2362927817739546e-05,2.730665983108338e-05,0.16707612574100494,0.7224065661430359
scoop_total132g_09191449_set1,scoop,scoop_total_132g,132,18,2,284.319,-0.5069001913070679,1.9426099061965942,1.2709376811981201,-5.201035310165025e-05,2.7122796382172965e-05,0.16595116257667542,0.7194464206695557
scoop_total132g_09191449_set1,scoop,scoop_total_132g,132,18,3,285.139,-0.5869935750961304,1.9334450960159302,1.274335503578186,-5.131690704729408e-05,2.6757428713608533e-05,0.16373370587825775,0.7228703498840332
scoop_total132g_09191449_set1,scoop,scoop_total_132g,132,18,4,285.959,-0.6269875764846802,1.9521468877792358,1.3133962154388428,-5.233025149209425e-05,2.7289621357340366e-05,0.16697187721729279,0.7227713465690613
scoop_total132g_09191449_set1,scoop,scoop_total_132g,132,18,5,286.779,-0.6108171343803406,1.9489690065383911,1.2267074584960938,-5.148350464878604e-05,2.684805258468259e-05,0.16427013278007507,0.7075350284576416
scoop_total132g_09191449_set1,scoop,scoop_total_132g,132,18,6,287.600,-0.5670629143714905,1.9840031862258911,1.185491919517517,-5.215539567871019e-05,2.719843359955121e-05,0.16641394793987274,0.7237961888313293
scoop_total132g_09191449_set1,scoop,scoop_total_132g,132,18,7,288.419,-0.6475108861923218,1.9495294094085693,1.2796789407730103,-5.1640134188346565e-05,2.6929732484859414e-05,0.16476988792419434,0.7299216985702515
scoop_total132g_09191449_set1,scoop,scoop_total_132g,132,18,8,289.239,-0.6419768929481506,1.9425495862960815,1.329653263092041,-5.164524191059172e-05,2.693239730433561e-05,0.1647861897945404,0.7229359745979309
scoop_total132g_09191449_set1,scoop,scoop_total_132g,132,18,9,290.060,-0.590930700302124,1.90137779712677,1.2875765562057495,-5.0931135774590075e-05,2.655999742273707e-05,0.16250766813755035,0.7224714756011963
scoop_total132g_09191449_set1,scoop,scoop_total_132g,132,18,10,290.879,-0.5798332691192627,1.9156395196914673,1.2601515054702759,-5.228069130680524e-05,2.726377351791598e-05,0.16681373119354248,0.7346729040145874
scoop_total132g_09191449_set1,scoop,scoop_total_132g,132,19,1,292.700,-0.5033220052719116,1.8785337209701538,1.3713665008544922,-5.175103069632314e-05,2.6987561795976944e-05,0.16512373089790344,0.728173017501831
scoop_total132g_09191449_set1,scoop,scoop_total_132g,132,19,2,293.519,-0.45933160185813904,1.8859331607818604,1.3357694149017334,-5.1568233175203204e-05,2.6892237656284124e-05,0.16454046964645386,0.7216253876686096
scoop_total132g_09191449_set1,scoop,scoop_total_132g,132,19,3,294.339,-0.4156268835067749,1.824112057685852,1.2901734113693237,-5.192021490074694e-05,2.7075791876995936e-05,0.16566355526447296,0.7356284856796265
scoop_total132g_09191449_set1,scoop,scoop_total_132g,132,19,4,295.159,-0.4604434072971344,1.8444141149520874,1.3784916400909424,-5.174807665753178e-05,2.697997842915356e-05,0.16510649025440216,0.7294195294380188
scoop_total132g_09191449_set1,scoop,scoop_total_132g,132,19,5,295.979,-0.5225608944892883,1.8796985149383545,1.3715789318084717,-5.215941200731322e-05,2.7200529075344093e-05,0.16642676293849945,0.7234525680541992
scoop_total132g_09191449_set1,scoop,scoop_total_132g,132,19,6,296.800,-0.5075197815895081,1.8626558780670166,1.2820489406585693,-5.1625596825033426e-05,2.6922150937025435e-05,0.1647235006093979,0.7243703603744507
scoop_total132g_09191449_set1,scoop,scoop_total_132g,132,19,7,297.622,-0.5288649797439575,1.9039198160171509,1.2675576210021973,-5.1679639000212774e-05,2.6950334358843975e-05,0.1648959368467331,0.717760443687439
scoop_total132g_09191449_set1,scoop,scoop_total_132g,132,19,8,298.442,-0.6435595154762268,1.930982232093811,1.2503042221069336,-5.26376607012935e-05,2.7449930712464266e-05,0.1679527312517166,0.7050096988677979
scoop_total132g_09191449_set1,scoop,scoop_total_132g,132,19,9,299.259,-0.6529138088226318,1.9903768301010132,1.1926337480545044,-5.218196383793838e-05,2.721229066082742e-05,0.16649872064590454,0.7022910714149475
scoop_total132g_09191449_set1,scoop,scoop_total_132g,132,19,10,300.079,-0.7647659182548523,1.8988053798675537,1.3056750297546387,-5.1240233005955815e-05,2.672118898772169e-05,0.16349391639232635,0.7358018755912781
scoop_total132g_09191449_set1,scoop,scoop_total_132g,132,20,1,301.899,-0.6392543911933899,1.979215145111084,1.2132372856140137,-5.2233572205295786e-05,2.723920260905288e-05,0.16666339337825775,0.7300297021865845
scoop_total132g_09191449_set1,scoop,scoop_total_132g,132,20,2,302.719,-0.6603836417198181,1.971331000328064,1.266639232635498,-5.211802272242494e-05,2.717894676607102e-05,0.16629470884799957,0.770713746547699
scoop_total132g_09191449_set1,scoop,scoop_total_132g,132,20,3,303.540,-0.7007249593734741,1.989511489868164,1.4401849508285522,-5.2080762543482706e-05,2.715951450227294e-05,0.16617581248283386,0.7192654609680176
scoop_total132g_09191449_set1,scoop,scoop_total_132g,132,20,4,304.359,-0.577617347240448,1.8424923419952393,1.2797218561172485,-5.0086466217180714e-05,2.6119510948774405e-05,0.1598125398159027,0.7308810353279114
scoop_total132g_09191449_set1,scoop,scoop_total_132g,132,20,5,305.179,-0.5178947448730469,1.879469633102417,1.3427551984786987,-5.279363540466875e-05,2.7531270461622626e-05,0.16845041513442993,0.7422115206718445
scoop_total132g_09191449_set1,scoop,scoop_total_132g,132,20,6,306.000,-0.4972092807292938,1.8657845258712769,1.3643039464950562,-5.2187842811690643e-05,2.7215262889512815e-05,0.16651736199855804,0.7239360809326172
scoop_total132g_09191449_set1,scoop,scoop_total_132g,132,20,7,306.822,-0.44182801246643066,1.8360978364944458,1.3040776252746582,-5.2014063840033486e-05,2.7124731786898337e-05,0.16596299409866333,0.7323504686355591
scoop_total132g_09191449_set1,scoop,scoop_total_132g,132,20,8,307.639,-0.4267055094242096,1.870609998703003,1.3385248184204102,-5.2378316468093544e-05,2.7314685212331824e-05,0.16712523996829987,0.7315202355384827
scoop_total132g_09191449_set1,scoop,scoop_total_132g,132,20,9,308.462,-0.5780301690101624,1.9389663934707642,1.3514299392700195,-5.189971852814779e-05,2.70651034952607e-05,0.16559815406799316,0.7365259528160095
scoop_total132g_09191449_set1,scoop,scoop_total_132g,132,20,10,309.279,-0.4993058741092682,1.865113615989685,1.3715860843658447,-5.189698640606366e-05,2.706367740756832e-05,0.16558943688869476,0.7257848381996155
scoop_total132g_09191449_set1,scoop,scoop_total_132g,132,21,1,311.099,-0.5884197354316711,1.9034125804901123,1.2725037336349487,-5.326346945366822e-05,2.7776282877312042e-05,0.1699495166540146,0.7256252765655518
scoop_total132g_09191449_set1,scoop,scoop_total_132g,132,21,2,311.917,-0.6460692882537842,1.9596904516220093,1.3258275985717773,-5.13344602950383e-05,2.6770327167469077e-05,0.16379457712173462,0.7237069606781006
scoop_total132g_09191449_set1,scoop,scoop_total_132g,132,21,3,312.740,-0.6910457015037537,1.9937328100204468,1.307902455329895,-5.2518265874823555e-05,2.7387668524170294e-05,0.1675717830657959,0.7159096002578735
scoop_total132g_09191449_set1,scoop,scoop_total_132g,132,21,4,313.564,-0.7005796432495117,1.9690065383911133,1.2427973747253418,-5.190810406929813e-05,2.706947452679742e-05,0.16562491655349731,0.7188615202903748
scoop_total132g_09191449_set1,scoop,scoop_total_132g,132,21,5,314.382,-0.7054711580276489,1.9495128393173218,1.2408725023269653,-5.211042662267573e-05,2.7174983188160695e-05,0.16627046465873718,0.7239506840705872
scoop_total132g_09191449_set1,scoop,scoop_total_132g,132,21,6,315.199,-0.7379176020622253,1.9698115587234497,1.2840299606323242,-5.3004416258772835e-05,2.7641188353300095e-05,0.16912294924259186,0.7245987057685852
scoop_total132g_09191449_set1,scoop,scoop_total_132g,132,21,7,316.020,-0.7411505579948425,1.9499273300170898,1.2938249111175537,-5.2026774937985465e-05,2.7060135835199617e-05,0.16591142117977142,0.7180548906326294
scoop_total132g_09191449_set1,scoop,scoop_total_132g,132,21,8,316.840,-0.678157389163971,1.927146553993225,1.2409886121749878,-5.1548668125178665e-05,2.688203312573023e-05,0.16447804868221283,0.7287876009941101
scoop_total132g_09191449_set1,scoop,scoop_total_132g,132,21,9,317.659,-0.6326313614845276,1.906358242034912,1.303340196609497,-5.158199928700924e-05,2.6899415388470516e-05,0.16458439826965332,0.7345137000083923
scoop_total132g_09191449_set1,scoop,scoop_total_132g,132,21,10,318.480,-0.602940559387207,1.907948613166809,1.3798222541809082,-5.182782842894085e-05,2.7027612304664217e-05,0.16536878049373627,0.7307872772216797
scoop_total132g_09191449_set1,scoop,scoop_total_132g,132,22,1,320.300,-0.47316262125968933,1.8104990720748901,1.2827776670455933,-5.15525862283539e-05,2.6884077669819817e-05,0.16449055075645447,0.7223749756813049
scoop_total132g_09191449_set1,scoop,scoop_total_132g,132,22,2,321.122,-0.4369826316833496,1.8555723428726196,1.3379912376403809,-5.110109123052098e-05,2.664862768142484e-05,0.16304995119571686,0.7377828359603882
scoop_total132g_09191449_set1,scoop,scoop_total_132g,132,22,3,321.938,-0.47329089045524597,1.838990569114685,1.4068105220794678,-5.1025290304096416e-05,2.6609099222696386e-05,0.16280809044837952,0.74139803647995
scoop_total132g_09191449_set1,scoop,scoop_total_132g,132,22,4,322.760,-0.4818071126937866,1.8016942739486694,1.3338929414749146,-5.1446644647512585e-05,2.682882950466592e-05,0.16415251791477203,0.7088857293128967
scoop_total132g_09191449_set1,scoop,scoop_total_132g,132,22,5,323.583,-0.5101682543754578,1.726162075996399,1.3116244077682495,-5.012391920899972e-05,2.613904325698968e-05,0.15993206202983856,0.7262961864471436
scoop_total132g_09191449_set1,scoop,scoop_total_132g,132,22,6,324.401,-0.506055474281311,1.8095399141311646,1.3025645017623901,-5.0863473006756976e-05,2.6524712666287087e-05,0.1622917652130127,0.7433028817176819
scoop_total132g_09191449_set1,scoop,scoop_total_132g,132,22,7,325.219,-0.5428524613380432,1.9005844593048096,1.351248025894165,-5.343266821000725e-05,2.786451659630984e-05,0.1704893857240677,0.7168986201286316
scoop_total132g_09191449_set1,scoop,scoop_total_132g,132,22,8,326.039,-0.587130069732666,1.8464813232421875,1.2717374563217163,-5.215278724790551e-05,2.719707481446676e-05,0.16640563309192657,0.7296032905578613
scoop_total132g_09191449_set1,scoop,scoop_total_132g,132,22,9,326.859,-0.6089608669281006,1.8640003204345703,1.2145838737487793,-5.107768811285496e-05,2.6636116672307253e-05,0.16297487914562225,0.7025320529937744
scoop_total132g_09191449_set1,scoop,scoop_total_132g,132,22,10,327.681,-0.6571378111839294,1.9028996229171753,1.2559415102005005,-5.1745399105129763e-05,2.698462594707962e-05,0.16510576009750366,0.7248806953430176
scoop_total132g_09191449_set1,scoop,scoop_total_132g,132,23,1,329.497,-0.679462194442749,1.9775944948196411,1.2507498264312744,-5.207537833484821e-05,2.715670780162327e-05,0.16615864634513855,0.7185525894165039
scoop_total132g_09191449_set1,scoop,scoop_total_132g,132,23,2,330.322,-0.6748559474945068,1.9155787229537964,1.2215603590011597,-5.17158696311526e-05,2.6969226382789202e-05,0.16501154005527496,0.7223999500274658
scoop_total132g_09191449_set1,scoop,scoop_total_132g,132,23,3,331.138,-0.6646527051925659,1.9459550380706787,1.2747033834457397,-5.184772453503683e-05,2.7037987820222043e-05,0.16543225944042206,0.7251045107841492
scoop_total132g_09191449_set1,scoop,scoop_total_132g,132,23,4,331.961,-0.6723451614379883,1.9239578247070312,1.3380489349365234,-5.1377919589867815e-05,2.6792989956447855e-05,0.16393323242664337,0.7228027582168579
scoop_total132g_09191449_set1,scoop,scoop_total_132g,132,23,5,332.778,-0.6170343160629272,1.9040260314941406,1.3099454641342163,-5.22839036420919e-05,2.726545062614605e-05,0.16682398319244385,0.7251306772232056
scoop_total132g_09191449_set1,scoop,scoop_total_132g,132,23,6,333.599,-0.5873818397521973,1.9077863693237305,1.2729674577713013,-5.140513167134486e-05,2.680718171177432e-05,0.16402006149291992,0.7314862012863159
scoop_total132g_09191449_set1,scoop,scoop_total_132g,132,23,7,334.419,-0.5618008375167847,1.8656710386276245,1.3312089443206787,-5.2413528464967385e-05,2.733304791036062e-05,0.16723757982254028,0.7334643006324768
scoop_total132g_09191449_set1,scoop,scoop_total_132g,132,23,8,335.241,-0.5577436685562134,1.8627601861953735,1.374485969543457,-5.1777420594589785e-05,2.7001326088793576e-05,0.16520793735980988,0.7352209687232971
scoop_total132g_09191449_set1,scoop,scoop_total_132g,132,23,9,336.062,-0.5593961477279663,1.8811895847320557,1.3885775804519653,-5.222345862421207e-05,2.7233929358772002e-05,0.16663111746311188,0.7313312292098999
scoop_total132g_09191449_set1,scoop,scoop_total_132g,132,23,10,336.879,-0.5717329978942871,1.8977292776107788,1.4199886322021484,-5.152473386260681e-05,2.6819363483809866e-05,0.16433675587177277,0.7309751510620117
scoop_total132g_09191449_set1,scoop,scoop_total_132g,132,24,1,338.700,-0.523550808429718,1.8630582094192505,1.399717092514038,-5.262349804979749e-05,2.7442543796496466e-05,0.16790753602981567,0.7200754880905151
scoop_total132g_09191449_set1,scoop,scoop_total_132g,132,24,2,339.519,-0.6582018136978149,1.9589076042175293,1.280783772468567,-5.201435124035925e-05,2.7124880944029428e-05,0.16596391797065735,0.7337256073951721
scoop_total132g_09191449_set1,scoop,scoop_total_132g,132,24,3,340.339,-0.6416298151016235,1.9489855766296387,1.3489155769348145,-5.162916932022199e-05,2.6924013582174666e-05,0.16473489999771118,0.7323974967002869
scoop_total132g_09191449_set1,scoop,scoop_total_132g,132,24,4,341.162,-0.6044924855232239,1.9071259498596191,1.3333324193954468,-5.2452654927037656e-05,2.7353451514500193e-05,0.16736242175102234,0.7337056994438171
scoop_total132g_09191449_set1,scoop,scoop_total_132g,132,24,5,341.979,-0.466206818819046,1.8443328142166138,1.4169219732284546,-5.263045022729784e-05,2.7446170861367136e-05,0.1679297238588333,0.7330158352851868
scoop_total132g_09191449_set1,scoop,scoop_total_132g,132,24,6,342.800,-0.43491891026496887,1.8307569026947021,1.3545012474060059,-5.1888877351302654e-05,2.7059448257205077e-05,0.16556356847286224,0.7169317007064819
scoop_total132g_09191449_set1,scoop,scoop_total_132g,132,24,7,343.619,-0.41461506485939026,1.8328379392623901,1.2991009950637817,-5.236498327576555e-05,2.7307731215842068e-05,0.16708268225193024,0.734159529209137
scoop_total132g_09191449_set1,scoop,scoop_total_132g,132,24,8,344.442,-0.5027593970298767,1.8670237064361572,1.3594090938568115,-5.316575334290974e-05,2.7725325708161108e-05,0.1696377396583557,0.724826455116272
scoop_total132g_09191449_set1,scoop,scoop_total_132g,132,24,9,345.262,-0.6805819272994995,1.957299828529358,1.2817320823669434,-5.212006362853572e-05,2.7180010874872096e-05,0.16630122065544128,0.7205761671066284
scoop_total132g_09191449_set1,scoop,scoop_total_132g,132,24,10,346.079,-0.5672447681427002,1.8871592283248901,1.2650576829910278,-5.1615741540445015e-05,2.6917012291960418e-05,0.16469205915927887,0.7259531021118164
scoop_total132g_09191449_set1,scoop,scoop_total_132g,132,25,1,347.900,-0.5072214007377625,1.8728351593017578,1.3942956924438477,-5.127822805661708e-05,2.6740979592432268e-05,0.16361510753631592,0.7246527075767517
scoop_total132g_09191449_set1,scoop,scoop_total_132g,132,25,2,348.717,-0.687594473361969,1.9428192377090454,1.3062773942947388,-5.2224619139451534e-05,2.723453326325398e-05,0.16663482785224915,0.7196048498153687
scoop_total132g_09191449_set1,scoop,scoop_total_132g,132,25,3,349.538,-0.711779773235321,1.9492342472076416,1.233304500579834,-5.2159182814648375e-05,2.7200410841032863e-05,0.16642603278160095,0.7138049602508545
scoop_total132g_09191449_set1,scoop,scoop_total_132g,132,25,4,350.359,-0.7086172699928284,1.9870890378952026,1.2013020515441895,-5.25826180819422e-05,2.742122524068691e-05,0.16777710616588593,0.7332470417022705
scoop_total132g_09191449_set1,scoop,scoop_total_132g,132,25,5,351.179,-0.717660665512085,1.9888577461242676,1.2584514617919922,-5.188244176679291e-05,2.7056094040744938e-05,0.16554303467273712,0.734303891658783
scoop_total132g_09191449_set1,scoop,scoop_total_132g,132,25,6,352.000,-0.6162356734275818,1.9314664602279663,1.4202929735183716,-5.294360016705468e-05,2.7609474273049273e-05,0.16892890632152557,0.7205454707145691
scoop_total132g_09191449_set1,scoop,scoop_total_132g,132,25,7,352.819,-0.5603731870651245,1.904587984085083,1.3025778532028198,-5.136438267072663e-05,2.6785930458572693e-05,0.1638900488615036,0.7150312662124634
scoop_total132g_09191449_set1,scoop,scoop_total_132g,132,25,8,353.640,-0.7166712284088135,1.9876230955123901,1.2091450691223145,-5.2720413805218413e-05,2.749308623606339e-05,0.1682167798280716,0.7287391424179077
scoop_total132g_09191449_set1,scoop,scoop_total_132g,132,25,9,354.457,-0.6961686015129089,1.9510364532470703,1.2907346487045288,-5.2108072850387543e-05,2.71737553703133e-05,0.16626295447349548,0.723304808139801
scoop_total132g_09191449_set1,scoop,scoop_total_132g,132,25,10,355.280,-0.7217063903808594,1.9794771671295166,1.3131816387176514,-5.178006904316135e-05,2.7002704882761464e-05,0.1652163863182068,0.7151789665222168
scoop_total132g_09191449_set1,scoop,scoop_total_132g,132,26,1,357.097,-0.6644723415374756,1.9266955852508545,1.2666022777557373,-5.14528583153151e-05,2.6832070943783037e-05,0.16417235136032104,0.7288025617599487
scoop_total132g_09191449_set1,scoop,scoop_total_132g,132,26,2,357.917,-0.7143687009811401,1.984763741493225,1.2966082096099854,-5.3480784117709845e-05,2.780550676106941e-05,0.17053411900997162,0.7280524969100952
scoop_total132g_09191449_set1,scoop,scoop_total_132g,132,26,3,358.737,-0.675836980342865,1.9654335975646973,1.299072027206421,-5.2147548558423296e-05,2.7194342692382634e-05,0.16638891398906708,0.7056411504745483
scoop_total132g_09191449_set1,scoop,scoop_total_132g,132,26,4,359.557,-0.6784104704856873,1.9095947742462158,1.2239681482315063,-5.138015330885537e-05,2.6794155928655528e-05,0.16394037008285522,0.7240925431251526
scoop_total132g_09191449_set1,scoop,scoop_total_132g,132,26,5,360.377,-0.6370569467544556,1.9669407606124878,1.2690216302871704,-5.173241515876725e-05,2.6977855668519624e-05,0.16506433486938477,0.7378942966461182
scoop_total132g_09191449_set1,scoop,scoop_total_132g,132,26,6,361.198,-0.6127574443817139,1.9182289838790894,1.3625518083572388,-5.1672133849933743e-05,2.6946419893647544e-05,0.16487199068069458,0.7330158948898315
scoop_total132g_09191449_set1,scoop,scoop_total_132g,132,26,7,362.017,-0.5762109756469727,1.8956668376922607,1.3612134456634521,-5.1692659326363355e-05,2.695712464628741e-05,0.16493748128414154,0.7225400805473328
scoop_total132g_09191449_set1,scoop,scoop_total_132g,132,26,8,362.838,-0.5142305493354797,1.8615763187408447,1.299811840057373,-5.1433147746138275e-05,2.6821790015674196e-05,0.16410945355892181,0.728024959564209
scoop_total132g_09191449_set1,scoop,scoop_total_132g,132,26,9,363.657,-0.4472755491733551,1.8287266492843628,1.3155204057693481,-5.2115501603111625e-05,2.7177631636732258e-05,0.1662866622209549,0.7405821681022644
scoop_total132g_09191449_set1,scoop,scoop_total_132g,132,26,10,364.477,-0.47286465764045715,1.8694499731063843,1.4051645994186401,-5.319216143107042e-05,2.773909545794595e-05,0.16972199082374573,0.7308686375617981
scoop_total132g_09191449_set1,scoop,scoop_total_132g,132,27,1,366.297,-0.5117384791374207,1.89389967918396,1.3211618661880493,-5.32842350366991e-05,2.778711132123135e-05,0.17001578211784363,0.7240393161773682
scoop_total132g_09191449_set1,scoop,scoop_total_132g,132,27,2,367.117,-0.5632086396217346,1.9046485424041748,1.2496826648712158,-5.218503429205157e-05,2.7213889552513137e-05,0.1665085107088089,0.7258761525154114
scoop_total132g_09191449_set1,scoop,scoop_total_132g,132,27,3,367.937,-0.5479491353034973,2.023279905319214,1.3299496173858643,-5.277176751405932e-05,2.7519865398062393e-05,0.16838063299655914,0.7015767693519592
scoop_total132g_09191449_set1,scoop,scoop_total_132g,132,27,4,368.757,-0.5253728032112122,2.0834662914276123,1.1393351554870605,-5.4212334362091497e-05,2.8271075279917568e-05,0.17297706007957458,0.7296711802482605
scoop_total132g_09191449_set1,scoop,scoop_total_132g,132,27,5,369.577,-0.6714935898780823,2.00647234916687,1.1732192039489746,-5.2552240958902985e-05,2.740538548096083e-05,0.16768017411231995,0.6985669136047363
scoop_total132g_09191449_set1,scoop,scoop_total_132g,132,27,6,370.396,-0.6886945366859436,2.022001266479492,1.337638258934021,-5.277308446238749e-05,2.7520552976056933e-05,0.1683848351240158,0.700455904006958
scoop_total132g_09191449_set1,scoop,scoop_total_132g,132,27,7,371.216,-0.7194788455963135,1.9080102443695068,1.3053478002548218,-5.1581078878371045e-05,2.689893517526798e-05,0.16458146274089813,0.7689304351806641
scoop_total132g_09191449_set1,scoop,scoop_total_132g,132,27,8,372.036,-0.7530818581581116,1.9252262115478516,1.4070725440979004,-5.1580776926130056e-05,2.689877692318987e-05,0.16458049416542053,0.7057781219482422
scoop_total132g_09191449_set1,scoop,scoop_total_132g,132,27,9,372.857,-0.7011808753013611,1.8903952836990356,1.2256879806518555,-5.130094359628856e-05,2.6752848498290405e-05,0.16368761658668518,0.6990722417831421
scoop_total132g_09191449_set1,scoop,scoop_total_132g,132,27,10,373.677,-0.627928614616394,2.0159144401550293,1.3251290321350098,-5.2044539188500494e-05,2.7140624297317117e-05,0.16606023907661438,0.7253882884979248
scoop_total132g_09191449_set1,scoop,scoop_total_132g,132,28,1,375.500,-0.5460664629936218,1.9153497219085693,1.3746527433395386,-5.261858314042911e-05,2.7439982659416273e-05,0.16789186000823975,0.7118564248085022
scoop_total132g_09191449_set1,scoop,scoop_total_132g,132,28,2,376.319,-0.5068582892417908,1.8291583061218262,1.2626535892486572,-5.21407782798633e-05,2.719081203395035e-05,0.166367307305336,0.6979734301567078
scoop_total132g_09191449_set1,scoop,scoop_total_132g,132,28,3,377.139,-0.4615075886249542,1.845251202583313,1.2320499420166016,-5.28980563103687e-05,2.7585723728407174e-05,0.16878359019756317,0.7042326927185059
scoop_total132g_09191449_set1,scoop,scoop_total_132g,132,28,4,377.961,-0.4224264323711395,1.8288373947143555,1.25576913356781,-5.2876035624649376e-05,2.757424044830259e-05,0.16871333122253418,0.7231334447860718
scoop_total132g_09191449_set1,scoop,scoop_total_132g,132,28,5,378.778,-0.44165289402008057,1.8759334087371826,1.301102876663208,-5.270636029308662e-05,2.748555561993271e-05,0.16817167401313782,0.7170127034187317
scoop_total132g_09191449_set1,scoop,scoop_total_132g,132,28,6,379.599,-0.4952528476715088,1.913228154182434,1.2817500829696655,-5.2892737585352734e-05,2.758295158855617e-05,0.16876661777496338,0.7400895953178406
scoop_total132g_09191449_set1,scoop,scoop_total_132g,132,28,7,380.418,-0.5402147769927979,1.83855402469635,1.358862042427063,-5.16207110194955e-05,2.6919602532871068e-05,0.16470791399478912,0.7323663234710693
scoop_total132g_09191449_set1,scoop,scoop_total_132g,132,28,8,381.239,-0.563922643661499,1.931819200515747,1.3424961566925049,-5.093359141028486e-05,2.6561277991277166e-05,0.16251550614833832,0.724659264087677
scoop_total132g_09191449_set1,scoop,scoop_total_132g,132,28,9,382.058,-0.5765165090560913,1.9276354312896729,1.3408246040344238,-5.3016112360637635e-05,2.7647289243759587e-05,0.16916027665138245,0.7181470990180969
scoop_total132g_09191449_set1,scoop,scoop_total_132g,132,28,10,382.878,-0.6049809455871582,1.891842007637024,1.176181674003601,-5.1835249905707315e-05,2.7031483114114963e-05,0.1653924584388733,0.7109901309013367
scoop_total132g_09191449_set1,scoop,scoop_total_132g,132,29,1,384.699,-0.6808081269264221,1.9608250856399536,1.3138214349746704,-5.256895747152157e-05,2.7414102078182623e-05,0.16773352026939392,0.7221429944038391
scoop_total132g_09191449_set1,scoop,scoop_total_132g,132,29,2,385.521,-0.6551419496536255,1.9300209283828735,1.253950834274292,-5.2076749852858484e-05,2.7157422664458863e-05,0.16616302728652954,0.7144591212272644
scoop_total132g_09191449_set1,scoop,scoop_total_132g,132,29,3,386.341,-0.6359679698944092,1.914471983909607,1.204038143157959,-5.221740866545588e-05,2.723077341215685e-05,0.16661182045936584,0.711449384689331
scoop_total132g_09191449_set1,scoop,scoop_total_132g,132,29,4,387.159,-0.6955981850624084,1.9276435375213623,1.2670034170150757,-5.242979386821389e-05,2.7341529857949354e-05,0.16728948056697845,0.743877649307251
scoop_total132g_09191449_set1,scoop,scoop_total_132g,132,29,5,387.978,-0.6525998115539551,1.968132734298706,1.3237032890319824,-5.367182529880665e-05,2.7989235604763962e-05,0.17125247418880463,0.7438561320304871
scoop_total132g_09191449_set1,scoop,scoop_total_132g,132,29,6,388.797,-0.5451131463050842,1.9095627069473267,1.2082644701004028,-5.112596772960387e-05,2.666160071385093e-05,0.16312932968139648,0.7173056602478027
scoop_total132g_09191449_set1,scoop,scoop_total_132g,132,29,7,389.617,-0.5091487169265747,1.9017146825790405,1.2831218242645264,-5.175282058189623e-05,2.6988496756530367e-05,0.16512943804264069,0.7413554787635803
scoop_total132g_09191449_set1,scoop,scoop_total_132g,132,29,8,390.440,-0.5847548842430115,1.8887561559677124,1.377009630203247,-5.143312955624424e-05,2.682178092072718e-05,0.16410939395427704,0.7594999074935913
scoop_total132g_09191449_set1,scoop,scoop_total_132g,132,29,9,391.257,-0.5703237056732178,1.8748208284378052,1.4021745920181274,-5.173564568394795e-05,2.6979540052707307e-05,0.1650746464729309,0.7034081816673279
scoop_total132g_09191449_set1,scoop,scoop_total_132g,132,29,10,392.077,-0.5214090943336487,1.878191351890564,1.3514074087142944,-5.114637315273285e-05,2.667223998287227e-05,0.1631944328546524,0.7210467457771301
scoop_total132g_09191449_set1,scoop,scoop_total_132g,132,30,1,393.902,-0.62103670835495,1.8838019371032715,1.3634696006774902,-5.1450373575789854e-05,2.683077400433831e-05,0.16416440904140472,0.7364206314086914
scoop_total132g_09191449_set1,scoop,scoop_total_132g,132,30,2,394.719,-0.5714073181152344,1.9447005987167358,1.3248594999313354,-5.3146392019698396e-05,2.7715228497982025e-05,0.16957595944404602,0.7177358865737915
scoop_total132g_09191449_set1,scoop,scoop_total_132g,132,30,3,395.541,-0.5760571956634521,1.897585153579712,1.2540959119796753,-5.153429083293304e-05,2.687453707039822e-05,0.16443218290805817,0.7108615636825562
scoop_total132g_09191449_set1,scoop,scoop_total_132g,132,30,4,396.357,-0.5695379972457886,1.9677671194076538,1.2414933443069458,-5.21113324793987e-05,2.7175456125405617e-05,0.1662733554840088,0.7605274319648743
scoop_total132g_09191449_set1,scoop,scoop_total_132g,132,30,5,397.177,-0.6041033864021301,1.9757593870162964,1.2072832584381104,-5.2631796279456466e-05,2.7446872991276905e-05,0.16793401539325714,0.7067290544509888
scoop_total132g_09191449_set1,scoop,scoop_total_132g,132,30,6,397.997,-0.6541447043418884,1.9391984939575195,1.3100043535232544,-5.2113300625933334e-05,2.717648385441862e-05,0.1662796437740326,0.712246835231781
scoop_total132g_09191449_set1,scoop,scoop_total_132g,132,30,7,398.817,-0.5870786309242249,1.9103808403015137,1.2015917301177979,-5.2570554544217885e-05,2.7414935175329447e-05,0.16773861646652222,0.7232471704483032
scoop_total132g_09191449_set1,scoop,scoop_total_132g,132,30,8,399.637,-0.6023910641670227,1.9012110233306885,1.2426594495773315,-5.250114554655738e-05,2.736345231824089e-05,0.16749738156795502,0.7282429337501526
scoop_total132g_09191449_set1,scoop,scoop_total_132g,132,30,9,400.457,-0.6180810928344727,1.905561089515686,1.2982956171035767,-5.152433004695922e-05,2.6869342036661692e-05,0.1644003987312317,0.7245416045188904
scoop_total132g_09191449_set1,scoop,scoop_total_132g,132,30,10,401.287,-0.5920654535293579,1.89408540725708,1.2932814359664917,-5.197183782001957e-05,2.7102712920168415e-05,0.16582827270030975,0.7179112434387207
scoop_total132g_09191449_set2,scoop,scoop_total_132g,132,1,1,417.187,-0.39127516746520996,1.7764335870742798,1.436942458152771,-5.0686223403317854e-05,2.64322789007565e-05,0.1617262065410614,0.7562109231948853
scoop_total132g_09191449_set2,scoop,scoop_total_132g,132,1,2,418.013,-0.37137800455093384,1.7534213066101074,1.2369296550750732,-5.1330400310689583e-05,2.676820986380335e-05,0.16378161311149597,0.7158128023147583
scoop_total132g_09191449_set2,scoop,scoop_total_132g,132,1,3,418.826,-0.4315154254436493,1.76531982421875,1.3073627948760986,-5.0764690968208015e-05,2.6473198886378668e-05,0.16197657585144043,0.7291209101676941
scoop_total132g_09191449_set2,scoop,scoop_total_132g,132,1,4,419.649,-0.5750607252120972,1.8641624450683594,1.2958221435546875,-5.048897583037615e-05,2.6329416868975386e-05,0.16109685599803925,0.7166017293930054
scoop_total132g_09191449_set2,scoop,scoop_total_132g,132,1,5,420.469,-0.5990416407585144,1.8774374723434448,1.2737759351730347,-5.091587081551552e-05,2.6552037525107153e-05,0.16245897114276886,0.7219968438148499
scoop_total132g_09191449_set2,scoop,scoop_total_132g,132,1,6,421.289,-0.5457311272621155,1.934230923652649,1.231864094734192,-5.122822767589241e-05,2.671492620720528e-05,0.16345560550689697,0.7022441029548645
scoop_total132g_09191449_set2,scoop,scoop_total_132g,132,1,7,422.109,-0.47928956151008606,2.03360915184021,1.3477610349655151,-5.27239462826401e-05,2.749492705333978e-05,0.16822804510593414,0.7175053954124451
scoop_total132g_09191449_set2,scoop,scoop_total_132g,132,1,8,422.932,-0.3049335777759552,1.8268057107925415,1.1855961084365845,-5.2639028581324965e-05,2.7450643756310456e-05,0.1679570972919464,0.7237892746925354
scoop_total132g_09191449_set2,scoop,scoop_total_132g,132,1,9,423.750,-0.48843008279800415,1.8954640626907349,1.285410761833191,-4.971968519384973e-05,2.592824057501275e-05,0.1586422473192215,0.721299946308136
scoop_total132g_09191449_set2,scoop,scoop_total_132g,132,1,10,424.572,-0.5343419313430786,1.862152338027954,1.185808539390564,-5.252394839772023e-05,2.7390629838919267e-05,0.16758990287780762,0.7083505392074585
scoop_total132g_09191449_set2,scoop,scoop_total_132g,132,2,1,426.389,-0.53704833984375,1.8482975959777832,1.1786631345748901,-5.127652912051417e-05,2.6740117391454987e-05,0.16360972821712494,0.7291683554649353
scoop_total132g_09191449_set2,scoop,scoop_total_132g,132,2,2,427.209,-0.575054407119751,1.8628629446029663,1.3356126546859741,-5.135756146046333e-05,2.678237433428876e-05,0.1638682782649994,0.7069061398506165
scoop_total132g_09191449_set2,scoop,scoop_total_132g,132,2,3,428.030,-0.5457778573036194,1.860264539718628,1.1883116960525513,-5.1141912990715355e-05,2.666991531441454e-05,0.16318020224571228,0.714189350605011
scoop_total132g_09191449_set2,scoop,scoop_total_132g,132,2,4,428.846,-0.5734018683433533,1.8679394721984863,1.185715675354004,-5.053536006016657e-05,2.635360579006374e-05,0.16124485433101654,0.7189319133758545
scoop_total132g_09191449_set2,scoop,scoop_total_132g,132,2,5,429.669,-0.5480136275291443,1.912839412689209,1.2741698026657104,-5.085069278720766e-05,2.651804607012309e-05,0.16225099563598633,0.7279553413391113
scoop_total132g_09191449_set2,scoop,scoop_total_132g,132,2,6,430.487,-0.5370875597000122,1.9196890592575073,1.36745023727417,-5.0668157200561836e-05,2.6422856535646133e-05,0.1616685688495636,0.7230810523033142
scoop_total132g_09191449_set2,scoop,scoop_total_132g,132,2,7,431.309,-0.48185276985168457,1.7999194860458374,1.3369693756103516,-4.9957372539211065e-05,2.6052190150949173e-05,0.15940064191818237,0.7123576998710632
scoop_total132g_09191449_set2,scoop,scoop_total_132g,132,2,8,432.130,-0.42253994941711426,1.8882862329483032,1.3209130764007568,-5.1203005568822846e-05,2.6701774913817644e-05,0.1633751392364502,0.7560693621635437
scoop_total132g_09191449_set2,scoop,scoop_total_132g,132,2,9,432.946,-0.4539508819580078,1.8459731340408325,1.4155687093734741,-5.142717782291584e-05,2.681867772480473e-05,0.16409039497375488,0.753820538520813
scoop_total132g_09191449_set2,scoop,scoop_total_132g,132,2,10,433.769,-0.4306134283542633,1.8529225587844849,1.2931396961212158,-5.134669481776655e-05,2.6776706363307312e-05,0.1638336032629013,0.668510377407074
scoop_total132g_09191449_set2,scoop,scoop_total_132g,132,3,1,435.588,-0.41854676604270935,1.8152461051940918,1.3769140243530273,-4.9903970648301765e-05,2.602434324217029e-05,0.15923026204109192,0.6861695647239685
scoop_total132g_09191449_set2,scoop,scoop_total_132g,132,3,2,436.406,-0.45588555932044983,1.9467164278030396,1.4282702207565308,-5.203410182730295e-05,2.7135180062032305e-05,0.16602693498134613,0.786813497543335
scoop_total132g_09191449_set2,scoop,scoop_total_132g,132,3,3,437.226,-0.4390990436077118,1.954915165901184,1.437064528465271,-5.172994497115724e-05,2.6976567824021913e-05,0.16505645215511322,0.7108621001243591
scoop_total132g_09191449_set2,scoop,scoop_total_132g,132,3,4,438.046,-0.4678889513015747,1.8494768142700195,1.2066634893417358,-5.0510258006397635e-05,2.6340516342315823e-05,0.1611647605895996,0.7141404151916504
scoop_total132g_09191449_set2,scoop,scoop_total_132g,132,3,5,438.867,-0.5231653451919556,1.8528399467468262,1.2079421281814575,-5.107982724439353e-05,2.6637537303031422e-05,0.16298209130764008,0.7169186472892761
scoop_total132g_09191449_set2,scoop,scoop_total_132g,132,3,6,439.686,-0.5786194801330566,1.8869255781173706,1.2824128866195679,-5.135134779266082e-05,2.6779132895171642e-05,0.16384844481945038,0.7196927666664124
scoop_total132g_09191449_set2,scoop,scoop_total_132g,132,3,7,440.506,-0.6038680076599121,1.8533929586410522,1.2423003911972046,-5.1159226131858304e-05,2.667894477781374e-05,0.16323544085025787,0.7270060181617737
scoop_total132g_09191449_set2,scoop,scoop_total_132g,132,3,8,441.330,-0.5391189455986023,1.896323323249817,1.2284268140792847,-5.0176255172118545e-05,2.6166335374000482e-05,0.16009904444217682,0.7336545586585999
scoop_total132g_09191449_set2,scoop,scoop_total_132g,132,3,9,442.147,-0.5887752771377563,1.8231710195541382,1.234512209892273,-5.080911796540022e-05,2.6496367354411632e-05,0.1621183454990387,0.7149842381477356
scoop_total132g_09191449_set2,scoop,scoop_total_132g,132,3,10,442.966,-0.5683938264846802,1.8844517469406128,1.2896661758422852,-5.061062620370649e-05,2.639285594341345e-05,0.1614850014448166,0.7229975461959839
scoop_total132g_09191449_set2,scoop,scoop_total_132g,132,4,1,444.787,-0.4787014126777649,1.8378249406814575,1.2956939935684204,-5.063742719357833e-05,2.6406833057990298e-05,0.16157051920890808,0.7327324151992798
scoop_total132g_09191449_set2,scoop,scoop_total_132g,132,4,2,445.606,-0.5088154077529907,1.8558639287948608,1.3698567152023315,-5.109536141389981e-05,2.6645639081834815e-05,0.163031667470932,0.7271866202354431
scoop_total132g_09191449_set2,scoop,scoop_total_132g,132,4,3,446.428,-0.489022433757782,1.8763643503189087,1.3530737161636353,-5.0964423280674964e-05,2.657735785760451e-05,0.1626138836145401,0.7271254062652588
scoop_total132g_09191449_set2,scoop,scoop_total_132g,132,4,4,447.246,-0.4426382780075073,1.8498804569244385,1.3274868726730347,-5.095569940749556e-05,2.657280674611684e-05,0.16258604824543,0.7345556616783142
scoop_total132g_09191449_set2,scoop,scoop_total_132g,132,4,5,448.067,-0.47434768080711365,1.8532096147537231,1.3873729705810547,-5.188453724258579e-05,2.7057185434387065e-05,0.16554972529411316,0.7353099584579468
scoop_total132g_09191449_set2,scoop,scoop_total_132g,132,4,6,448.889,-0.4880586862564087,1.854417085647583,1.3992942571640015,-5.131180296302773e-05,2.6758511012303643e-05,0.16372227668762207,0.7252508401870728
scoop_total132g_09191449_set2,scoop,scoop_total_132g,132,4,7,449.709,-0.5616390705108643,1.8823813199996948,1.307312250137329,-5.122655056766234e-05,2.671405309229158e-05,0.16345025599002838,0.7315950989723206
scoop_total132g_09191449_set2,scoop,scoop_total_132g,132,4,8,450.527,-0.4764100909233093,1.8725738525390625,1.357343077659607,-5.1394668844295666e-05,2.6801724743563682e-05,0.1639866679906845,0.7311407327651978
scoop_total132g_09191449_set2,scoop,scoop_total_132g,132,4,9,451.346,-0.5415900945663452,1.876373052597046,1.3484991788864136,-5.1084196456940845e-05,2.663981831574347e-05,0.16299603879451752,0.7248771786689758
scoop_total132g_09191449_set2,scoop,scoop_total_132g,132,4,10,452.167,-0.5504133105278015,1.8866019248962402,1.3012782335281372,-5.077254900243133e-05,2.6477295250515454e-05,0.16200165450572968,0.7239211797714233
scoop_total132g_09191449_set2,scoop,scoop_total_132g,132,5,1,453.989,-0.5717561841011047,1.8539507389068604,1.2098348140716553,-5.077152309240773e-05,2.6476762286620215e-05,0.16199839115142822,0.7130082249641418
scoop_total132g_09191449_set2,scoop,scoop_total_132g,132,5,2,454.806,-0.5271738767623901,1.87611722946167,1.1990059614181519,-4.9513640988152474e-05,2.582078923296649e-05,0.15798482298851013,0.7112362384796143
scoop_total132g_09191449_set2,scoop,scoop_total_132g,132,5,3,455.626,-0.5514053702354431,1.8849003314971924,1.2504217624664307,-5.15702813572716e-05,2.6893305403064005e-05,0.16454701125621796,0.7187159061431885
scoop_total132g_09191449_set2,scoop,scoop_total_132g,132,5,4,456.449,-0.5135988593101501,1.8766567707061768,1.2780977487564087,-5.044419231126085e-05,2.630606286402326e-05,0.16095396876335144,0.7194393277168274
scoop_total132g_09191449_set2,scoop,scoop_total_132g,132,5,5,457.267,-0.4786899983882904,1.8312500715255737,1.2526731491088867,-5.127437907503918e-05,2.6738995074993e-05,0.16360285878181458,0.7150357961654663
scoop_total132g_09191449_set2,scoop,scoop_total_132g,132,5,6,458.086,-0.4533187448978424,1.8336330652236938,1.2372474670410156,-5.155610051588155e-05,2.6885909392149188e-05,0.16450175642967224,0.7274677157402039
scoop_total132g_09191449_set2,scoop,scoop_total_132g,132,5,7,458.909,-0.4348284900188446,1.8201006650924683,1.3139867782592773,-5.124809831613675e-05,2.6725290808826685e-05,0.1635190099477768,0.7153758406639099
scoop_total132g_09191449_set2,scoop,scoop_total_132g,132,5,8,459.729,-0.4284765124320984,1.8262404203414917,1.3038749694824219,-5.163432069821283e-05,2.6926700229523703e-05,0.164751335978508,0.7306546568870544
scoop_total132g_09191449_set2,scoop,scoop_total_132g,132,5,9,460.548,-0.4154004454612732,1.8086820840835571,1.3352575302124023,-5.131254147272557e-05,2.675889481906779e-05,0.1637246310710907,0.7281519770622253
scoop_total132g_09191449_set2,scoop,scoop_total_132g,132,5,10,461.368,-0.39288729429244995,1.7933967113494873,1.2698572874069214,-5.169240102986805e-05,2.6956988222082146e-05,0.16493666172027588,0.7226825952529907
scoop_total132g_09191449_set2,scoop,scoop_total_132g,132,6,1,463.191,-0.4829035997390747,1.8294551372528076,1.3797850608825684,-5.103016519569792e-05,2.661164035089314e-05,0.1628236323595047,0.7211412191390991
scoop_total132g_09191449_set2,scoop,scoop_total_132g,132,6,2,464.008,-0.5011510252952576,1.8470298051834106,1.2884669303894043,-5.021692777518183e-05,2.618754660943523e-05,0.16022881865501404,0.7271541357040405
scoop_total132g_09191449_set2,scoop,scoop_total_132g,132,6,3,464.829,-0.527764081954956,1.861340045928955,1.276363730430603,-5.033621710026637e-05,2.6249754228047095e-05,0.1606094390153885,0.7254558205604553
scoop_total132g_09191449_set2,scoop,scoop_total_132g,132,6,4,465.648,-0.5606650114059448,1.8681113719940186,1.3011434078216553,-5.1080569392070174e-05,2.6637924747774377e-05,0.1629844605922699,0.7260428071022034
scoop_total132g_09191449_set2,scoop,scoop_total_132g,132,6,5,466.468,-0.6396138072013855,1.9102402925491333,1.3222495317459106,-5.0928007112815976e-05,2.655836578924209e-05,0.16249768435955048,0.7122600078582764
scoop_total132g_09191449_set2,scoop,scoop_total_132g,132,6,6,467.291,-0.6073824763298035,1.9058748483657837,1.2123380899429321,-5.137208427186124e-05,2.6789946787175722e-05,0.16391462087631226,0.713330864906311
scoop_total132g_09191449_set2,scoop,scoop_total_132g,132,6,7,468.111,-0.614255428314209,1.9001797437667847,1.2007380723953247,-5.103453077026643e-05,2.661391772562638e-05,0.16283757984638214,0.7235262393951416
scoop_total132g_09191449_set2,scoop,scoop_total_132g,132,6,8,468.936,-0.6137045621871948,1.9213677644729614,1.2678302526474,-5.1434799388516694e-05,2.6822652216651477e-05,0.16411471366882324,0.7258186340332031
scoop_total132g_09191449_set2,scoop,scoop_total_132g,132,6,9,469.756,-0.615751326084137,1.927201271057129,1.295363426208496,-5.069780308986083e-05,2.6438317945576273e-05,0.16176316142082214,0.7185999751091003
scoop_total132g_09191449_set2,scoop,scoop_total_132g,132,6,10,470.577,-0.5760522484779358,1.876733422279358,1.2360628843307495,-5.151621735421941e-05,2.6865111067309044e-05,0.16437451541423798,0.7193585634231567
scoop_total132g_09191449_set2,scoop,scoop_total_132g,132,7,1,472.396,-0.4976581633090973,1.8653010129928589,1.3472806215286255,-5.1377068302826956e-05,2.679254612303339e-05,0.1639305204153061,0.7156493663787842
scoop_total132g_09191449_set2,scoop,scoop_total_132g,132,7,2,473.216,-0.45094889402389526,1.8564088344573975,1.307195782661438,-5.150182551005855e-05,2.6857605917030014e-05,0.16432859003543854,0.7127022743225098
scoop_total132g_09191449_set2,scoop,scoop_total_132g,132,7,3,474.036,-0.39664915204048157,1.8090039491653442,1.2323168516159058,-5.1190058002248406e-05,2.6695022825151682e-05,0.16333381831645966,0.727403461933136
scoop_total132g_09191449_set2,scoop,scoop_total_132g,132,7,4,474.856,-0.33426210284233093,1.787637710571289,1.3085229396820068,-5.1029943278990686e-05,2.6611523935571313e-05,0.1628229320049286,0.7357587814331055
scoop_total132g_09191449_set2,scoop,scoop_total_132g,132,7,5,475.677,-0.35408374667167664,1.781376838684082,1.3832135200500488,-5.196064375923015e-05,2.7096875783172436e-05,0.1657925546169281,0.7308850884437561
scoop_total132g_09191449_set2,scoop,scoop_total_132g,132,7,6,476.496,-0.36172425746917725,1.7939329147338867,1.3588957786560059,-5.1123199227731675e-05,2.6660156436264515e-05,0.16312047839164734,0.7220152020454407
scoop_total132g_09191449_set2,scoop,scoop_total_132g,132,7,7,477.317,-0.3801847994327545,1.7895257472991943,1.2947478294372559,-5.2323426643852144e-05,2.7286061595077626e-05,0.16695009171962738,0.721009373664856
scoop_total132g_09191449_set2,scoop,scoop_total_132g,132,7,8,478.137,-0.41997259855270386,1.8143010139465332,1.270970344543457,-5.131813668413088e-05,2.676181247807108e-05,0.16374248266220093,0.7286994457244873
scoop_total132g_09191449_set2,scoop,scoop_total_132g,132,7,9,478.956,-0.485316663980484,1.8376902341842651,1.3406076431274414,-5.1783397793769836e-05,2.700444201764185e-05,0.165227010846138,0.7267389893531799
scoop_total132g_09191449_set2,scoop,scoop_total_132g,132,7,10,479.777,-0.46881985664367676,1.8367668390274048,1.3371058702468872,-5.109230551170185e-05,2.664404564711731e-05,0.16302192211151123,0.7180280089378357
scoop_total132g_09191449_set2,scoop,scoop_total_132g,132,8,1,481.596,-0.6506423354148865,1.9239615201950073,1.2711292505264282,-5.232399416854605e-05,2.7286356271361e-05,0.16695190966129303,0.7288549542427063
scoop_total132g_09191449_set2,scoop,scoop_total_132g,132,8,2,482.416,-0.5654198527336121,1.8616712093353271,1.2877224683761597,-5.138710912433453e-05,2.6797782993526198e-05,0.16396255791187286,0.7391743659973145
scoop_total132g_09191449_set2,scoop,scoop_total_132g,132,8,3,483.236,-0.4772256016731262,1.8442177772521973,1.4040859937667847,-5.166171831660904e-05,2.6940988391288556e-05,0.1648387610912323,0.7345797419548035
scoop_total132g_09191449_set2,scoop,scoop_total_132g,132,8,4,484.060,-0.46535491943359375,1.8392678499221802,1.3858312368392944,-5.125040115672164e-05,2.6726491341833025e-05,0.16352635622024536,0.7231664061546326
scoop_total132g_09191449_set2,scoop,scoop_total_132g,132,8,5,484.877,-0.48883262276649475,1.8548035621643066,1.332848310470581,-5.178606807021424e-05,2.7005835363524966e-05,0.16523553431034088,0.7136993408203125
scoop_total132g_09191449_set2,scoop,scoop_total_132g,132,8,6,485.696,-0.5426579713821411,1.8805173635482788,1.2429293394088745,-5.033940033172257e-05,2.6251414965372533e-05,0.1606196016073227,0.7254078984260559
scoop_total132g_09191449_set2,scoop,scoop_total_132g,132,8,7,486.517,-0.6513146162033081,1.9314594268798828,1.2564024925231934,-5.134836828801781e-05,2.6777579478221014e-05,0.1638389378786087,0.7240729331970215
scoop_total132g_09191449_set2,scoop,scoop_total_132g,132,8,8,487.336,-0.46765634417533875,1.8404823541641235,1.2884235382080078,-5.082335337647237e-05,2.6503790650167502e-05,0.16216376423835754,0.7256074547767639
scoop_total132g_09191449_set2,scoop,scoop_total_132g,132,8,9,488.156,-0.4459594488143921,1.8331398963928223,1.3395227193832397,-5.2216288167983294e-05,2.7230189516558312e-05,0.16660824418067932,0.7215547561645508
scoop_total132g_09191449_set2,scoop,scoop_total_132g,132,8,10,488.977,-0.42329323291778564,1.8177093267440796,1.2535184621810913,-5.0739236030494794e-05,2.645992390171159e-05,0.16189536452293396,0.7166857719421387
scoop_total132g_09191449_set2,scoop,scoop_total_132g,132,9,1,490.796,-0.6358315944671631,1.9242573976516724,1.1563283205032349,-4.9805013986770064e-05,2.5972738512791693e-05,0.15891452133655548,0.7225632071495056
scoop_total132g_09191449_set2,scoop,scoop_total_132g,132,9,2,491.616,-0.6508245468139648,1.9549148082733154,1.251631736755371,-5.0571212341310456e-05,2.6372301363153383e-05,0.1613592505455017,0.7217423915863037
scoop_total132g_09191449_set2,scoop,scoop_total_132g,132,9,3,492.436,-0.643545925617218,1.9251283407211304,1.2915605306625366,-5.0763977924361825e-05,2.647282599355094e-05,0.16197431087493896,0.7266992330551147
scoop_total132g_09191449_set2,scoop,scoop_total_132g,132,9,4,493.258,-0.44614177942276,1.8366162776947021,1.3261860609054565,-5.10092249896843e-05,2.6600720957503654e-05,0.16275683045387268,0.7226163148880005
scoop_total132g_09191449_set2,scoop,scoop_total_132g,132,9,5,494.077,-0.4376074969768524,1.7710909843444824,1.2579655647277832,-5.099264672026038e-05,2.6592073481879197e-05,0.16270393133163452,0.7201288938522339
scoop_total132g_09191449_set2,scoop,scoop_total_132g,132,9,6,494.896,-0.5781280398368835,1.863120198249817,1.23768949508667,-5.1404073019512e-05,2.680662873899564e-05,0.16401667892932892,0.7213596701622009
scoop_total132g_09191449_set2,scoop,scoop_total_132g,132,9,7,495.716,-0.5339802503585815,1.8483468294143677,1.2552872896194458,-5.037422670284286e-05,2.6269575755577534e-05,0.16073071956634521,0.7332763671875
scoop_total132g_09191449_set2,scoop,scoop_total_132g,132,9,8,496.536,-0.5739554762840271,1.9091122150421143,1.2587822675704956,-5.0764640036504716e-05,2.647317342052702e-05,0.1619764268398285,0.6954219937324524
scoop_total132g_09191449_set2,scoop,scoop_total_132g,132,9,9,497.356,-0.6474377512931824,1.6771315336227417,1.1350440979003906,-4.8414509365102276e-05,2.5247605663025752e-05,0.1544777750968933,0.7760732769966125
scoop_total132g_09191449_set2,scoop,scoop_total_132g,132,9,10,498.176,-0.5711957812309265,1.8795278072357178,1.2734074592590332,-5.1081733545288444e-05,2.6638532290235162e-05,0.16298818588256836,0.6909801363945007
scoop_total132g_09191449_set2,scoop,scoop_total_132g,132,10,1,499.996,-0.5475252866744995,1.9369454383850098,1.24295973777771,-5.1288694521645084e-05,2.674646020750515e-05,0.1636485457420349,0.7222230434417725
scoop_total132g_09191449_set2,scoop,scoop_total_132g,132,10,2,500.816,-0.5319963097572327,1.870246410369873,1.2320717573165894,-5.063099160906859e-05,2.6403475203551352e-05,0.16154998540878296,0.7276449799537659
scoop_total132g_09191449_set2,scoop,scoop_total_132g,132,10,3,501.638,-0.46510839462280273,1.85973060131073,1.3429522514343262,-5.100587077322416e-05,2.6598971089697443e-05,0.1627461165189743,0.723587155342102
scoop_total132g_09191449_set2,scoop,scoop_total_132g,132,10,4,502.458,-0.5026828646659851,1.7691197395324707,1.3094770908355713,-5.0492159061832353e-05,2.633107578731142e-05,0.16110700368881226,0.7258776426315308
scoop_total132g_09191449_set2,scoop,scoop_total_132g,132,10,5,503.279,-0.44756391644477844,1.80342435836792,1.2915958166122437,-5.095090455142781e-05,2.6570307454676367e-05,0.1625707447528839,0.7273505926132202
scoop_total132g_09191449_set2,scoop,scoop_total_132g,132,10,6,504.100,-0.4350964426994324,1.8067736625671387,1.2939543724060059,-5.009648884879425e-05,2.6124738724320196e-05,0.1598445326089859,0.7215985655784607
scoop_total132g_09191449_set2,scoop,scoop_total_132g,132,10,7,504.918,-0.48882371187210083,1.796015739440918,1.3290752172470093,-5.139372296980582e-05,2.680123179743532e-05,0.16398365795612335,0.7311081290245056
scoop_total132g_09191449_set2,scoop,scoop_total_132g,132,10,8,505.741,-0.46606481075286865,1.8175652027130127,1.3576050996780396,-5.047650120104663e-05,2.6322912162868306e-05,0.16105705499649048,0.7134751677513123
scoop_total132g_09191449_set2,scoop,scoop_total_132g,132,10,9,506.561,-0.48890724778175354,1.8178716897964478,1.2505888938903809,-5.02140901517123e-05,2.6186067771050148e-05,0.16021977365016937,0.7358588576316833
scoop_total132g_09191449_set2,scoop,scoop_total_132g,132,10,10,507.379,-0.47449377179145813,1.8536235094070435,1.2192583084106445,-5.0547045248094946e-05,2.6359699404565617e-05,0.16128213703632355,0.7313363552093506
scoop_total132g_09191449_set2,scoop,scoop_total_132g,132,11,1,509.196,-0.587369441986084,1.8671914339065552,1.2461868524551392,-5.031140972278081e-05,2.6236817575409077e-05,0.16053028404712677,0.7107783555984497
scoop_total132g_09191449_set2,scoop,scoop_total_132g,132,11,2,510.017,-0.5298636555671692,1.8842979669570923,1.186192274093628,-5.162502930033952e-05,2.692185626074206e-05,0.16472169756889343,0.7071121335029602
scoop_total132g_09191449_set2,scoop,scoop_total_132g,132,11,3,510.836,-0.5304967761039734,1.8818176984786987,1.1761643886566162,-4.968695429852232e-05,2.5911171178449877e-05,0.158537819981575,0.7242857813835144
scoop_total132g_09191449_set2,scoop,scoop_total_132g,132,11,4,511.659,-0.5499274730682373,1.875075340270996,1.296244502067566,-5.149310527485795e-05,2.685305844352115e-05,0.16430075466632843,0.7222502827644348
scoop_total132g_09191449_set2,scoop,scoop_total_132g,132,11,5,512.477,-0.5193727016448975,1.8624951839447021,1.24680757522583,-5.19961686222814e-05,2.7115398552268744e-05,0.1659058928489685,0.7311473488807678
scoop_total132g_09191449_set2,scoop,scoop_total_132g,132,11,6,513.297,-0.46985045075416565,1.8237643241882324,1.1497195959091187,-5.0961094530066475e-05,2.657562254171353e-05,0.1626032590866089,0.7177517414093018
scoop_total132g_09191449_set2,scoop,scoop_total_132g,132,11,7,514.117,-0.48701170086860657,1.8348582983016968,1.261358380317688,-5.0671696953941137e-05,2.6424702809890732e-05,0.16167986392974854,0.7220187783241272
scoop_total132g_09191449_set2,scoop,scoop_total_132g,132,11,8,514.936,-0.4853583872318268,1.8380190134048462,1.3070948123931885,-5.1054801588179544e-05,2.6624487873050384e-05,0.16290225088596344,0.7298628091812134
scoop_total132g_09191449_set2,scoop,scoop_total_132g,132,11,9,515.756,-0.43942782282829285,1.838273525238037,1.3371928930282593,-5.115485328133218e-05,2.6676663765101694e-05,0.16322149336338043,0.726188063621521
scoop_total132g_09191449_set2,scoop,scoop_total_132g,132,11,10,516.577,-0.3451181948184967,1.8160972595214844,1.2696342468261719,-5.040458563598804e-05,2.6285408239345998e-05,0.16082759201526642,0.7211537957191467
scoop_total132g_09191449_set2,scoop,scoop_total_132g,132,12,1,518.396,-0.4363935887813568,1.834714651107788,1.3469682931900024,-5.1269678806420416e-05,2.673654307727702e-05,0.16358786821365356,0.7328391075134277
scoop_total132g_09191449_set2,scoop,scoop_total_132g,132,12,2,519.217,-0.4353640675544739,1.7935653924942017,1.2725728750228882,-5.1089537009829655e-05,2.6642603188520297e-05,0.16301308572292328,0.7218377590179443
scoop_total132g_09191449_set2,scoop,scoop_total_132g,132,12,3,520.036,-0.4748739004135132,1.8436373472213745,1.2555809020996094,-5.121630965732038e-05,2.6708712539402768e-05,0.16341757774353027,0.7184705138206482
scoop_total132g_09191449_set2,scoop,scoop_total_132g,132,12,4,520.856,-0.536118745803833,1.8686699867248535,1.2161786556243896,-5.068403697805479e-05,2.6431138394400477e-05,0.16171923279762268,0.7069509625434875
scoop_total132g_09191449_set2,scoop,scoop_total_132g,132,12,5,521.676,-0.5077049732208252,1.890457272529602,1.2689905166625977,-5.128339398652315e-05,2.6743697162601165e-05,0.1636316329240799,0.7197468876838684
scoop_total132g_09191449_set2,scoop,scoop_total_132g,132,12,6,522.496,-0.5924482345581055,1.8725216388702393,1.2975568771362305,-4.9658970965538174e-05,2.5896579245454632e-05,0.15844853222370148,0.7176904678344727
scoop_total132g_09191449_set2,scoop,scoop_total_132g,132,12,7,523.317,-0.5944087505340576,1.8779059648513794,1.2017443180084229,-5.085606244392693e-05,2.6520847313804552e-05,0.16226813197135925,0.717196524143219
scoop_total132g_09191449_set2,scoop,scoop_total_132g,132,12,8,524.139,-0.6189560294151306,1.924476981163025,1.2104310989379883,-5.184260226087645e-05,2.7035317543777637e-05,0.1654159128665924,0.7073370814323425
scoop_total132g_09191449_set2,scoop,scoop_total_132g,132,12,9,524.956,-0.5984989404678345,1.9167677164077759,1.1627683639526367,-5.18052838742733e-05,2.70158561761491e-05,0.16529683768749237,0.7273690700531006
scoop_total132g_09191449_set2,scoop,scoop_total_132g,132,12,10,525.777,-0.6149139404296875,1.9269980192184448,1.2478971481323242,-5.06815777043812e-05,2.6429856006870978e-05,0.16171139478683472,0.725355327129364
scoop_total132g_09191449_set2,scoop,scoop_total_132g,132,13,1,527.598,-0.5065074563026428,1.8886514902114868,1.221813678741455,-5.1239843742223457e-05,2.6720985260908492e-05,0.16349266469478607,0.7263123393058777
scoop_total132g_09191449_set2,scoop,scoop_total_132g,132,13,2,528.416,-0.5126306414604187,1.8769383430480957,1.2592551708221436,-5.232921466813423e-05,2.728907929849811e-05,0.16696855425834656,0.7199016809463501
scoop_total132g_09191449_set2,scoop,scoop_total_132g,132,13,3,529.235,-0.43465813994407654,1.8288440704345703,1.2504223585128784,-5.083351788925938e-05,2.6509091185289435e-05,0.16219618916511536,0.7153975963592529
scoop_total132g_09191449_set2,scoop,scoop_total_132g,132,13,4,530.055,-0.41011932492256165,1.773323655128479,1.2529739141464233,-5.0079495849786326e-05,2.611587660794612e-05,0.1597903072834015,0.7266062498092651
scoop_total132g_09191449_set2,scoop,scoop_total_132g,132,13,5,530.875,-0.3787927031517029,1.815332293510437,1.3139897584915161,-5.074383443570696e-05,2.6462321329745464e-05,0.1619100421667099,0.732178807258606
scoop_total132g_09191449_set2,scoop,scoop_total_132g,132,13,6,531.695,-0.3591277301311493,1.7992885112762451,1.3584768772125244,-5.0242277211509645e-05,2.6200767024420202e-05,0.16030970215797424,0.7221954464912415
scoop_total132g_09191449_set2,scoop,scoop_total_132g,132,13,7,532.515,-0.3392266035079956,1.7766432762145996,1.309640645980835,-5.190510637476109e-05,2.7067912014899775e-05,0.16561535000801086,0.7118135690689087
scoop_total132g_09191449_set2,scoop,scoop_total_132g,132,13,8,533.338,-0.3383317291736603,1.7869454622268677,1.2394294738769531,-5.05018288095016e-05,2.6336119844927453e-05,0.16113786399364471,0.726422905921936
scoop_total132g_09191449_set2,scoop,scoop_total_132g,132,13,9,534.156,-0.41659316420555115,1.8207337856292725,1.3489110469818115,-5.014236012357287e-05,2.6148660253966227e-05,0.15999089181423187,0.7296358942985535
scoop_total132g_09191449_set2,scoop,scoop_total_132g,132,13,10,534.975,-0.44020235538482666,1.8219326734542847,1.3102312088012695,-5.0766415370162576e-05,2.647409746714402e-05,0.16198208928108215,0.7220612168312073
scoop_total132g_09191449_set2,scoop,scoop_total_132g,132,14,1,536.795,-0.5348472595214844,1.8573431968688965,1.2446740865707397,-5.086317105451599e-05,2.6524556233198382e-05,0.1622908115386963,0.7266465425491333
scoop_total132g_09191449_set2,scoop,scoop_total_132g,132,14,2,537.618,-0.6081106066703796,1.901393175125122,1.2690242528915405,-5.0951060984516516e-05,2.6570389309199527e-05,0.1625712364912033,0.7236427068710327
scoop_total132g_09191449_set2,scoop,scoop_total_132g,132,14,3,538.437,-0.6046220064163208,1.9344757795333862,1.2402927875518799,-5.148008858668618e-05,2.6846269975067116e-05,0.16425922513008118,0.7147297859191895
scoop_total132g_09191449_set2,scoop,scoop_total_132g,132,14,4,539.258,-0.6083064079284668,1.9411766529083252,1.187482476234436,-5.205789420870133e-05,2.7147589207743295e-05,0.16610285639762878,0.713033139705658
scoop_total132g_09191449_set2,scoop,scoop_total_132g,132,14,5,540.078,-0.6155783534049988,1.928360104560852,1.2197481393814087,-5.157175110070966e-05,2.6894071197602898e-05,0.16455170512199402,0.7168816328048706
scoop_total132g_09191449_set2,scoop,scoop_total_132g,132,14,6,540.897,-0.6077282428741455,1.9173165559768677,1.2386317253112793,-5.0503127567935735e-05,2.633679650898557e-05,0.1611420065164566,0.7233393788337708
scoop_total132g_09191449_set2,scoop,scoop_total_132g,132,14,7,541.718,-0.6082823872566223,1.919400930404663,1.2815666198730469,-5.1369199354667217e-05,2.678844248293899e-05,0.16390541195869446,0.7148435115814209
scoop_total132g_09191449_set2,scoop,scoop_total_132g,132,14,8,542.540,-0.5396443009376526,1.9103960990905762,1.2190842628479004,-5.1171246013836935e-05,2.668521301529836e-05,0.16327379643917084,0.7168415188789368
scoop_total132g_09191449_set2,scoop,scoop_total_132g,132,14,9,543.357,-0.4776150584220886,1.9387446641921997,1.3010767698287964,-5.216729550738819e-05,2.7204639991396107e-05,0.16645191609859467,0.7317972183227539
scoop_total132g_09191449_set2,scoop,scoop_total_132g,132,14,10,544.178,-0.4997705817222595,1.8770403861999512,1.3251055479049683,-5.206713103689253e-05,2.7152405891683884e-05,0.16613231599330902,0.7192619442939758
scoop_total132g_09191449_set2,scoop,scoop_total_132g,132,15,1,546.000,-0.35675621032714844,1.815701961517334,1.2947767972946167,-5.023255289415829e-05,2.6195693862973712e-05,0.16027867794036865,0.7326676249504089
scoop_total132g_09191449_set2,scoop,scoop_total_132g,132,15,2,546.819,-0.3425254225730896,1.8309918642044067,1.341549277305603,-5.0421731430105865e-05,2.629435039125383e-05,0.16088229417800903,0.7182896137237549
scoop_total132g_09191449_set2,scoop,scoop_total_132g,132,15,3,547.638,-0.3898850083351135,1.8086999654769897,1.3223142623901367,-5.146268449607305e-05,2.6837193217943422e-05,0.1642036885023117,0.7310374975204468
scoop_total132g_09191449_set2,scoop,scoop_total_132g,132,15,4,548.457,-0.38129258155822754,1.8257640600204468,1.316575288772583,-5.0265043682884425e-05,2.6212637749267742e-05,0.16038234531879425,0.7203887104988098
scoop_total132g_09191449_set2,scoop,scoop_total_132g,132,15,5,549.278,-0.3767566680908203,1.816002607345581,1.2282172441482544,-5.017620787839405e-05,2.6166311727138236e-05,0.16009889543056488,0.7263921499252319
scoop_total132g_09191449_set2,scoop,scoop_total_132g,132,15,6,550.096,-0.3632008731365204,1.7817569971084595,1.365949273109436,-5.0225604354636744e-05,2.6192072255071253e-05,0.1602565050125122,0.7195315957069397
scoop_total132g_09191449_set2,scoop,scoop_total_132g,132,15,7,550.917,-0.5408350825309753,1.9002420902252197,1.262873888015747,-5.1437236834317446e-05,2.6823923690244555e-05,0.16412250697612762,0.7169708609580994
scoop_total132g_09191449_set2,scoop,scoop_total_132g,132,15,8,551.736,-0.5141966938972473,1.8540548086166382,1.2289611101150513,-5.057328235125169e-05,2.637338184285909e-05,0.16136585175991058,0.71214759349823
scoop_total132g_09191449_set2,scoop,scoop_total_132g,132,15,9,552.559,-0.5765863656997681,1.890736699104309,1.1926026344299316,-5.060821786173619e-05,2.63915990217356e-05,0.16147731244564056,0.7243659496307373
scoop_total132g_09191449_set2,scoop,scoop_total_132g,132,15,10,553.376,-0.3784700036048889,1.7829617261886597,1.3069812059402466,-4.9665100959828123e-05,2.5899775209836662e-05,0.1584680825471878,0.7259359359741211
scoop_total132g_09191449_set2,scoop,scoop_total_132g,132,16,1,555.196,-0.37637627124786377,1.752559781074524,1.2790502309799194,-4.985859413864091e-05,2.6000678190030158e-05,0.1590854674577713,0.7115018963813782
scoop_total132g_09191449_set2,scoop,scoop_total_132g,132,16,2,556.016,-0.4057621955871582,1.819766879081726,1.2287951707839966,-5.195619451114908e-05,2.7094552933704108e-05,0.16577835381031036,0.7442026734352112
scoop_total132g_09191449_set2,scoop,scoop_total_132g,132,16,3,556.836,-0.571107804775238,1.9041682481765747,1.2729251384735107,-5.075899389339611e-05,2.6470226657693274e-05,0.16195841133594513,0.7033695578575134
scoop_total132g_09191449_set2,scoop,scoop_total_132g,132,16,4,557.656,-0.42020538449287415,1.8978397846221924,1.2351197004318237,-5.273156057228334e-05,2.749889790720772e-05,0.1682523488998413,0.7346451878547668
scoop_total132g_09191449_set2,scoop,scoop_total_132g,132,16,5,558.476,-0.4423584043979645,1.8229626417160034,1.4171013832092285,-5.1395734772086143e-05,2.6802281354321167e-05,0.1639900803565979,0.7427158951759338
scoop_total132g_09191449_set2,scoop,scoop_total_132g,132,16,6,559.296,-0.46828705072402954,1.8231369256973267,1.3374594449996948,-5.1314047595951706e-05,2.6759682441479526e-05,0.1637294441461563,0.712854266166687
scoop_total132g_09191449_set2,scoop,scoop_total_132g,132,16,7,560.119,-0.5798909068107605,1.8646981716156006,1.2792646884918213,-5.028778105042875e-05,2.6224495741189457e-05,0.1604548841714859,0.7182976007461548
scoop_total132g_09191449_set2,scoop,scoop_total_132g,132,16,8,560.936,-0.6666629314422607,1.9320780038833618,1.2510253190994263,-5.00235655636061e-05,2.6086710931849666e-05,0.15961185097694397,0.7269585132598877
scoop_total132g_09191449_set2,scoop,scoop_total_132g,132,16,9,561.757,-0.6150659918785095,1.9263523817062378,1.2912522554397583,-5.157129999133758e-05,2.689383654796984e-05,0.16455025970935822,0.7311742305755615
scoop_total132g_09191449_set2,scoop,scoop_total_132g,132,16,10,562.576,-0.5575041770935059,1.8863089084625244,1.2415472269058228,-4.9958460294874385e-05,2.605275767564308e-05,0.15940411388874054,0.7279306054115295
scoop_total132g_09191449_set2,scoop,scoop_total_132g,132,17,1,564.396,-0.46842485666275024,1.8271557092666626,1.3601549863815308,-4.946580884279683e-05,2.5795845431275666e-05,0.15783219039440155,0.715215802192688
scoop_total132g_09191449_set2,scoop,scoop_total_132g,132,17,2,565.217,-0.5355578660964966,1.845031976699829,1.1666861772537231,-5.090148624731228e-05,2.654453601280693e-05,0.16241306066513062,0.711545467376709
scoop_total132g_09191449_set2,scoop,scoop_total_132g,132,17,3,566.036,-0.5600389242172241,1.866265892982483,1.189496636390686,-5.136184336151928e-05,2.6784606234286912e-05,0.16388194262981415,0.7132617235183716
scoop_total132g_09191449_set2,scoop,scoop_total_132g,132,17,4,566.855,-0.628997802734375,1.9191879034042358,1.2272416353225708,-5.1957387768197805e-05,2.7095176847069524e-05,0.165782168507576,0.7159848809242249
scoop_total132g_09191449_set2,scoop,scoop_total_132g,132,17,5,567.678,-0.5433502793312073,1.8988126516342163,1.2606754302978516,-5.018653973820619e-05,2.617169957375154e-05,0.16013187170028687,0.718885600566864
scoop_total132g_09191449_set2,scoop,scoop_total_132g,132,17,6,568.495,-0.5091637372970581,1.868542194366455,1.1493827104568481,-5.04182607983239e-05,2.6292538677807897e-05,0.160871222615242,0.7212019562721252
scoop_total132g_09191449_set2,scoop,scoop_total_132g,132,17,7,569.315,-0.4944974482059479,1.880149483680725,1.198061227798462,-5.1844770496245474e-05,2.703644713619724e-05,0.16542282700538635,0.719710648059845
scoop_total132g_09191449_set2,scoop,scoop_total_132g,132,17,8,570.135,-0.5186285376548767,1.8536834716796875,1.2936686277389526,-5.075549415778369e-05,2.6468402211321518e-05,0.16194723546504974,0.7164551019668579
scoop_total132g_09191449_set2,scoop,scoop_total_132g,132,17,9,570.956,-0.5019320249557495,1.8500536680221558,1.262271761894226,-5.0970953452633694e-05,2.6580761186778545e-05,0.1626347154378891,0.7174495458602905
scoop_total132g_09191449_set2,scoop,scoop_total_132g,132,17,10,571.775,-0.40137773752212524,1.8078364133834839,1.2309592962265015,-5.095608503324911e-05,2.6573008653940633e-05,0.1625872701406479,0.7176539897918701
scoop_total132g_09191449_set2,scoop,scoop_total_132g,132,18,1,573.595,-0.4140227138996124,1.8249138593673706,1.3628971576690674,-5.1373015594435856e-05,2.679043245734647e-05,0.16391758620738983,0.7408398985862732
scoop_total132g_09191449_set2,scoop,scoop_total_132g,132,18,2,574.418,-0.38060232996940613,1.8618688583374023,1.3172236680984497,-5.2223440434318036e-05,2.723391844483558e-05,0.1666310578584671,0.7147186398506165
scoop_total132g_09191449_set2,scoop,scoop_total_132g,132,18,3,575.235,-0.4355804920196533,1.7422150373458862,1.2286959886550903,-5.061206320533529e-05,2.639360354805831e-05,0.1614895910024643,0.7331764101982117
scoop_total132g_09191449_set2,scoop,scoop_total_132g,132,18,4,576.056,-0.4624382257461548,1.818729281425476,1.3761985301971436,-5.230222086538561e-05,2.7275002139504068e-05,0.16688242554664612,0.7579063177108765
scoop_total132g_09191449_set2,scoop,scoop_total_132g,132,18,5,576.875,-0.4668337404727936,1.855586290359497,1.2148977518081665,-5.135361789143644e-05,2.678031705727335e-05,0.1638556867837906,0.7210175395011902
scoop_total132g_09191449_set2,scoop,scoop_total_132g,132,18,6,577.698,-0.5569594502449036,1.85775625705719,1.3284847736358643,-5.0266895414097235e-05,2.6213603632641025e-05,0.16038824617862701,0.7215948104858398
scoop_total132g_09191449_set2,scoop,scoop_total_132g,132,18,7,578.516,-0.5371295213699341,1.8711434602737427,1.2083052396774292,-5.120762580190785e-05,2.670418325578794e-05,0.1633898764848709,0.7202776670455933
scoop_total132g_09191449_set2,scoop,scoop_total_132g,132,18,8,579.338,-0.5942190289497375,1.8728978633880615,1.23809814453125,-5.141088695381768e-05,2.681018304429017e-05,0.16403843462467194,0.7164750695228577
scoop_total132g_09191449_set2,scoop,scoop_total_132g,132,18,9,580.158,-0.6577775478363037,1.9361613988876343,1.2700862884521484,-5.071223858976737e-05,2.6445844923728146e-05,0.16180922091007233,0.7181136608123779
scoop_total132g_09191449_set2,scoop,scoop_total_132g,132,18,10,580.975,-0.635922372341156,1.9056434631347656,1.2213220596313477,-5.149267235537991e-05,2.685283288883511e-05,0.1642993837594986,0.7105564475059509
scoop_total132g_09191449_set2,scoop,scoop_total_132g,132,19,1,582.795,-0.6107573509216309,1.8930422067642212,1.2661657333374023,-4.9849630158860236e-05,2.5996005206252448e-05,0.1590568721294403,0.7222439646720886
scoop_total132g_09191449_set2,scoop,scoop_total_132g,132,19,2,583.616,-0.5738943219184875,1.874240756034851,1.2757670879364014,-5.028517625760287e-05,2.622313695610501e-05,0.16044658422470093,0.7215654850006104
scoop_total132g_09191449_set2,scoop,scoop_total_132g,132,19,3,584.437,-0.5119230151176453,1.8529387712478638,1.2318108081817627,-5.068026439403184e-05,2.6429172066855244e-05,0.16170720756053925,0.7140831351280212
scoop_total132g_09191449_set2,scoop,scoop_total_132g,132,19,4,585.257,-0.4467638432979584,1.8244073390960693,1.2053894996643066,-5.110635902383365e-05,2.6651374355424196e-05,0.16306675970554352,0.7208449840545654
scoop_total132g_09191449_set2,scoop,scoop_total_132g,132,19,5,586.080,-0.438912570476532,1.8389300107955933,1.31941556930542,-5.198580038268119e-05,2.7110003429697827e-05,0.1658765971660614,0.7306405305862427
scoop_total132g_09191449_set2,scoop,scoop_total_132g,132,19,6,586.901,-0.40005064010620117,1.8271594047546387,1.3319987058639526,-5.1278497267048806e-05,2.6741143301478587e-05,0.16361600160598755,0.7276315093040466
scoop_total132g_09191449_set2,scoop,scoop_total_132g,132,19,7,587.718,-0.3508594036102295,1.749232292175293,1.2544749975204468,-5.060206967755221e-05,2.6388393962406553e-05,0.16145770251750946,0.7145013213157654
scoop_total132g_09191449_set2,scoop,scoop_total_132g,132,19,8,588.537,-0.33831480145454407,1.7503626346588135,1.2524970769882202,-5.062257332610898e-05,2.6399085982120596e-05,0.16152313351631165,0.7273582220077515
scoop_total132g_09191449_set2,scoop,scoop_total_132g,132,19,9,589.357,-0.36927881836891174,1.7722749710083008,1.357208490371704,-5.057553426013328e-05,2.6374555091024376e-05,0.16137303411960602,0.7377051115036011
scoop_total132g_09191449_set2,scoop,scoop_total_132g,132,19,10,590.176,-0.42366617918014526,1.7756853103637695,1.3582720756530762,-5.001415411243215e-05,2.6081801479449496e-05,0.15958182513713837,0.7154950499534607
scoop_total132g_09191449_set2,scoop,scoop_total_132g,132,20,1,591.995,-0.4693165719509125,1.8218528032302856,1.2529391050338745,-5.130550925969146e-05,2.6755227736430243e-05,0.16370218992233276,0.7219557166099548
scoop_total132g_09191449_set2,scoop,scoop_total_132g,132,20,2,592.816,-0.537916898727417,1.8786563873291016,1.294619083404541,-5.075045191915706e-05,2.6465773771633394e-05,0.16193115711212158,0.7272358536720276
scoop_total132g_09191449_set2,scoop,scoop_total_132g,132,20,3,593.638,-0.561557412147522,1.904322862625122,1.2637054920196533,-5.036585571360774e-05,2.6265210181009024e-05,0.16070401668548584,0.7202660441398621
scoop_total132g_09191449_set2,scoop,scoop_total_132g,132,20,4,594.457,-0.6167521476745605,1.868438482284546,1.2199546098709106,-5.0856346206273884e-05,2.652099465194624e-05,0.16226902604103088,0.7180166244506836
scoop_total132g_09191449_set2,scoop,scoop_total_132g,132,20,5,595.275,-0.6392269134521484,1.916031837463379,1.2401572465896606,-5.075424996903166e-05,2.6467754651093856e-05,0.16194327175617218,0.7044709324836731
scoop_total132g_09191449_set2,scoop,scoop_total_132g,132,20,6,596.096,-0.618346631526947,1.9301995038986206,1.1881345510482788,-5.1270042604301125e-05,2.673673225217499e-05,0.1635890156030655,0.7016755938529968
scoop_total132g_09191449_set2,scoop,scoop_total_132g,132,20,7,596.916,-0.6210135221481323,1.871041178703308,1.1385862827301025,-5.012912879465148e-05,2.6141760827158578e-05,0.1599486768245697,0.7282609343528748
scoop_total132g_09191449_set2,scoop,scoop_total_132g,132,20,8,597.738,-0.5950363874435425,1.8970268964767456,1.2751497030258179,-5.162415254744701e-05,2.6921397875412367e-05,0.164718896150589,0.7200475335121155
scoop_total132g_09191449_set2,scoop,scoop_total_132g,132,20,9,598.558,-0.5493107438087463,1.885901927947998,1.2076594829559326,-5.062390482635237e-05,2.6399779017083347e-05,0.1615273654460907,0.712892472743988
scoop_total132g_09191449_set2,scoop,scoop_total_132g,132,20,10,599.375,-0.5192191004753113,1.8712395429611206,1.2162623405456543,-5.195145422476344e-05,2.7092082746094093e-05,0.1657632291316986,0.7097079157829285
scoop_total132g_09191449_set2,scoop,scoop_total_132g,132,21,1,601.196,-0.44006597995758057,1.8179545402526855,1.2704075574874878,-5.0697428378043696e-05,2.643812149472069e-05,0.16176196932792664,0.721356987953186
scoop_total132g_09191449_set2,scoop,scoop_total_132g,132,21,2,602.019,-0.4020191729068756,1.8449651002883911,1.3052558898925781,-5.117488035466522e-05,2.668710658326745e-05,0.16328538954257965,0.7358033657073975
scoop_total132g_09191449_set2,scoop,scoop_total_132g,132,21,3,602.839,-0.4157710075378418,1.8393062353134155,1.3890947103500366,-5.1340066420380026e-05,2.6773250283440575e-05,0.16381245851516724,0.7210168838500977
scoop_total132g_09191449_set2,scoop,scoop_total_132g,132,21,4,603.657,-0.4022957980632782,1.7958399057388306,1.2952450513839722,-4.945525142829865e-05,2.5790341169340536e-05,0.15779851377010345,0.7200861573219299
scoop_total132g_09191449_set2,scoop,scoop_total_132g,132,21,5,604.476,-0.38567304611206055,1.7595258951187134,1.2690109014511108,-5.0971928430953994e-05,2.6581270503811538e-05,0.1626378297805786,0.724318265914917
scoop_total132g_09191449_set2,scoop,scoop_total_132g,132,21,6,605.296,-0.43223389983177185,1.8262710571289062,1.277994990348816,-5.091170169180259e-05,2.6549862013780512e-05,0.16244564950466156,0.729452908039093
scoop_total132g_09191449_set2,scoop,scoop_total_132g,132,21,7,606.117,-0.45669040083885193,1.824120044708252,1.3042362928390503,-5.2469807997113094e-05,2.7362397304386832e-05,0.16741715371608734,0.7266951203346252
scoop_total132g_09191449_set2,scoop,scoop_total_132g,132,21,8,606.936,-0.46604129672050476,1.8214302062988281,1.2533141374588013,-5.068504106020555e-05,2.64316622633487e-05,0.16172245144844055,0.7197508811950684
scoop_total132g_09191449_set2,scoop,scoop_total_132g,132,21,9,607.756,-0.47063979506492615,1.8305920362472534,1.2038201093673706,-5.085463635623455e-05,2.6520103347138502e-05,0.16226357221603394,0.7181016802787781
scoop_total132g_09191449_set2,scoop,scoop_total_132g,132,21,10,608.575,-0.5131272673606873,1.8893721103668213,1.227142572402954,-5.111738573759794e-05,2.6657124180928804e-05,0.1631019413471222,0.7236788868904114
scoop_total132g_09191449_set2,scoop,scoop_total_132g,132,22,1,610.395,-0.5282492637634277,1.8773821592330933,1.1682263612747192,-5.125364987179637e-05,2.6728184820967726e-05,0.16353671252727509,0.7113679051399231
scoop_total132g_09191449_set2,scoop,scoop_total_132g,132,22,2,611.215,-0.5445974469184875,1.8700754642486572,1.1736853122711182,-5.185616828384809e-05,2.7042391593568027e-05,0.16545920073986053,0.7217587232589722
scoop_total132g_09191449_set2,scoop,scoop_total_132g,132,22,3,612.035,-0.5629464387893677,1.9058035612106323,1.2594058513641357,-5.2463539759628475e-05,2.735912858042866e-05,0.1673971563577652,0.7318683862686157
scoop_total132g_09191449_set2,scoop,scoop_total_132g,132,22,4,612.856,-0.5567286014556885,1.9102410078048706,1.31425940990448,-5.099566624267027e-05,2.659365054569207e-05,0.16271357238292694,0.7195925712585449
scoop_total132g_09191449_set2,scoop,scoop_total_132g,132,22,5,613.675,-0.5096350312232971,1.8581125736236572,1.255367398262024,-5.1406990678515285e-05,2.6808149414137006e-05,0.16402599215507507,0.7236409783363342
scoop_total132g_09191449_set2,scoop,scoop_total_132g,132,22,6,614.495,-0.5020845532417297,1.8309873342514038,1.2246308326721191,-5.241708640824072e-05,2.7334903279552236e-05,0.16724893450737,0.7292311787605286
scoop_total132g_09191449_set2,scoop,scoop_total_132g,132,22,7,615.316,-0.493386834859848,1.846260905265808,1.3289750814437866,-5.106395110487938e-05,2.662926090124529e-05,0.1629314422607422,0.724321722984314
scoop_total132g_09191449_set2,scoop,scoop_total_132g,132,22,8,616.138,-0.47704869508743286,1.8420655727386475,1.336072564125061,-4.983462713425979e-05,2.5988181732827798e-05,0.15900899469852448,0.7236135005950928
scoop_total132g_09191449_set2,scoop,scoop_total_132g,132,22,9,616.956,-0.44353169202804565,1.836482048034668,1.3032922744750977,-5.1644899940583855e-05,2.6932217224384658e-05,0.16478508710861206,0.7080420255661011
scoop_total132g_09191449_set2,scoop,scoop_total_132g,132,22,10,617.775,-0.4318990707397461,1.8261469602584839,1.3184945583343506,-5.108230106998235e-05,2.663882878550794e-05,0.16298998892307281,0.7308120131492615
scoop_total132g_09191449_set2,scoop,scoop_total_132g,132,23,1,619.595,-0.4893697202205658,1.8509413003921509,1.3103407621383667,-4.944677493767813e-05,2.5785919206100516e-05,0.15777146816253662,0.7188129425048828
scoop_total132g_09191449_set2,scoop,scoop_total_132g,132,23,2,620.418,-0.3884759247303009,1.8217829465866089,1.234775424003601,-4.980404628440738e-05,2.597223465272691e-05,0.15891142189502716,0.7242475152015686
scoop_total132g_09191449_set2,scoop,scoop_total_132g,132,23,3,621.235,-0.5440545082092285,1.871870517730713,1.2511316537857056,-5.084261647425592e-05,2.6513835109653883e-05,0.16222523152828217,0.7163577079772949
scoop_total132g_09191449_set2,scoop,scoop_total_132g,132,23,4,622.055,-0.6655962467193604,1.9339410066604614,1.2422772645950317,-5.0699731218628585e-05,2.643932202772703e-05,0.1617693156003952,0.7210645079612732
scoop_total132g_09191449_set2,scoop,scoop_total_132g,132,23,5,622.875,-0.6080054044723511,1.9516953229904175,1.221313238143921,-5.060213152319193e-05,2.6388426704215817e-05,0.16145791113376617,0.7253714799880981
scoop_total132g_09191449_set2,scoop,scoop_total_132g,132,23,6,623.695,-0.366310715675354,1.801072359085083,1.2060319185256958,-4.977888966095634e-05,2.5959114282159135e-05,0.1588311642408371,0.73125159740448
scoop_total132g_09191449_set2,scoop,scoop_total_132g,132,23,7,624.516,-0.32982438802719116,1.7644649744033813,1.3233011960983276,-5.024313577450812e-05,2.6201214495813474e-05,0.1603124439716339,0.7348232269287109
scoop_total132g_09191449_set2,scoop,scoop_total_132g,132,23,8,625.335,-0.41291543841362,1.8284467458724976,1.3955941200256348,-4.96105567435734e-05,2.5871329853544012e-05,0.15829405188560486,0.7288559079170227
scoop_total132g_09191449_set2,scoop,scoop_total_132g,132,23,9,626.157,-0.3817894756793976,1.803454041481018,1.3359569311141968,-5.263182538328692e-05,2.7446887543192133e-05,0.1679341197013855,0.7086303234100342
scoop_total132g_09191449_set2,scoop,scoop_total_132g,132,23,10,626.977,-0.5783138871192932,1.8688206672668457,1.1832211017608643,-5.124804738443345e-05,2.6725263523985632e-05,0.16351884603500366,0.7210540175437927
scoop_total132g_09191449_set2,scoop,scoop_total_132g,132,24,1,628.797,-0.42715227603912354,1.8300381898880005,1.3712397813796997,-5.0070953875547275e-05,2.611142372188624e-05,0.15976306796073914,0.7194876074790955
scoop_total132g_09191449_set2,scoop,scoop_total_132g,132,24,2,629.620,-0.41067954897880554,1.8063907623291016,1.3288627862930298,-5.1126062317052856e-05,2.6661649826564826e-05,0.16312962770462036,0.7224895358085632
scoop_total132g_09191449_set2,scoop,scoop_total_132g,132,24,3,630.435,-0.535009503364563,1.870565414428711,1.242272138595581,-5.101064016344026e-05,2.660145764821209e-05,0.16276134550571442,0.7158569693565369
scoop_total132g_09191449_set2,scoop,scoop_total_132g,132,24,4,631.255,-0.5775511860847473,1.9199875593185425,1.1861510276794434,-5.06569558638148e-05,2.641701757966075e-05,0.16163283586502075,0.7091458439826965
scoop_total132g_09191449_set2,scoop,scoop_total_132g,132,24,5,632.076,-0.553282618522644,1.8724415302276611,1.1585266590118408,-5.0699254643404856e-05,2.6439074645168148e-05,0.16176779568195343,0.7108655571937561
scoop_total132g_09191449_set2,scoop,scoop_total_132g,132,24,6,632.895,-0.6545363068580627,1.9256900548934937,1.2700645923614502,-5.12013393745292e-05,2.670090543688275e-05,0.1633698046207428,0.7131511569023132
scoop_total132g_09191449_set2,scoop,scoop_total_132g,132,24,7,633.715,-0.5568172931671143,1.9023891687393188,1.258380651473999,-5.15243191330228e-05,2.686933657969348e-05,0.1644003689289093,0.7321941256523132
scoop_total132g_09191449_set2,scoop,scoop_total_132g,132,24,8,634.535,-0.44684597849845886,1.8090324401855469,1.3112143278121948,-5.144836541148834e-05,2.682972808543127e-05,0.16415801644325256,0.7191583514213562
scoop_total132g_09191449_set2,scoop,scoop_total_132g,132,24,9,635.355,-0.6043657660484314,1.9172850847244263,1.268553614616394,-5.125547249917872e-05,2.672913615242578e-05,0.16354253888130188,0.7205599546432495
scoop_total132g_09191449_set2,scoop,scoop_total_132g,132,24,10,636.175,-0.6274169087409973,1.9340488910675049,1.2633496522903442,-5.141287692822516e-05,2.681121986825019e-05,0.16404476761817932,0.7224269509315491
scoop_total132g_09191449_set2,scoop,scoop_total_132g,132,25,1,637.995,-0.6257094740867615,1.9418376684188843,1.26132071018219,-5.246774526312947e-05,2.7361322281649336e-05,0.16741058230400085,0.7298288941383362
scoop_total132g_09191449_set2,scoop,scoop_total_132g,132,25,2,638.815,-0.6212970018386841,1.9162105321884155,1.2704867124557495,-5.1432045438559726e-05,2.682121703401208e-05,0.16410593688488007,0.7149673700332642
scoop_total132g_09191449_set2,scoop,scoop_total_132g,132,25,3,639.636,-0.5711395740509033,1.911405324935913,1.222632646560669,-5.1011244067922235e-05,2.6601772333378904e-05,0.16276326775550842,0.7118822336196899
scoop_total132g_09191449_set2,scoop,scoop_total_132g,132,25,4,640.456,-0.5191054344177246,1.8932777643203735,1.1871402263641357,-5.129614510224201e-05,2.6750345568871126e-05,0.1636723130941391,0.7271736860275269
scoop_total132g_09191449_set2,scoop,scoop_total_132g,132,25,5,641.275,-0.5158385038375854,1.9040718078613281,1.248093605041504,-5.097467146697454e-05,2.6582700229482725e-05,0.1626465767621994,0.723436176776886
scoop_total132g_09191449_set2,scoop,scoop_total_132g,132,25,6,642.096,-0.4912903606891632,1.8628156185150146,1.2916135787963867,-4.9906040658243e-05,2.6025423721875995e-05,0.1592368632555008,0.7172691226005554
scoop_total132g_09191449_set2,scoop,scoop_total_132g,132,25,7,642.916,-0.38057228922843933,1.8319581747055054,1.2681143283843994,-4.9785172450356185e-05,2.5962392101064324e-05,0.15885120630264282,0.7099282741546631
scoop_total132g_09191449_set2,scoop,scoop_total_132g,132,25,8,643.735,-0.3499944806098938,1.7852489948272705,1.225584626197815,-5.112118014949374e-05,2.6659105060389265e-05,0.1631140559911728,0.7355663776397705
scoop_total132g_09191449_set2,scoop,scoop_total_132g,132,25,9,644.555,-0.3777199685573578,1.7843303680419922,1.3622783422470093,-5.102420982439071e-05,2.6608533516991884e-05,0.16280463337898254,0.7270381450653076
scoop_total132g_09191449_set2,scoop,scoop_total_132g,132,25,10,645.375,-0.3625807464122772,1.782814383506775,1.318285584449768,-5.0388531235512346e-05,2.6277035431121476e-05,0.16077636182308197,0.7229814529418945
scoop_total132g_09191449_set2,scoop,scoop_total_132g,132,26,1,647.195,-0.3789273798465729,1.7870405912399292,1.2812596559524536,-5.128172051627189e-05,2.6742824047687463e-05,0.1636262834072113,0.7305362224578857
scoop_total132g_09191449_set2,scoop,scoop_total_132g,132,26,2,648.014,-0.4474804401397705,1.8165768384933472,1.31020188331604,-5.0561295211082324e-05,2.6367129976279102e-05,0.16132760047912598,0.7197240591049194
scoop_total132g_09191449_set2,scoop,scoop_total_132g,132,26,3,648.834,-0.4523400366306305,1.8688865900039673,1.2802983522415161,-5.1158072892576456e-05,2.6678342692321166e-05,0.163231760263443,0.7060288786888123
scoop_total132g_09191449_set2,scoop,scoop_total_132g,132,26,4,649.654,-0.4882974624633789,1.8305623531341553,1.1603546142578125,-5.088110265205614e-05,2.6533905838732608e-05,0.16234801709651947,0.7109719514846802
scoop_total132g_09191449_set2,scoop,scoop_total_132g,132,26,5,650.477,-0.559359073638916,1.8848185539245605,1.2365409135818481,-5.034171772422269e-05,2.6252622774336487e-05,0.16062699258327484,0.7194445729255676
scoop_total132g_09191449_set2,scoop,scoop_total_132g,132,26,6,651.304,-0.6203264594078064,1.938140630722046,1.278532862663269,-5.017231160309166e-05,2.6164279915974475e-05,0.1600864678621292,0.7151927947998047
scoop_total132g_09191449_set2,scoop,scoop_total_132g,132,26,7,652.124,-0.621606171131134,1.9152112007141113,1.1976863145828247,-5.0993945478694513e-05,2.659275196492672e-05,0.1627080738544464,0.7161095142364502
scoop_total132g_09191449_set2,scoop,scoop_total_132g,132,26,8,652.944,-0.6001856327056885,1.922594666481018,1.184563159942627,-5.0913124141516164e-05,2.6550605980446562e-05,0.16245019435882568,0.7174520492553711
scoop_total132g_09191449_set2,scoop,scoop_total_132g,132,26,9,653.764,-0.6225400567054749,1.922204852104187,1.2114343643188477,-5.122039146954194e-05,2.6710840757004917e-05,0.1634306013584137,0.7274670004844666
scoop_total132g_09191449_set2,scoop,scoop_total_132g,132,26,10,654.584,-0.6241431832313538,1.9222657680511475,1.2783406972885132,-5.0587364967213944e-05,2.6380725103081204e-05,0.16141077876091003,0.7143250107765198
scoop_total132g_09191449_set2,scoop,scoop_total_132g,132,27,1,656.405,-0.5014431476593018,1.892271876335144,1.2568873167037964,-5.060482362750918e-05,2.6389830964035355e-05,0.16146649420261383,0.7165738940238953
scoop_total132g_09191449_set2,scoop,scoop_total_132g,132,27,2,657.224,-0.4748912453651428,1.8566919565200806,1.2674387693405151,-5.0591130275279284e-05,2.638268779264763e-05,0.16142280399799347,0.727810800075531
scoop_total132g_09191449_set2,scoop,scoop_total_132g,132,27,3,658.044,-0.4886196553707123,1.8336834907531738,1.343429684638977,-5.1293511205585673e-05,2.674897223187145e-05,0.16366390883922577,0.727738082408905
scoop_total132g_09191449_set2,scoop,scoop_total_132g,132,27,4,658.867,-0.39293065667152405,1.8086185455322266,1.3020130395889282,-5.0255323003511876e-05,2.620756822580006e-05,0.16035132110118866,0.7169359922409058
scoop_total132g_09191449_set2,scoop,scoop_total_132g,132,27,5,659.684,-0.3912692070007324,1.7756168842315674,1.2787660360336304,-5.156343831913546e-05,2.6889736545854248e-05,0.16452518105506897,0.7278643846511841
scoop_total132g_09191449_set2,scoop,scoop_total_132g,132,27,6,660.505,-0.4017743766307831,1.771141529083252,1.3543466329574585,-4.942858504364267e-05,2.5776434995350428e-05,0.15771342813968658,0.7234439849853516
scoop_total132g_09191449_set2,scoop,scoop_total_132g,132,27,7,661.327,-0.5241839289665222,1.9199888706207275,1.2714133262634277,-5.051478365203366e-05,2.6342875571572222e-05,0.16117919981479645,0.713280975818634
scoop_total132g_09191449_set2,scoop,scoop_total_132g,132,27,8,662.144,-0.409953236579895,1.7687568664550781,1.235734462738037,-5.1381459343247116e-05,2.6794836230692454e-05,0.1639445275068283,0.7192763090133667
scoop_total132g_09191449_set2,scoop,scoop_total_132g,132,27,9,662.966,-0.43159112334251404,1.7664402723312378,1.212928295135498,-5.058779788669199e-05,2.6380950657767244e-05,0.16141216456890106,0.7122679352760315
scoop_total132g_09191449_set2,scoop,scoop_total_132g,132,27,10,663.784,-0.4707690477371216,1.8526456356048584,1.3236019611358643,-5.2106945076957345e-05,2.717316965572536e-05,0.16625936329364777,0.7257634401321411
scoop_total132g_09191449_set2,scoop,scoop_total_132g,132,28,1,665.604,-0.5336804986000061,1.847643256187439,1.1867684125900269,-5.0135287892771885e-05,2.6144971343455836e-05,0.1599683314561844,0.7111291289329529
scoop_total132g_09191449_set2,scoop,scoop_total_132g,132,28,2,666.423,-0.5282971262931824,1.8669804334640503,1.1599856615066528,-5.08201374032069e-05,2.6502113541937433e-05,0.16215349733829498,0.7342409491539001
scoop_total132g_09191449_set2,scoop,scoop_total_132g,132,28,3,667.243,-0.6039952635765076,1.8784964084625244,1.2968007326126099,-5.129790588398464e-05,2.6751264158519916e-05,0.16367793083190918,0.7068546414375305
scoop_total132g_09191449_set2,scoop,scoop_total_132g,132,28,4,668.066,-0.6064958572387695,1.8280800580978394,1.2467026710510254,-5.0922091759275645e-05,2.6555280783213675e-05,0.16247880458831787,0.7054491639137268
scoop_total132g_09191449_set2,scoop,scoop_total_132g,132,28,5,668.885,-0.6021901369094849,1.8348515033721924,1.3437029123306274,-5.000432065571658e-05,2.60766737483209e-05,0.15955044329166412,0.7561935186386108
scoop_total132g_09191449_set2,scoop,scoop_total_132g,132,28,6,669.705,-0.5587952136993408,1.8905096054077148,1.2333643436431885,-5.013408372178674e-05,2.6144343792111613e-05,0.15996448695659637,0.6966610550880432
scoop_total132g_09191449_set2,scoop,scoop_total_132g,132,28,7,670.525,-0.5674954652786255,1.761414885520935,1.212177038192749,-5.075602530268952e-05,2.6468678697710857e-05,0.16194893419742584,0.7030107378959656
scoop_total132g_09191449_set2,scoop,scoop_total_132g,132,28,8,671.343,-0.5499541759490967,1.7697956562042236,1.2738194465637207,-5.039018651586957e-05,2.627789945108816e-05,0.1607816517353058,0.7331675291061401
scoop_total132g_09191449_set2,scoop,scoop_total_132g,132,28,9,672.163,-0.4911794066429138,1.8584861755371094,1.3666273355484009,-5.023903941037133e-05,2.6199077183264308e-05,0.1602993756532669,0.7333084344863892
scoop_total132g_09191449_set2,scoop,scoop_total_132g,132,28,10,672.986,-0.502494215965271,1.7993404865264893,1.3073127269744873,-4.94500418426469e-05,2.578762359917164e-05,0.15778188407421112,0.7238938212394714
scoop_total132g_09191449_set2,scoop,scoop_total_132g,132,29,1,674.805,-0.47634992003440857,1.8181878328323364,1.3174448013305664,-4.923196684103459e-05,2.567390038166195e-05,0.1570860743522644,0.7153416872024536
scoop_total132g_09191449_set2,scoop,scoop_total_132g,132,29,2,675.623,-0.46168747544288635,1.8148772716522217,1.24138605594635,-5.126522955833934e-05,2.67342238657875e-05,0.16357366740703583,0.7266080975532532
scoop_total132g_09191449_set2,scoop,scoop_total_132g,132,29,3,676.443,-0.45698052644729614,1.856017827987671,1.2992056608200073,-5.019774107495323e-05,2.6177540348726325e-05,0.1601676046848297,0.7276232242584229
scoop_total132g_09191449_set2,scoop,scoop_total_132g,132,29,4,677.263,-0.5260559916496277,1.8560895919799805,1.2919021844863892,-5.095162850921042e-05,2.65706839854829e-05,0.16257305443286896,0.7143287062644958
scoop_total132g_09191449_set2,scoop,scoop_total_132g,132,29,5,678.083,-0.5048561692237854,1.8549120426177979,1.2405749559402466,-5.018778392695822e-05,2.61723471339792e-05,0.16013582050800323,0.7157313227653503
scoop_total132g_09191449_set2,scoop,scoop_total_132g,132,29,6,678.903,-0.5084445476531982,1.8247374296188354,1.1649532318115234,-5.087625322630629e-05,2.6531375624472275e-05,0.16233254969120026,0.7144953012466431
scoop_total132g_09191449_set2,scoop,scoop_total_132g,132,29,7,679.723,-0.5648027658462524,1.9091682434082031,1.208443522453308,-5.034269270254299e-05,2.625313209136948e-05,0.16063010692596436,0.7252789735794067
scoop_total132g_09191449_set2,scoop,scoop_total_132g,132,29,8,680.546,-0.5823290348052979,1.907922625541687,1.2723076343536377,-5.134936509421095e-05,2.6778099709190428e-05,0.1638421267271042,0.7185561060905457
scoop_total132g_09191449_set2,scoop,scoop_total_132g,132,29,9,681.366,-0.5133421421051025,1.895570158958435,1.1890044212341309,-5.124220115249045e-05,2.672221489774529e-05,0.16350020468235016,0.707816481590271
scoop_total132g_09191449_set2,scoop,scoop_total_132g,132,29,10,682.186,-0.5095212459564209,1.8788244724273682,1.161107063293457,-5.0560280214995146e-05,2.636660065036267e-05,0.1613243669271469,0.7266514301300049
scoop_total132g_09191449_set2,scoop,scoop_total_132g,132,30,1,684.003,-0.4681670069694519,1.933234453201294,1.2219611406326294,-5.073798092780635e-05,2.6459270884515718e-05,0.161891371011734,0.7009269595146179
scoop_total132g_09191449_set2,scoop,scoop_total_132g,132,30,2,684.823,-0.4278629422187805,1.8327031135559082,1.1971254348754883,-5.143413000041619e-05,2.6822302970685996e-05,0.16411258280277252,0.7127442955970764
scoop_total132g_09191449_set2,scoop,scoop_total_132g,132,30,3,685.643,-0.45094650983810425,1.8393044471740723,1.2071099281311035,-5.075234003015794e-05,2.6466757844900712e-05,0.1619371771812439,0.7107023596763611
scoop_total132g_09191449_set2,scoop,scoop_total_132g,132,30,4,686.463,-0.45716819167137146,1.8742129802703857,1.3682228326797485,-5.092441278975457e-05,2.6556492230156437e-05,0.1624862104654312,0.7357776165008545
scoop_total132g_09191449_set2,scoop,scoop_total_132g,132,30,5,687.283,-0.4159969985485077,1.8123303651809692,1.2998968362808228,-5.078569665784016e-05,2.648415284056682e-05,0.16204360127449036,0.7256922721862793
scoop_total132g_09191449_set2,scoop,scoop_total_132g,132,30,6,688.102,-0.34964287281036377,1.8004199266433716,1.2546501159667969,-5.161249646334909e-05,2.691532063181512e-05,0.16468170285224915,0.7192460298538208
scoop_total132g_09191449_set2,scoop,scoop_total_132g,132,30,7,688.922,-0.4119013249874115,1.8295440673828125,1.2604968547821045,-5.1500046538421884e-05,2.6856678232434206e-05,0.16432291269302368,0.7244672775268555
scoop_total132g_09191449_set2,scoop,scoop_total_132g,132,30,8,689.742,-0.4783956706523895,1.8595050573349,1.3113799095153809,-5.1450133469188586e-05,2.6830648494069465e-05,0.16416364908218384,0.7259965538978577
scoop_total132g_09191449_set2,scoop,scoop_total_132g,132,30,9,690.562,-0.4288105368614197,1.8049299716949463,1.3962101936340332,-5.0083235692000017e-05,2.611782656458672e-05,0.15980224311351776,0.6900212168693542
scoop_total132g_09191449_set2,scoop,scoop_total_132g,132,30,10,691.382,-0.3250027894973755,2.11385440826416,1.2665977478027344,-5.27171250723768e-05,2.7491369110066444e-05,0.16820627450942993,0.720885694026947
scoop_total132g_09191449_set3,scoop,scoop_total_132g,132,1,1,706.891,-0.553914487361908,1.8673728704452515,1.2131675481796265,-5.335258902050555e-05,2.7822756237583235e-05,0.17023387551307678,0.7144937515258789
scoop_total132g_09191449_set3,scoop,scoop_total_132g,132,1,2,707.711,-0.6026560068130493,1.8922004699707031,1.1703883409500122,-5.378642163123004e-05,2.8048996682628058e-05,0.17161811888217926,0.7154014110565186
scoop_total132g_09191449_set3,scoop,scoop_total_132g,132,1,3,708.532,-0.630281388759613,1.9269574880599976,1.1829403638839722,-5.374811735237017e-05,2.8029020540998317e-05,0.17149589955806732,0.7033169865608215
scoop_total132g_09191449_set3,scoop,scoop_total_132g,132,1,4,709.353,-0.6405758261680603,1.9034353494644165,1.1421680450439453,-5.215343844611198e-05,2.7197414965485223e-05,0.16640770435333252,0.7162178158760071
scoop_total132g_09191449_set3,scoop,scoop_total_132g,132,1,5,710.173,-0.6565481424331665,1.9230254888534546,1.2287466526031494,-5.181691813049838e-05,2.7021922505809925e-05,0.16533397138118744,0.7209598422050476
scoop_total132g_09191449_set3,scoop,scoop_total_132g,132,1,6,710.991,-0.6689167618751526,1.9064884185791016,1.2469747066497803,-5.305976446834393e-05,2.767005207715556e-05,0.16929955780506134,0.7136361002922058
scoop_total132g_09191449_set3,scoop,scoop_total_132g,132,1,7,711.811,-0.6084984540939331,1.9073320627212524,1.1842046976089478,-5.179506479180418e-05,2.701052653719671e-05,0.16526423394680023,0.7210940718650818
scoop_total132g_09191449_set3,scoop,scoop_total_132g,132,1,8,712.631,-0.6287021040916443,1.9232009649276733,1.2908891439437866,-5.187922215554863e-05,2.7054415113525465e-05,0.16553276777267456,0.7191261649131775
scoop_total132g_09191449_set3,scoop,scoop_total_132g,132,1,9,713.451,-0.5377779603004456,1.8489011526107788,1.2601913213729858,-5.284432336338796e-05,2.7557704015634954e-05,0.16861213743686676,0.7225176692008972
scoop_total132g_09191449_set3,scoop,scoop_total_132g,132,1,10,714.271,-0.4670550227165222,1.8199414014816284,1.2641618251800537,-5.193295510252938e-05,2.7082434826297686e-05,0.16570420563220978,0.7232078909873962
scoop_total132g_09191449_set3,scoop,scoop_total_132g,132,2,1,716.091,-0.43383848667144775,1.8067700862884521,1.2828288078308105,-5.2427913033170626e-05,2.7340549422660843e-05,0.16728347539901733,0.71462082862854
scoop_total132g_09191449_set3,scoop,scoop_total_132g,132,2,2,716.914,-0.3903708755970001,1.8063101768493652,1.2880038022994995,-5.343308293959126e-05,2.7864734875038266e-05,0.17049071192741394,0.7129843831062317
scoop_total132g_09191449_set3,scoop,scoop_total_132g,132,2,3,717.731,-0.3778883218765259,1.7742292881011963,1.2261905670166016,-5.195123958401382e-05,2.7091969968751073e-05,0.1657625436782837,0.723103404045105
scoop_total132g_09191449_set3,scoop,scoop_total_132g,132,2,4,718.552,-0.4287768006324768,1.8088797330856323,1.294487476348877,-5.211637471802533e-05,2.7178086384083144e-05,0.16628944873809814,0.7277714610099792
scoop_total132g_09191449_set3,scoop,scoop_total_132g,132,2,5,719.374,-0.4815574288368225,1.8342169523239136,1.3573336601257324,-5.168383358977735e-05,2.6952520784107037e-05,0.16490931808948517,0.7158674597740173
scoop_total132g_09191449_set3,scoop,scoop_total_132g,132,2,6,720.191,-0.5164746046066284,1.8240395784378052,1.2299813032150269,-5.4107360483612865e-05,2.8216361897648312e-05,0.17264215648174286,0.7267599701881409
scoop_total132g_09191449_set3,scoop,scoop_total_132g,132,2,7,721.014,-0.4689927399158478,1.8435007333755493,1.1876170635223389,-5.373439853428863e-05,2.802186645567417e-05,0.1714521199464798,0.718629002571106
scoop_total132g_09191449_set3,scoop,scoop_total_132g,132,2,8,721.831,-0.5325207710266113,1.906920313835144,1.2444164752960205,-5.207202775636688e-05,2.7154959752806462e-05,0.16614794731140137,0.7203701138496399
scoop_total132g_09191449_set3,scoop,scoop_total_132g,132,2,9,722.651,-0.5775321125984192,1.8916953802108765,1.2619857788085938,-5.3050349379191175e-05,2.7665144443744794e-05,0.16926951706409454,0.7119831442832947
scoop_total132g_09191449_set3,scoop,scoop_total_132g,132,2,10,723.471,-0.5803146362304688,1.8880380392074585,1.1644915342330933,-5.203150067245588e-05,2.7133824914926663e-05,0.16601863503456116,0.7110617160797119
scoop_total132g_09191449_set3,scoop,scoop_total_132g,132,3,1,725.291,-0.5842292904853821,1.8948568105697632,1.2053349018096924,-5.332582077244297e-05,2.7808797312900424e-05,0.17014846205711365,0.7209073901176453
scoop_total132g_09191449_set3,scoop,scoop_total_132g,132,3,2,726.111,-0.586094856262207,1.9279615879058838,1.282050609588623,-5.294610309647396e-05,2.761078030744102e-05,0.16893689334392548,0.7132845520973206
scoop_total132g_09191449_set3,scoop,scoop_total_132g,132,3,3,726.934,-0.5598796010017395,1.9113192558288574,1.1999542713165283,-5.281972698867321e-05,2.754487650236115e-05,0.16853365302085876,0.7127252221107483
scoop_total132g_09191449_set3,scoop,scoop_total_132g,132,3,4,727.751,-0.5506011247634888,1.8643920421600342,1.2210092544555664,-5.167378549231216e-05,2.6947282094624825e-05,0.1648772656917572,0.7255037426948547
scoop_total132g_09191449_set3,scoop,scoop_total_132g,132,3,5,728.574,-0.5423092246055603,1.8707200288772583,1.3007599115371704,-5.2279883675510064e-05,2.726335333136376e-05,0.16681115329265594,0.728736937046051
scoop_total132g_09191449_set3,scoop,scoop_total_132g,132,3,6,729.391,-0.5138365030288696,1.8606770038604736,1.3212002515792847,-5.189897638047114e-05,2.7064714231528342e-05,0.16559578478336334,0.7181702256202698
scoop_total132g_09191449_set3,scoop,scoop_total_132g,132,3,7,730.214,-0.45173943042755127,1.8524731397628784,1.264045238494873,-5.395527114160359e-05,2.8137048502685502e-05,0.17215687036514282,0.720608651638031
scoop_total132g_09191449_set3,scoop,scoop_total_132g,132,3,8,731.034,-0.4576888978481293,1.8196828365325928,1.269882321357727,-5.3416963055497035e-05,2.7856327506015077e-05,0.17043928802013397,0.7267075181007385
scoop_total132g_09191449_set3,scoop,scoop_total_132g,132,3,9,731.849,-0.5303951501846313,1.853131890296936,1.3272583484649658,-5.211004463490099e-05,2.717478491831571e-05,0.16626925766468048,0.7292672395706177
scoop_total132g_09191449_set3,scoop,scoop_total_132g,132,3,10,732.669,-0.5033767223358154,1.8598146438598633,1.3082138299942017,-5.1852148317266256e-05,2.704029429878574e-05,0.16544637084007263,0.7191521525382996
scoop_total132g_09191449_set3,scoop,scoop_total_132g,132,4,1,734.493,-0.5418055057525635,1.8698627948760986,1.2434766292572021,-5.279116885503754e-05,2.752998443611432e-05,0.1684425324201584,0.7270328998565674
scoop_total132g_09191449_set3,scoop,scoop_total_132g,132,4,2,735.310,-0.5473796725273132,1.885270118713379,1.2527515888214111,-5.362661249819212e-05,2.79656578641152e-05,0.171108216047287,0.7198309898376465
scoop_total132g_09191449_set3,scoop,scoop_total_132g,132,4,3,736.129,-0.5680643320083618,1.8737045526504517,1.2473984956741333,-5.206667628954165e-05,2.7152169423061423e-05,0.16613087058067322,0.702293336391449
scoop_total132g_09191449_set3,scoop,scoop_total_132g,132,4,4,736.949,-0.5509757995605469,1.8527207374572754,1.1381690502166748,-5.2277930080890656e-05,2.7262336516287178e-05,0.16680492460727692,0.7226298451423645
scoop_total132g_09191449_set3,scoop,scoop_total_132g,132,4,5,737.769,-0.576276957988739,1.8807222843170166,1.2080200910568237,-5.2426414185902104e-05,2.733976907620672e-05,0.1672787070274353,0.7243071794509888
scoop_total132g_09191449_set3,scoop,scoop_total_132g,132,4,6,738.593,-0.5651566386222839,1.9123756885528564,1.2505360841751099,-5.3136442147661e-05,2.771003892121371e-05,0.16954420506954193,0.7181841731071472
scoop_total132g_09191449_set3,scoop,scoop_total_132g,132,4,7,739.410,-0.5304614305496216,1.8638807535171509,1.1644748449325562,-5.396453707362525e-05,2.8141881557530724e-05,0.1721864491701126,0.7103118896484375
scoop_total132g_09191449_set3,scoop,scoop_total_132g,132,4,8,740.230,-0.5099475383758545,1.851257562637329,1.1464390754699707,-5.2783358114538714e-05,2.752591171883978e-05,0.16841761767864227,0.7170588374137878
scoop_total132g_09191449_set3,scoop,scoop_total_132g,132,4,9,741.053,-0.514192521572113,1.8988007307052612,1.2158688306808472,-5.179920117370784e-05,2.7012683858629316e-05,0.16527743637561798,0.7278478145599365
scoop_total132g_09191449_set3,scoop,scoop_total_132g,132,4,10,741.873,-0.49965155124664307,1.8784942626953125,1.2790225744247437,-5.2820181736024097e-05,2.754511297098361e-05,0.16853511333465576,0.7051522135734558
scoop_total132g_09191449_set3,scoop,scoop_total_132g,132,5,1,743.690,-0.49737685918807983,1.8240913152694702,1.3455721139907837,-5.2090159442741424e-05,2.7164414859726094e-05,0.16620579361915588,0.7328383922576904
scoop_total132g_09191449_set3,scoop,scoop_total_132g,132,5,2,744.511,-0.4701693654060364,1.8283401727676392,1.3615437746047974,-5.321581193129532e-05,2.7751430025091395e-05,0.16979746520519257,0.7320225834846497
scoop_total132g_09191449_set3,scoop,scoop_total_132g,132,5,3,745.333,-0.47255733609199524,1.8412436246871948,1.3556357622146606,-5.29220124008134e-05,2.7598216547630727e-05,0.16886001825332642,0.730503499507904
scoop_total132g_09191449_set3,scoop,scoop_total_132g,132,5,4,746.151,-0.4878154397010803,1.8449686765670776,1.3581905364990234,-5.2540668548317626e-05,2.7399350074119866e-05,0.1676432490348816,0.7303780317306519
scoop_total132g_09191449_set3,scoop,scoop_total_132g,132,5,5,746.970,-0.513725757598877,1.866031289100647,1.3074463605880737,-5.3225812735036016e-05,2.775664506771136e-05,0.1698293685913086,0.7252081036567688
scoop_total132g_09191449_set3,scoop,scoop_total_132g,132,5,6,747.790,-0.5401443243026733,1.8716022968292236,1.3293404579162598,-5.23081689607352e-05,2.7278105335426517e-05,0.16690140962600708,0.7255308628082275
scoop_total132g_09191449_set3,scoop,scoop_total_132g,132,5,7,748.610,-0.5954660177230835,1.8931397199630737,1.3218746185302734,-5.167468043509871e-05,2.6947747755912133e-05,0.16488012671470642,0.7207580208778381
scoop_total132g_09191449_set3,scoop,scoop_total_132g,132,5,8,749.430,-0.5645855069160461,1.895738124847412,1.2240756750106812,-5.0969389121746644e-05,2.6579946279525757e-05,0.16262972354888916,0.7092235684394836
scoop_total132g_09191449_set3,scoop,scoop_total_132g,132,5,9,750.254,-0.5901445746421814,1.8770626783370972,1.199461579322815,-5.2622755902120844e-05,2.7442158170742914e-05,0.16790516674518585,0.7199814915657043
scoop_total132g_09191449_set3,scoop,scoop_total_132g,132,5,10,751.070,-0.6166145205497742,1.8839709758758545,1.252030849456787,-5.2779731049668044e-05,2.7524018150870688e-05,0.16840603947639465,0.7152392864227295
scoop_total132g_09191449_set3,scoop,scoop_total_132g,132,6,1,752.889,-0.630267858505249,1.9157335758209229,1.1571792364120483,-5.3912131988909096e-05,2.811455306073185e-05,0.17201922833919525,0.7172680497169495
scoop_total132g_09191449_set3,scoop,scoop_total_132g,132,6,2,753.709,-0.6216844916343689,1.902915596961975,1.2199238538742065,-5.3009895054856315e-05,2.7644045985653065e-05,0.16914042830467224,0.7180231809616089
scoop_total132g_09191449_set3,scoop,scoop_total_132g,132,6,3,754.529,-0.578676700592041,1.8454461097717285,1.2361198663711548,-5.322629294823855e-05,2.7756894269259647e-05,0.16983090341091156,0.7153329253196716
scoop_total132g_09191449_set3,scoop,scoop_total_132g,132,6,4,755.350,-0.5332579612731934,1.878869891166687,1.2234596014022827,-5.276846786728129e-05,2.751814463408664e-05,0.1683700978755951,0.7172545194625854
scoop_total132g_09191449_set3,scoop,scoop_total_132g,132,6,5,756.172,-0.4723854660987854,1.7985018491744995,1.1875802278518677,-5.151781806489453e-05,2.6865945983445272e-05,0.16437961161136627,0.7226632833480835
scoop_total132g_09191449_set3,scoop,scoop_total_132g,132,6,6,756.989,-0.507103681564331,1.8487101793289185,1.252009391784668,-5.222458275966346e-05,2.7234515073359944e-05,0.1666347086429596,0.7305153608322144
scoop_total132g_09191449_set3,scoop,scoop_total_132g,132,6,7,757.809,-0.5458871722221375,1.8782223463058472,1.318368911743164,-5.182957829674706e-05,2.7028525437344797e-05,0.16537435352802277,0.7451059222221375
scoop_total132g_09191449_set3,scoop,scoop_total_132g,132,6,8,758.629,-0.4799747169017792,1.8459680080413818,1.2597509622573853,-5.360027353162877e-05,2.7951920856139623e-05,0.1710241734981537,0.7287874221801758
scoop_total132g_09191449_set3,scoop,scoop_total_132g,132,6,9,759.449,-0.44170907139778137,1.8081746101379395,1.2772084474563599,-5.256350414128974e-05,2.741125899774488e-05,0.1677161157131195,0.728895902633667
scoop_total132g_09191449_set3,scoop,scoop_total_132g,132,6,10,760.269,-0.4857686758041382,1.8477801084518433,1.2580229043960571,-5.3342660976340994e-05,2.7817579393740743e-05,0.17020219564437866,0.7211101651191711
scoop_total132g_09191449_set3,scoop,scoop_total_132g,132,7,1,762.092,-0.504817545413971,1.8434996604919434,1.2080343961715698,-5.2687875722767785e-05,2.7476118702907115e-05,0.16811296343803406,0.7095162272453308
scoop_total132g_09191449_set3,scoop,scoop_total_132g,132,7,2,762.909,-0.5312426090240479,1.8612840175628662,1.1926628351211548,-5.234104173723608e-05,2.729524567257613e-05,0.16700629889965057,0.7174420952796936
scoop_total132g_09191449_set3,scoop,scoop_total_132g,132,7,3,763.729,-0.6524043679237366,1.9044990539550781,1.2198026180267334,-5.337074981071055e-05,2.7832227715407498e-05,0.17029182612895966,0.7255046963691711
scoop_total132g_09191449_set3,scoop,scoop_total_132g,132,7,4,764.549,-0.5693332552909851,1.8663591146469116,1.3171499967575073,-5.377133857109584e-05,2.8041131372447126e-05,0.17157000303268433,0.7206783890724182
scoop_total132g_09191449_set3,scoop,scoop_total_132g,132,7,5,765.372,-0.49652543663978577,1.8377794027328491,1.2643368244171143,-5.371470979298465e-05,2.8011598260491155e-05,0.17138929665088654,0.7184209227561951
scoop_total132g_09191449_set3,scoop,scoop_total_132g,132,7,6,766.192,-0.470236599445343,1.8148272037506104,1.2602859735488892,-5.25532232131809e-05,2.740589843597263e-05,0.16768331825733185,0.7318843603134155
scoop_total132g_09191449_set3,scoop,scoop_total_132g,132,7,7,767.009,-0.49521851539611816,1.8690389394760132,1.330482840538025,-5.354562745196745e-05,2.7923424568143673e-05,0.17084981501102448,0.7167028784751892
scoop_total132g_09191449_set3,scoop,scoop_total_132g,132,7,8,767.829,-0.6176930069923401,1.925482988357544,1.2628248929977417,-5.4321964853443205e-05,2.832827522070147e-05,0.17332689464092255,0.7179592847824097
scoop_total132g_09191449_set3,scoop,scoop_total_132g,132,7,9,768.649,-0.6162666082382202,1.9155405759811401,1.1794432401657104,-5.289546606945805e-05,2.758437221928034e-05,0.16877532005310059,0.7135811448097229
scoop_total132g_09191449_set3,scoop,scoop_total_132g,132,7,10,769.471,-0.46267110109329224,1.8277586698532104,1.2774485349655151,-5.206912464927882e-05,2.715344453463331e-05,0.1661386787891388,0.7270030379295349
scoop_total132g_09191449_set3,scoop,scoop_total_132g,132,8,1,771.289,-0.5158319473266602,1.865936279296875,1.2582252025604248,-5.3731921070721e-05,2.802057315420825e-05,0.17144422233104706,0.7171847820281982
scoop_total132g_09191449_set3,scoop,scoop_total_132g,132,8,2,772.111,-0.5154477953910828,1.918522596359253,1.1672022342681885,-5.336249159881845e-05,2.7827922167489305e-05,0.17026548087596893,0.7122445106506348
scoop_total132g_09191449_set3,scoop,scoop_total_132g,132,8,3,772.928,-0.6038299798965454,1.8983232975006104,1.1994680166244507,-5.2359038818394765e-05,2.7304631657898426e-05,0.16706372797489166,0.7199973464012146
scoop_total132g_09191449_set3,scoop,scoop_total_132g,132,8,4,773.748,-0.6366636157035828,1.9284855127334595,1.245451807975769,-5.2101240726187825e-05,2.717019378906116e-05,0.16624115407466888,0.7191669344902039
scoop_total132g_09191449_set3,scoop,scoop_total_132g,132,8,5,774.567,-0.49804243445396423,1.8636001348495483,1.2455244064331055,-5.34094542672392e-05,2.7852411221829243e-05,0.17041532695293427,0.7150360941886902
scoop_total132g_09191449_set3,scoop,scoop_total_132g,132,8,6,775.387,-0.34484755992889404,1.8069162368774414,1.2551385164260864,-5.3051800932735205e-05,2.7665899324347265e-05,0.16927413642406464,0.7084290385246277
scoop_total132g_09191449_set3,scoop,scoop_total_132g,132,8,7,776.208,-0.49249476194381714,1.8635857105255127,1.2388073205947876,-5.280204277369194e-05,2.753565422608517e-05,0.16847723722457886,0.7242341637611389
scoop_total132g_09191449_set3,scoop,scoop_total_132g,132,8,8,777.030,-0.4789677560329437,1.8578743934631348,1.299065113067627,-5.27593438164331e-05,2.7513387976796366e-05,0.1683409959077835,0.7188631296157837
scoop_total132g_09191449_set3,scoop,scoop_total_132g,132,8,9,777.847,-0.4963996708393097,1.858351707458496,1.2544888257980347,-5.220191815169528e-05,2.7222695280215703e-05,0.16656239330768585,0.7201967239379883
scoop_total132g_09191449_set3,scoop,scoop_total_132g,132,8,10,778.667,-0.5066449046134949,1.8477967977523804,1.1959894895553589,-5.362554293242283e-05,2.7965099434368312e-05,0.1711048036813736,0.7138202786445618
scoop_total132g_09191449_set3,scoop,scoop_total_132g,132,9,1,780.487,-0.5588213205337524,1.880837321281433,1.1363192796707153,-5.3806619689567015e-05,2.805952863127459e-05,0.17168256640434265,0.7134994268417358
scoop_total132g_09191449_set3,scoop,scoop_total_132g,132,9,2,781.310,-0.5855963230133057,1.9301860332489014,1.16006338596344,-5.293907815939747e-05,2.7607116862782277e-05,0.16891448199748993,0.7113436460494995
scoop_total132g_09191449_set3,scoop,scoop_total_132g,132,9,3,782.128,-0.5830793380737305,1.912721037864685,1.1658447980880737,-5.226098801358603e-05,2.7253499865764752e-05,0.16675087809562683,0.7093750834465027
scoop_total132g_09191449_set3,scoop,scoop_total_132g,132,9,4,782.947,-0.5765325427055359,1.9122304916381836,1.1586055755615234,-5.190799492993392e-05,2.7069419957115315e-05,0.16562457382678986,0.7133862376213074
scoop_total132g_09191449_set3,scoop,scoop_total_132g,132,9,5,783.767,-0.5980752110481262,1.922592043876648,1.214095115661621,-5.3094918257556856e-05,2.76883856713539e-05,0.16941171884536743,0.7172458171844482
scoop_total132g_09191449_set3,scoop,scoop_total_132g,132,9,6,784.587,-0.5699654817581177,1.8956788778305054,1.201309323310852,-5.122099173604511e-05,2.6711153623182327e-05,0.1634325236082077,0.7090703248977661
scoop_total132g_09191449_set3,scoop,scoop_total_132g,132,9,7,785.407,-0.48877185583114624,1.8355034589767456,1.2353132963180542,-5.18678170919884e-05,2.704846701817587e-05,0.165496364235878,0.7219169735908508
scoop_total132g_09191449_set3,scoop,scoop_total_132g,132,9,8,786.229,-0.5584766864776611,1.8553917407989502,1.2720650434494019,-5.377500565373339e-05,2.804304131132085e-05,0.1715816855430603,0.740672767162323
scoop_total132g_09191449_set3,scoop,scoop_total_132g,132,9,9,787.050,-0.5226579904556274,1.8728622198104858,1.370769739151001,-5.1845760026481e-05,2.7036963729187846e-05,0.16542598605155945,0.720740020275116
scoop_total132g_09191449_set3,scoop,scoop_total_132g,132,9,10,787.870,-0.46089738607406616,1.8591482639312744,1.2488818168640137,-5.2643958042608574e-05,2.7453213988337666e-05,0.16797281801700592,0.7323326468467712
scoop_total132g_09191449_set3,scoop,scoop_total_132g,132,10,1,789.690,-0.46735653281211853,1.8607866764068604,1.3102755546569824,-5.2346404117997736e-05,2.7298043278278783e-05,0.1670234054327011,0.7097688913345337
scoop_total132g_09191449_set3,scoop,scoop_total_132g,132,10,2,790.507,-0.45667290687561035,1.851884126663208,1.3300334215164185,-5.12421756866388e-05,2.672220034583006e-05,0.163500115275383,0.7051430344581604
scoop_total132g_09191449_set3,scoop,scoop_total_132g,132,10,3,791.327,-0.447822630405426,1.8596197366714478,1.167482614517212,-5.330177373252809e-05,2.7796259018941782e-05,0.17007173597812653,0.7323041558265686
scoop_total132g_09191449_set3,scoop,scoop_total_132g,132,10,4,792.147,-0.5055315494537354,1.8480961322784424,1.2544187307357788,-5.185282134334557e-05,2.7040645363740623e-05,0.16544851660728455,0.7098521590232849
scoop_total132g_09191449_set3,scoop,scoop_total_132g,132,10,5,792.970,-0.5649536848068237,1.8647258281707764,1.247053861618042,-5.178205537959002e-05,2.7003741706721485e-05,0.16522271931171417,0.7274423241615295
scoop_total132g_09191449_set3,scoop,scoop_total_132g,132,10,6,793.787,-0.5669249296188354,1.8521008491516113,1.1699694395065308,-5.279308243189007e-05,2.7530981242307462e-05,0.16844864189624786,0.7059538960456848
scoop_total132g_09191449_set3,scoop,scoop_total_132g,132,10,7,794.610,-0.5338667631149292,1.8849674463272095,1.1525325775146484,-5.277574382489547e-05,2.7521939045982435e-05,0.1683933138847351,0.7121543884277344
scoop_total132g_09191449_set3,scoop,scoop_total_132g,132,10,8,795.430,-0.5607393980026245,1.8721897602081299,1.132744312286377,-5.3014162403997034e-05,2.7646270609693602e-05,0.16915404796600342,0.7171841263771057
scoop_total132g_09191449_set3,scoop,scoop_total_132g,132,10,9,796.247,-0.5527582764625549,1.941194772720337,1.196640968322754,-5.433291880763136e-05,2.8333986847428605e-05,0.17336183786392212,0.7283298373222351
scoop_total132g_09191449_set3,scoop,scoop_total_132g,132,10,10,797.067,-0.5738816857337952,1.8326871395111084,1.2032440900802612,-5.274039722280577e-05,2.7503507226356305e-05,0.16828054189682007,0.7348731756210327
scoop_total132g_09191449_set3,scoop,scoop_total_132g,132,11,1,798.887,-0.49880251288414,1.8636606931686401,1.2326958179473877,-5.3182346164248884e-05,2.7733976821764372e-05,0.16969068348407745,0.707092821598053
scoop_total132g_09191449_set3,scoop,scoop_total_132g,132,11,2,799.709,-0.47915226221084595,1.9037015438079834,1.2338647842407227,-5.2870571380481124e-05,2.7571390091907233e-05,0.16869588196277618,0.7466655373573303
scoop_total132g_09191449_set3,scoop,scoop_total_132g,132,11,3,800.530,-0.482685387134552,1.8677449226379395,1.3187308311462402,-5.2485604101093486e-05,2.737063550739549e-05,0.16746756434440613,0.6811224222183228
scoop_total132g_09191449_set3,scoop,scoop_total_132g,132,11,4,801.347,-0.3998975157737732,1.8083958625793457,1.1192833185195923,-5.383060852182098e-05,2.8072037821402773e-05,0.17175911366939545,0.7272554636001587
scoop_total132g_09191449_set3,scoop,scoop_total_132g,132,11,5,802.167,-0.4785693883895874,1.8754678964614868,1.2640000581741333,-5.262892955215648e-05,2.744537778198719e-05,0.1679248809814453,0.7347479462623596
scoop_total132g_09191449_set3,scoop,scoop_total_132g,132,11,6,802.990,-0.5004552602767944,1.8617515563964844,1.3290011882781982,-5.2311166655272245e-05,2.7279667847324163e-05,0.16691097617149353,0.7266757488250732
scoop_total132g_09191449_set3,scoop,scoop_total_132g,132,11,7,803.807,-0.4601956605911255,1.8600754737854004,1.267918586730957,-5.2473507821559906e-05,2.736432543315459e-05,0.16742895543575287,0.7129107713699341
scoop_total132g_09191449_set3,scoop,scoop_total_132g,132,11,8,804.629,-0.4774850308895111,1.8600823879241943,1.2171225547790527,-5.43416608707048e-05,2.8338547053863294e-05,0.1733897477388382,0.723717987537384
scoop_total132g_09191449_set3,scoop,scoop_total_132g,132,11,9,805.447,-0.5460618734359741,1.8847390413284302,1.2882853746414185,-5.360797877074219e-05,2.7955939003732055e-05,0.17104876041412354,0.7063074111938477
scoop_total132g_09191449_set3,scoop,scoop_total_132g,132,11,10,806.270,-0.6053001284599304,1.915083408355713,1.3430702686309814,-5.341539144865237e-05,2.7855507141794078e-05,0.17043426632881165,0.691234290599823
scoop_total132g_09191449_set3,scoop,scoop_total_132g,132,12,1,808.086,-0.571150004863739,1.9507607221603394,1.1707245111465454,-5.272736234473996e-05,2.7496709662955254e-05,0.16823895275592804,0.6969617605209351
scoop_total132g_09191449_set3,scoop,scoop_total_132g,132,12,2,808.908,-0.5972647666931152,1.9064257144927979,1.1682385206222534,-5.2730119932675734e-05,2.7498146664584056e-05,0.1682477444410324,0.7755938172340393
scoop_total132g_09191449_set3,scoop,scoop_total_132g,132,12,3,809.726,-0.5945426821708679,2.006635904312134,1.3570237159729004,-5.301216879161075e-05,2.7645231966744177e-05,0.16914768517017365,0.6904168725013733
scoop_total132g_09191449_set3,scoop,scoop_total_132g,132,12,4,810.549,-0.59890216588974,1.797850489616394,1.0663079023361206,-5.141300425748341e-05,2.6811287170858122e-05,0.16404518485069275,0.7241780161857605
scoop_total132g_09191449_set3,scoop,scoop_total_132g,132,12,5,811.366,-0.5739564299583435,1.8567100763320923,1.2597421407699585,-5.256111762719229e-05,2.7410012990003452e-05,0.16770850121974945,0.7180219292640686
scoop_total132g_09191449_set3,scoop,scoop_total_132g,132,12,6,812.186,-0.5504156351089478,1.8733181953430176,1.2927464246749878,-5.284857616061345e-05,2.7559919544728473e-05,0.16862571239471436,0.7205608487129211
scoop_total132g_09191449_set3,scoop,scoop_total_132g,132,12,7,813.006,-0.5426469445228577,1.84941565990448,1.1723719835281372,-5.2634899475378916e-05,2.7448490072856657e-05,0.16794392466545105,0.6977561712265015
scoop_total132g_09191449_set3,scoop,scoop_total_132g,132,12,8,813.826,-0.44427889585494995,1.7639737129211426,1.1498466730117798,-5.270433393889107e-05,2.7484700694913045e-05,0.16816547513008118,0.7261213064193726
scoop_total132g_09191449_set3,scoop,scoop_total_132g,132,12,9,814.649,-0.4278489351272583,1.7920645475387573,1.2182515859603882,-5.390716978581622e-05,2.811196645780001e-05,0.17200340330600739,0.7169770002365112
scoop_total132g_09191449_set3,scoop,scoop_total_132g,132,12,10,815.466,-0.39804065227508545,1.8188871145248413,1.2576515674591064,-5.3047835535835475e-05,2.7663832952384837e-05,0.16926148533821106,0.7179689407348633
scoop_total132g_09191449_set3,scoop,scoop_total_132g,132,13,1,817.286,-0.5023265480995178,1.7045303583145142,1.2729525566101074,-5.2620551286963746e-05,2.7441008569439873e-05,0.16789814829826355,0.710949718952179
scoop_total132g_09191449_set3,scoop,scoop_total_132g,132,13,2,818.105,-0.4430285096168518,1.802251935005188,1.3298444747924805,-5.217806756263599e-05,2.721025884966366e-05,0.16648629307746887,0.7463079690933228
scoop_total132g_09191449_set3,scoop,scoop_total_132g,132,13,3,818.926,-0.48757562041282654,1.8762494325637817,1.316541075706482,-5.390437945607118e-05,2.8110509447287768e-05,0.17199449241161346,0.7450756430625916
scoop_total132g_09191449_set3,scoop,scoop_total_132g,132,13,4,819.745,-0.5562446117401123,1.8814116716384888,1.3565638065338135,-5.2202427468728274e-05,2.722296085266862e-05,0.16656401753425598,0.7131029963493347
scoop_total132g_09191449_set3,scoop,scoop_total_132g,132,13,5,820.566,-0.5761346817016602,1.8809386491775513,1.2831149101257324,-5.3012023272458464e-05,2.7645155569189228e-05,0.16914722323417664,0.725599467754364
scoop_total132g_09191449_set3,scoop,scoop_total_132g,132,13,6,821.386,-0.6206901669502258,1.9136253595352173,1.292352318763733,-5.1101411372656e-05,2.6648795028449968e-05,0.16305096447467804,0.7209349870681763
scoop_total132g_09191449_set3,scoop,scoop_total_132g,132,13,7,822.209,-0.5537031888961792,1.883175253868103,1.2146406173706055,-5.227935980656184e-05,2.7263080482953228e-05,0.16680948436260223,0.7094479203224182
scoop_total132g_09191449_set3,scoop,scoop_total_132g,132,13,8,823.025,-0.5505928993225098,1.8860716819763184,1.1747890710830688,-5.265933577902615e-05,2.74612339126179e-05,0.16802188754081726,0.7028204202651978
scoop_total132g_09191449_set3,scoop,scoop_total_132g,132,13,9,823.846,-0.5566090941429138,1.8680106401443481,1.120631217956543,-5.211514144320972e-05,2.717744246183429e-05,0.16628551483154297,0.7106383442878723
scoop_total132g_09191449_set3,scoop,scoop_total_132g,132,13,10,824.668,-0.5951672792434692,1.8663049936294556,1.239814043045044,-5.404617331805639e-05,2.8184455004520714e-05,0.17244692146778107,0.7275163531303406
scoop_total132g_09191449_set3,scoop,scoop_total_132g,132,14,1,826.486,-0.583670437335968,1.8473175764083862,1.169173002243042,-5.403341128840111e-05,2.8177797503303736e-05,0.17240619659423828,0.7137474417686462
scoop_total132g_09191449_set3,scoop,scoop_total_132g,132,14,2,827.305,-0.6008160710334778,1.8916592597961426,1.1984021663665771,-5.2277653594501317e-05,2.7262190997134894e-05,0.16680404543876648,0.7200822830200195
scoop_total132g_09191449_set3,scoop,scoop_total_132g,132,14,3,828.126,-0.5445826053619385,1.8584390878677368,1.2886981964111328,-5.3477546316571534e-05,2.788791971397586e-05,0.17063258588314056,0.7450340986251831
scoop_total132g_09191449_set3,scoop,scoop_total_132g,132,14,4,828.946,-0.46757617592811584,1.939969539642334,1.3650414943695068,-5.325620440999046e-05,2.7772493922384456e-05,0.16992634534835815,0.7197049856185913
scoop_total132g_09191449_set3,scoop,scoop_total_132g,132,14,5,829.765,-0.3878546953201294,1.8399244546890259,1.1973332166671753,-5.2355637308210135e-05,2.7302859962219372e-05,0.16705287992954254,0.7134672999382019
scoop_total132g_09191449_set3,scoop,scoop_total_132g,132,14,6,830.585,-0.3944018483161926,1.7875020503997803,1.2653131484985352,-5.391915328800678e-05,2.811821468640119e-05,0.1720416396856308,0.7316694259643555
scoop_total132g_09191449_set3,scoop,scoop_total_132g,132,14,7,831.408,-0.43192458152770996,1.8240253925323486,1.308803915977478,-5.284477083478123e-05,2.7557936846278608e-05,0.16861356794834137,0.7239657044410706
scoop_total132g_09191449_set3,scoop,scoop_total_132g,132,14,8,832.226,-0.44729775190353394,1.8165370225906372,1.3050332069396973,-5.254389179754071e-05,2.7401030820328742e-05,0.16765354573726654,0.7056007981300354
scoop_total132g_09191449_set3,scoop,scoop_total_132g,132,14,9,833.048,-0.4109593331813812,1.8022222518920898,1.1997076272964478,-5.368656638893299e-05,2.7996922653983347e-05,0.1712995022535324,0.711258590221405
scoop_total132g_09191449_set3,scoop,scoop_total_132g,132,14,10,833.866,-0.5916475057601929,1.8671047687530518,1.0980730056762695,-5.26370458828751e-05,2.744961057032924e-05,0.16795076429843903,0.7243874073028564
scoop_total132g_09191449_set3,scoop,scoop_total_132g,132,15,1,835.686,-0.48969706892967224,1.8310714960098267,1.239932656288147,-5.167090057511814e-05,2.694577597139869e-05,0.1648680567741394,0.7154611945152283
scoop_total132g_09191449_set3,scoop,scoop_total_132g,132,15,2,836.505,-0.44700348377227783,1.80868399143219,1.2149068117141724,-5.212661199038848e-05,2.718342511798255e-05,0.16632211208343506,0.7270365953445435
scoop_total132g_09191449_set3,scoop,scoop_total_132g,132,15,3,837.325,-0.4295143783092499,1.7875869274139404,1.3021248579025269,-5.3106978157302365e-05,2.7694673917721957e-05,0.16945019364356995,0.7243061065673828
scoop_total132g_09191449_set3,scoop,scoop_total_132g,132,15,4,838.145,-0.5828953385353088,1.8625906705856323,1.2918375730514526,-5.221460378379561e-05,2.7229312763665803e-05,0.16660287976264954,0.7488608360290527
scoop_total132g_09191449_set3,scoop,scoop_total_132g,132,15,5,838.965,-0.6556870937347412,1.8119032382965088,1.167407512664795,-5.031358523410745e-05,2.623795262479689e-05,0.1605372279882431,0.7321085333824158
scoop_total132g_09191449_set3,scoop,scoop_total_132g,132,15,6,839.785,-0.49339181184768677,1.8228931427001953,1.143959641456604,-5.100224370835349e-05,2.6597079340717755e-05,0.16273455321788788,0.7335963249206543
scoop_total132g_09191449_set3,scoop,scoop_total_132g,132,15,7,840.608,-0.4822194576263428,1.9060335159301758,1.3804802894592285,-5.2202762162778527e-05,2.7223137294640765e-05,0.16656509041786194,0.7090396285057068
scoop_total132g_09191449_set3,scoop,scoop_total_132g,132,15,8,841.427,-0.511258065700531,1.8294920921325684,1.2446377277374268,-5.315302769304253e-05,2.771868821582757e-05,0.16959713399410248,0.7148565649986267
scoop_total132g_09191449_set3,scoop,scoop_total_132g,132,15,9,842.245,-0.5426099896430969,1.9186745882034302,1.1838524341583252,-5.2526822400977835e-05,2.7392130505177192e-05,0.16759908199310303,0.6996775269508362
scoop_total132g_09191449_set3,scoop,scoop_total_132g,132,15,10,843.065,-0.6151576638221741,1.9076135158538818,1.2312930822372437,-5.318262992659584e-05,2.7734125978895463e-05,0.16969157755374908,0.7538650035858154
scoop_total132g_09191449_set3,scoop,scoop_total_132g,132,16,1,844.888,-0.6178610920906067,1.8707417249679565,1.222931146621704,-5.3497784392675385e-05,2.7898475309484638e-05,0.1706971526145935,0.7297136783599854
scoop_total132g_09191449_set3,scoop,scoop_total_132g,132,16,2,845.704,-0.42406606674194336,1.8334782123565674,1.2374259233474731,-5.237418372416869e-05,2.7312529709888622e-05,0.1671120524406433,0.7316874861717224
scoop_total132g_09191449_set3,scoop,scoop_total_132g,132,16,3,846.526,-0.5254239439964294,1.8614438772201538,1.2442045211791992,-5.2598024922190234e-05,2.7429261535871774e-05,0.16782626509666443,0.7163859605789185
scoop_total132g_09191449_set3,scoop,scoop_total_132g,132,16,4,847.345,-0.48291438817977905,1.8331245183944702,1.250025749206543,-5.1734539738390595e-05,2.6978963433066383e-05,0.16507111489772797,0.722899317741394
scoop_total132g_09191449_set3,scoop,scoop_total_132g,132,16,5,848.168,-0.48354586958885193,1.907470941543579,1.316025972366333,-5.175003025215119e-05,2.698704156500753e-05,0.16512054204940796,0.7324000000953674
scoop_total132g_09191449_set3,scoop,scoop_total_132g,132,16,6,848.985,-0.4030874967575073,1.8906800746917725,1.151921033859253,-5.216732097323984e-05,2.7204654543311335e-05,0.16645200550556183,0.6977773904800415
scoop_total132g_09191449_set3,scoop,scoop_total_132g,132,16,7,849.804,-0.4855800271034241,1.8330743312835693,1.2220619916915894,-5.178997162147425e-05,2.7007870812667534e-05,0.16524797677993774,0.7007583379745483
scoop_total132g_09191449_set3,scoop,scoop_total_132g,132,16,8,850.625,-0.5739029049873352,1.8538066148757935,1.2043415307998657,-5.232578405411914e-05,2.728728941292502e-05,0.16695761680603027,0.7296780943870544
scoop_total132g_09191449_set3,scoop,scoop_total_132g,132,16,9,851.444,-0.6049471497535706,1.8860955238342285,1.2816392183303833,-5.2015217079315335e-05,2.7125332053401507e-05,0.1659666746854782,0.7500901818275452
scoop_total132g_09191449_set3,scoop,scoop_total_132g,132,16,10,852.265,-0.6346328258514404,1.8051072359085083,1.2246812582015991,-5.154574682819657e-05,2.6880510631599464e-05,0.16446873545646667,0.6922166347503662
scoop_total132g_09191449_set3,scoop,scoop_total_132g,132,17,1,854.084,-0.5438280701637268,1.8410155773162842,1.1684788465499878,-5.304897058522329e-05,2.766442412394099e-05,0.16926512122154236,0.722402811050415
scoop_total132g_09191449_set3,scoop,scoop_total_132g,132,17,2,854.904,-0.5895692110061646,1.8982213735580444,1.2633694410324097,-5.27831980434712e-05,2.7525828045327216e-05,0.16841711103916168,0.715269148349762
scoop_total132g_09191449_set3,scoop,scoop_total_132g,132,17,3,855.727,-0.530129611492157,1.8650223016738892,1.2169685363769531,-5.2470695663942024e-05,2.7362861146684736e-05,0.16741999983787537,0.7140231132507324
scoop_total132g_09191449_set3,scoop,scoop_total_132g,132,17,4,856.546,-0.508518397808075,1.8648689985275269,1.224726676940918,-5.324356970959343e-05,2.7765905542764813e-05,0.1698860228061676,0.7232345938682556
scoop_total132g_09191449_set3,scoop,scoop_total_132g,132,17,5,857.364,-0.4332548975944519,1.8283336162567139,1.2447656393051147,-5.3401916375150904e-05,2.7848482204717584e-05,0.1703912764787674,0.7271549105644226
scoop_total132g_09191449_set3,scoop,scoop_total_132g,132,17,6,858.184,-0.4637027084827423,1.844920039176941,1.255949854850769,-5.4589832870988175e-05,2.846796633093618e-05,0.17418159544467926,0.7165610194206238
scoop_total132g_09191449_set3,scoop,scoop_total_132g,132,17,7,859.004,-0.44101476669311523,1.823010802268982,1.256240725517273,-5.254346615402028e-05,2.740080890362151e-05,0.1676521748304367,0.7308757901191711
scoop_total132g_09191449_set3,scoop,scoop_total_132g,132,17,8,859.825,-0.46899470686912537,1.864213466644287,1.310511589050293,-5.321614662534557e-05,2.775160282908473e-05,0.16979852318763733,0.7273174524307251
scoop_total132g_09191449_set3,scoop,scoop_total_132g,132,17,9,860.647,-0.5025320053100586,1.8420721292495728,1.3417340517044067,-5.337979018804617e-05,2.783694253594149e-05,0.17032065987586975,0.7219633460044861
scoop_total132g_09191449_set3,scoop,scoop_total_132g,132,17,10,861.464,-0.48531341552734375,1.8334671258926392,1.25822114944458,-5.2606690587708727e-05,2.7433779905550182e-05,0.1678539216518402,0.7178389430046082
scoop_total132g_09191449_set3,scoop,scoop_total_132g,132,18,1,863.284,-0.5810535550117493,1.8789807558059692,1.2870447635650635,-5.294198126648553e-05,2.7608630261966027e-05,0.1689237356185913,0.7264305949211121
scoop_total132g_09191449_set3,scoop,scoop_total_132g,132,18,2,864.104,-0.6124042272567749,1.8985283374786377,1.279434323310852,-5.349619095795788e-05,2.7897644031327218e-05,0.1706920713186264,0.7143944501876831
scoop_total132g_09191449_set3,scoop,scoop_total_132g,132,18,3,864.925,-0.5819305777549744,1.9016180038452148,1.207448959350586,-5.200063969823532e-05,2.7117732315673493e-05,0.1659201681613922,0.718294620513916
scoop_total132g_09191449_set3,scoop,scoop_total_132g,132,18,4,865.744,-0.5686144232749939,1.9011118412017822,1.1862757205963135,-5.297723691910505e-05,2.7627014787867665e-05,0.16903622448444366,0.7109249234199524
scoop_total132g_09191449_set3,scoop,scoop_total_132g,132,18,5,866.564,-0.6278854608535767,1.917575478553772,1.2217119932174683,-5.19407658430282e-05,2.7086509362561628e-05,0.16572913527488708,0.7210202813148499
scoop_total132g_09191449_set3,scoop,scoop_total_132g,132,18,6,867.383,-0.6350826621055603,1.8887306451797485,1.2119683027267456,-5.365331162465736e-05,2.7979582227999344e-05,0.17119340598583221,0.7190990447998047
scoop_total132g_09191449_set3,scoop,scoop_total_132g,132,18,7,868.203,-0.5222382545471191,1.9028819799423218,1.1376900672912598,-5.2675077313324437e-05,2.7469443011796102e-05,0.16807211935520172,0.7113257646560669
scoop_total132g_09191449_set3,scoop,scoop_total_132g,132,18,8,869.024,-0.541905403137207,1.845017671585083,1.183693766593933,-5.1724731747526675e-05,2.6973848434863612e-05,0.1650398224592209,0.724555492401123
scoop_total132g_09191449_set3,scoop,scoop_total_132g,132,18,9,869.847,-0.5336271524429321,1.880500316619873,1.2581392526626587,-5.1824943511746824e-05,2.702610618143808e-05,0.16535955667495728,0.7169114351272583
scoop_total132g_09191449_set3,scoop,scoop_total_132g,132,18,10,870.664,-0.4761659801006317,1.8525139093399048,1.2753942012786865,-5.3207899327389896e-05,2.7747304557124153e-05,0.1697722226381302,0.7165460586547852
scoop_total132g_09191449_set3,scoop,scoop_total_132g,132,19,1,872.483,-0.43375396728515625,1.8058438301086426,1.2508243322372437,-5.252391201793216e-05,2.739061164902523e-05,0.16758978366851807,0.730399489402771
scoop_total132g_09191449_set3,scoop,scoop_total_132g,132,19,2,873.306,-0.4075126051902771,1.8266288042068481,1.3287230730056763,-5.2157807658659294e-05,2.7199692340218462e-05,0.16642165184020996,0.7244045734405518
scoop_total132g_09191449_set3,scoop,scoop_total_132g,132,19,3,874.124,-0.39464929699897766,1.8068256378173828,1.2873947620391846,-5.3270057833287865e-05,2.7779717129305936e-05,0.1699705421924591,0.716448962688446
scoop_total132g_09191449_set3,scoop,scoop_total_132g,132,19,4,874.943,-0.41690629720687866,1.7857122421264648,1.2304664850234985,-5.299484473653138e-05,2.7636197046376765e-05,0.16909241676330566,0.7270640730857849
scoop_total132g_09191449_set3,scoop,scoop_total_132g,132,19,5,875.767,-0.449003666639328,1.814754843711853,1.267180323600769,-5.338482515071519e-05,2.7839567337650806e-05,0.17033672332763672,0.7287395596504211
scoop_total132g_09191449_set3,scoop,scoop_total_132g,132,19,6,876.583,-0.5289475917816162,1.8524593114852905,1.3209723234176636,-5.3914471209282055e-05,2.811577360262163e-05,0.17202669382095337,0.7209806442260742
scoop_total132g_09191449_set3,scoop,scoop_total_132g,132,19,7,877.406,-0.5287987589836121,1.8647743463516235,1.2530980110168457,-5.205551133258268e-05,2.714634501899127e-05,0.16609524190425873,0.7183348536491394
scoop_total132g_09191449_set3,scoop,scoop_total_132g,132,19,8,878.223,-0.5547685027122498,1.8660603761672974,1.1677970886230469,-5.16063992108684e-05,2.6912141038337722e-05,0.16466225683689117,0.7230844497680664
scoop_total132g_09191449_set3,scoop,scoop_total_132g,132,19,9,879.047,-0.6361994743347168,1.9000117778778076,1.2298542261123657,-5.238055746303871e-05,2.7315854822518304e-05,0.1671323925256729,0.7229187488555908
scoop_total132g_09191449_set3,scoop,scoop_total_132g,132,19,10,879.865,-0.6570472121238708,1.9437202215194702,1.2726489305496216,-5.402060196502134e-05,2.8171118174213916e-05,0.17236532270908356,0.7147828340530396
scoop_total132g_09191449_set3,scoop,scoop_total_132g,132,20,1,881.684,-0.5595279335975647,1.8756449222564697,1.1387104988098145,-5.2680206863442436e-05,2.7472118745208718e-05,0.16808849573135376,0.7228756546974182
scoop_total132g_09191449_set3,scoop,scoop_total_132g,132,20,2,882.503,-0.6086006760597229,1.9062426090240479,1.229365587234497,-5.189517105463892e-05,2.7062731533078477e-05,0.16558364033699036,0.7211654782295227
scoop_total132g_09191449_set3,scoop,scoop_total_132g,132,20,3,883.324,-0.6159765720367432,1.9177314043045044,1.2361838817596436,-5.192519165575504e-05,2.7078385755885392e-05,0.1656794399023056,0.7113579511642456
scoop_total132g_09191449_set3,scoop,scoop_total_132g,132,20,4,884.143,-0.4979652762413025,1.8723530769348145,1.165347695350647,-5.364413300412707e-05,2.7974794647889212e-05,0.1711641103029251,0.714850127696991
scoop_total132g_09191449_set3,scoop,scoop_total_132g,132,20,5,884.964,-0.480938583612442,1.8465696573257446,1.205471158027649,-5.2780280384467915e-05,2.752430555119645e-05,0.16840779781341553,0.7268745303153992
scoop_total132g_09191449_set3,scoop,scoop_total_132g,132,20,6,885.783,-0.5006124377250671,1.877009391784668,1.3016057014465332,-5.1794770115520805e-05,2.7010373742086813e-05,0.16526329517364502,0.729937732219696
scoop_total132g_09191449_set3,scoop,scoop_total_132g,132,20,7,886.603,-0.46277984976768494,1.8508150577545166,1.294510841369629,-5.352578955353238e-05,2.7913078156416304e-05,0.170786514878273,0.7203102111816406
scoop_total132g_09191449_set3,scoop,scoop_total_132g,132,20,8,887.424,-0.46117427945137024,1.8656830787658691,1.2377738952636719,-5.284729559207335e-05,2.7559253794606775e-05,0.16862162947654724,0.7161233425140381
scoop_total132g_09191449_set3,scoop,scoop_total_132g,132,20,9,888.246,-0.4690595269203186,1.855743408203125,1.2256706953048706,-5.272972703096457e-05,2.749794293777086e-05,0.16824649274349213,0.7169205546379089
scoop_total132g_09191449_set3,scoop,scoop_total_132g,132,20,10,889.067,-0.4578693211078644,1.8463014364242554,1.250322937965393,-5.203178079682402e-05,2.7133970434078947e-05,0.1660195291042328,0.7192884087562561
scoop_total132g_09191449_set3,scoop,scoop_total_132g,132,21,1,890.882,-0.48161962628364563,1.8490183353424072,1.2511465549468994,-5.127516851644032e-05,2.67394061665982e-05,0.16360537707805634,0.7114086151123047
scoop_total132g_09191449_set3,scoop,scoop_total_132g,132,21,2,891.702,-0.45658206939697266,1.8144452571868896,1.2085078954696655,-5.2941959438612685e-05,2.7608619348029606e-05,0.16892366111278534,0.7141290307044983
scoop_total132g_09191449_set3,scoop,scoop_total_132g,132,21,3,892.522,-0.4639413356781006,1.837514877319336,1.1817388534545898,-5.2081300964346156e-05,2.7159794626641087e-05,0.16617752611637115,0.7177042961120605
scoop_total132g_09191449_set3,scoop,scoop_total_132g,132,21,4,893.342,-0.5593016147613525,1.8806565999984741,1.220630407333374,-5.1550305215641856e-05,2.6882886231760494e-05,0.16448326408863068,0.7209177017211914
scoop_total132g_09191449_set3,scoop,scoop_total_132g,132,21,5,894.163,-0.6389014720916748,1.9084885120391846,1.2611660957336426,-5.133636295795441e-05,2.677131851669401e-05,0.16380064189434052,0.7080063819885254
scoop_total132g_09191449_set3,scoop,scoop_total_132g,132,21,6,894.982,-0.6463614702224731,1.8993022441864014,1.217005729675293,-5.2615687309298664e-05,2.7438471079221927e-05,0.16788262128829956,0.7198153138160706
scoop_total132g_09191449_set3,scoop,scoop_total_132g,132,21,7,895.805,-0.6639451384544373,1.9459575414657593,1.2196412086486816,-5.2522358600981534e-05,2.7389802198740654e-05,0.1675848364830017,0.716806173324585
scoop_total132g_09191449_set3,scoop,scoop_total_132g,132,21,8,896.622,-0.6256842613220215,1.9194515943527222,1.2044049501419067,-5.330098429112695e-05,2.7795846108347178e-05,0.17006921768188477,0.7088802456855774
scoop_total132g_09191449_set3,scoop,scoop_total_132g,132,21,9,897.442,-0.6397437453269958,1.9104841947555542,1.1385434865951538,-5.368153142626397e-05,2.799429785227403e-05,0.17128343880176544,0.715104341506958
scoop_total132g_09191449_set3,scoop,scoop_total_132g,132,21,10,898.262,-0.6147428750991821,1.8981046676635742,1.1985737085342407,-5.177859202376567e-05,2.7001935450243764e-05,0.16521167755126953,0.7312474846839905
scoop_total132g_09191449_set3,scoop,scoop_total_132g,132,22,1,900.082,-0.5365527272224426,1.8700053691864014,1.2419427633285522,-5.175037222215906e-05,2.6987219825969078e-05,0.1651216298341751,0.7310342788696289
scoop_total132g_09191449_set3,scoop,scoop_total_132g,132,22,2,900.912,-0.5561567544937134,1.8952909708023071,1.1354433298110962,-5.319464980857447e-05,2.7740394216380082e-05,0.16972993314266205,0.733618974685669
scoop_total132g_09191449_set3,scoop,scoop_total_132g,132,22,3,901.732,-0.5135723352432251,1.86162269115448,1.3225164413452148,-5.275083094602451e-05,2.750894782366231e-05,0.16831383109092712,0.7170587182044983
scoop_total132g_09191449_set3,scoop,scoop_total_132g,132,22,4,902.552,-0.49861034750938416,1.8621724843978882,1.278149962425232,-5.301651617628522e-05,2.7647498427540995e-05,0.16916155815124512,0.70951908826828
scoop_total132g_09191449_set3,scoop,scoop_total_132g,132,22,5,903.372,-0.46637246012687683,1.8346381187438965,1.2399451732635498,-5.360140494303778e-05,2.7952512027695775e-05,0.1710277795791626,0.698825478553772
scoop_total132g_09191449_set3,scoop,scoop_total_132g,132,22,6,904.195,-0.651285707950592,1.891597032546997,1.1967965364456177,-5.4031406762078404e-05,2.8176751584396698e-05,0.17239980399608612,0.7089446187019348
scoop_total132g_09191449_set3,scoop,scoop_total_132g,132,22,7,905.013,-0.5858221650123596,1.8925858736038208,1.2166827917099,-5.2541508921422064e-05,2.739978845056612e-05,0.16764593124389648,0.7127611041069031
scoop_total132g_09191449_set3,scoop,scoop_total_132g,132,22,8,905.832,-0.55454021692276,1.8898441791534424,1.230470061302185,-5.2439758292166516e-05,2.7346726710675284e-05,0.16732127964496613,0.718908429145813
scoop_total132g_09191449_set3,scoop,scoop_total_132g,132,22,9,906.652,-0.46482956409454346,1.841529369354248,1.1713340282440186,-5.251155744190328e-05,2.7384168788557872e-05,0.16755037009716034,0.7166745066642761
scoop_total132g_09191449_set3,scoop,scoop_total_132g,132,22,10,907.473,-0.3812766373157501,1.7709641456604004,1.2627432346343994,-5.224713095230982e-05,2.7246273020864464e-05,0.1667066514492035,0.7231968641281128
scoop_total132g_09191449_set3,scoop,scoop_total_132g,132,23,1,909.292,-0.5753920674324036,1.8504140377044678,1.1627358198165894,-5.390808655647561e-05,2.8112443033023737e-05,0.17200632393360138,0.7106848359107971
scoop_total132g_09191449_set3,scoop,scoop_total_132g,132,23,2,910.113,-0.559566855430603,1.8582724332809448,1.1427642107009888,-5.2812491048825905e-05,2.754110209934879e-05,0.1685105711221695,0.7200964689254761
scoop_total132g_09191449_set3,scoop,scoop_total_132g,132,23,3,910.935,-0.4697169363498688,1.8193252086639404,1.261265516281128,-5.223090192885138e-05,2.7237809263169765e-05,0.16665486991405487,0.7224144339561462
scoop_total132g_09191449_set3,scoop,scoop_total_132g,132,23,4,911.752,-0.4431385099887848,1.8151963949203491,1.3180855512619019,-5.349914499674924e-05,2.789918471535202e-05,0.1707015037536621,0.7244462966918945
scoop_total132g_09191449_set3,scoop,scoop_total_132g,132,23,5,912.572,-0.45122596621513367,1.8265389204025269,1.2640942335128784,-5.1486575102899224e-05,2.684965329535771e-05,0.16427992284297943,0.7171568274497986
scoop_total132g_09191449_set3,scoop,scoop_total_132g,132,23,6,913.392,-0.45455583930015564,1.8269729614257812,1.1974700689315796,-5.313858491717838e-05,2.771115759969689e-05,0.1695510447025299,0.7113029956817627
scoop_total132g_09191449_set3,scoop,scoop_total_132g,132,23,7,914.212,-0.5818114876747131,1.879459023475647,1.1940019130706787,-5.3259711421560496e-05,2.777432200673502e-05,0.16993752121925354,0.7160863280296326
scoop_total132g_09191449_set3,scoop,scoop_total_132g,132,23,8,915.032,-0.690097451210022,1.9471081495285034,1.2368841171264648,-5.373598469304852e-05,2.8022694095852785e-05,0.1714571863412857,0.7202839255332947
scoop_total132g_09191449_set3,scoop,scoop_total_132g,132,23,9,915.852,-0.4310930371284485,1.8010296821594238,1.2507178783416748,-5.380354559747502e-05,2.8057926101610065e-05,0.1716727614402771,0.7146252989768982
scoop_total132g_09191449_set3,scoop,scoop_total_132g,132,23,10,916.673,-0.5048677325248718,1.8369088172912598,1.2098829746246338,-5.2420957217691466e-05,2.733692053880077e-05,0.1672612875699997,0.7262488007545471
scoop_total132g_09191449_set3,scoop,scoop_total_132g,132,24,1,918.491,-0.5087338089942932,1.819007396697998,1.3207967281341553,-5.3011546697234735e-05,2.7644908186630346e-05,0.16914570331573486,0.7132761478424072
scoop_total132g_09191449_set3,scoop,scoop_total_132g,132,24,2,919.313,-0.47557470202445984,1.8107280731201172,1.1933941841125488,-5.3090378060005605e-05,2.7686017347150482e-05,0.169397234916687,0.7179802656173706
scoop_total132g_09191449_set3,scoop,scoop_total_132g,132,24,3,920.132,-0.5050222873687744,1.8521227836608887,1.2031973600387573,-5.23574672115501e-05,2.730381311266683e-05,0.16705872118473053,0.7237290740013123
scoop_total132g_09191449_set3,scoop,scoop_total_132g,132,24,4,920.952,-0.5721238255500793,1.8843508958816528,1.271618127822876,-5.197581049287692e-05,2.710478293010965e-05,0.16584095358848572,0.7203150987625122
scoop_total132g_09191449_set3,scoop,scoop_total_132g,132,24,5,921.771,-0.5647240877151489,1.8910101652145386,1.2492767572402954,-5.21406764164567e-05,2.719075928325765e-05,0.16636699438095093,0.7069342136383057
scoop_total132g_09191449_set3,scoop,scoop_total_132g,132,24,6,922.591,-0.5849310159683228,1.8772873878479004,1.1466728448867798,-5.2773888455703855e-05,2.752097134361975e-05,0.16838739812374115,0.7117387056350708
scoop_total132g_09191449_set3,scoop,scoop_total_132g,132,24,7,923.413,-0.5993394255638123,1.8935511112213135,1.1564513444900513,-5.248625893727876e-05,2.7370975658413954e-05,0.16746965050697327,0.7154461145401001
scoop_total132g_09191449_set3,scoop,scoop_total_132g,132,24,8,924.232,-0.6121315956115723,1.8938729763031006,1.2191404104232788,-5.1262974011478946e-05,2.6733048798632808e-05,0.1635664850473404,0.7144814729690552
scoop_total132g_09191449_set3,scoop,scoop_total_132g,132,24,9,925.052,-0.6166602373123169,1.8962020874023438,1.2451251745224,-5.2440336730796844e-05,2.7347028662916273e-05,0.16732312738895416,0.7201974987983704
scoop_total132g_09191449_set3,scoop,scoop_total_132g,132,24,10,925.872,-0.5940212607383728,1.8801140785217285,1.2513742446899414,-5.348114427761175e-05,2.7889798730029725e-05,0.17064407467842102,0.7144663333892822
scoop_total132g_09191449_set3,scoop,scoop_total_132g,132,25,1,927.692,-0.5340247750282288,1.8562711477279663,1.2802436351776123,-5.2350496844155714e-05,2.7300178771838546e-05,0.16703647375106812,0.7201659083366394
scoop_total132g_09191449_set3,scoop,scoop_total_132g,132,25,2,928.513,-0.49697864055633545,1.8459452390670776,1.2638089656829834,-5.230494571151212e-05,2.7276422770228237e-05,0.16689112782478333,0.7259960174560547
scoop_total132g_09191449_set3,scoop,scoop_total_132g,132,25,3,929.331,-0.4896852672100067,1.841912865638733,1.3111716508865356,-5.2853531087748706e-05,2.756250432867091e-05,0.16864150762557983,0.7214566469192505
scoop_total132g_09191449_set3,scoop,scoop_total_132g,132,25,4,930.152,-0.432564377784729,1.802042007446289,1.2875510454177856,-5.142511872691102e-05,2.6817604521056637e-05,0.1640838384628296,0.7218323945999146
scoop_total132g_09191449_set3,scoop,scoop_total_132g,132,25,5,930.971,-0.4459835886955261,1.7857083082199097,1.299844741821289,-5.154164318810217e-05,2.687836968107149e-05,0.16445563733577728,0.726647138595581
scoop_total132g_09191449_set3,scoop,scoop_total_132g,132,25,6,931.791,-0.4690972864627838,1.8150451183319092,1.3138139247894287,-5.2642430091509596e-05,2.7452417270978913e-05,0.16796794533729553,0.7162353992462158
scoop_total132g_09191449_set3,scoop,scoop_total_132g,132,25,7,932.611,-0.4371119439601898,1.7913825511932373,1.1865345239639282,-5.2987015806138515e-05,2.7632115234155208e-05,0.16906742751598358,0.7174376845359802
scoop_total132g_09191449_set3,scoop,scoop_total_132g,132,25,8,933.431,-0.4614940583705902,1.830847144126892,1.2717952728271484,-5.2190491260262206e-05,2.721673808991909e-05,0.1665259301662445,0.723031759262085
scoop_total132g_09191449_set3,scoop,scoop_total_132g,132,25,9,934.252,-0.5345797538757324,1.857478380203247,1.3057750463485718,-5.2826264436589554e-05,2.7548285288503394e-05,0.16855451464653015,0.7210652828216553
scoop_total132g_09191449_set3,scoop,scoop_total_132g,132,25,10,935.071,-0.5393068194389343,1.864153265953064,1.227173924446106,-5.275430885376409e-05,2.7510761356097646e-05,0.16832491755485535,0.7158629298210144
scoop_total132g_09191449_set3,scoop,scoop_total_132g,132,26,1,936.891,-0.6510348916053772,1.9207388162612915,1.2494895458221436,-5.407480784924701e-05,2.8199387088534422e-05,0.17253829538822174,0.7144293785095215
scoop_total132g_09191449_set3,scoop,scoop_total_132g,132,26,2,937.711,-0.6591911911964417,1.9604756832122803,1.2337924242019653,-5.210533709032461e-05,2.7172329282620922e-05,0.1662542223930359,0.7166770696640015
scoop_total132g_09191449_set3,scoop,scoop_total_132g,132,26,3,938.530,-0.6429623365402222,1.9329426288604736,1.1734150648117065,-5.3148582082940266e-05,2.771636900433805e-05,0.16958294808864594,0.7103317379951477
scoop_total132g_09191449_set3,scoop,scoop_total_132g,132,26,4,939.351,-0.6240751147270203,1.9359393119812012,1.1424669027328491,-5.3070452850079164e-05,2.7675627279677428e-05,0.16933365166187286,0.7138898968696594
scoop_total132g_09191449_set3,scoop,scoop_total_132g,132,26,5,940.170,-0.6422969102859497,1.93336021900177,1.225411057472229,-5.238876838120632e-05,2.732013672357425e-05,0.1671585887670517,0.7142372131347656
scoop_total132g_09191449_set3,scoop,scoop_total_132g,132,26,6,940.990,-0.6368246078491211,1.9249536991119385,1.2285929918289185,-5.2343377319630235e-05,2.729646621446591e-05,0.1670137494802475,0.7219478487968445
scoop_total132g_09191449_set3,scoop,scoop_total_132g,132,26,7,941.812,-0.42400243878364563,1.8159501552581787,1.2395427227020264,-5.2746469009434804e-05,2.7506672267918475e-05,0.16829991340637207,0.7191889882087708
scoop_total132g_09191449_set3,scoop,scoop_total_132g,132,26,8,942.631,-0.49483057856559753,1.865083932876587,1.2021616697311401,-5.206229616305791e-05,2.714988477237057e-05,0.16611690819263458,0.7252580523490906
scoop_total132g_09191449_set3,scoop,scoop_total_132g,132,26,9,943.450,-0.467440128326416,1.8361555337905884,1.2821303606033325,-5.28794334968552e-05,2.7576013962971047e-05,0.1687241643667221,0.7216607332229614
scoop_total132g_09191449_set3,scoop,scoop_total_132g,132,26,10,944.270,-0.4456820487976074,1.8459221124649048,1.2654396295547485,-5.3561841923510656e-05,2.7931881049880758e-05,0.17090155184268951,0.7157851457595825
scoop_total132g_09191449_set3,scoop,scoop_total_132g,132,27,1,946.093,-0.4485195279121399,1.8350749015808105,1.256753921508789,-5.2754861826542765e-05,2.751105057541281e-05,0.16832669079303741,0.7278792858123779
scoop_total132g_09191449_set3,scoop,scoop_total_132g,132,27,2,946.911,-0.5154939889907837,1.8520737886428833,1.3245189189910889,-5.252515620668419e-05,2.7391259209252894e-05,0.16759376227855682,0.7125424146652222
scoop_total132g_09191449_set3,scoop,scoop_total_132g,132,27,3,947.733,-0.4623468518257141,1.8518285751342773,1.232845425605774,-5.163870446267538e-05,2.692898669920396e-05,0.16476532816886902,0.7161651849746704
scoop_total132g_09191449_set3,scoop,scoop_total_132g,132,27,4,948.551,-0.42557379603385925,1.8278533220291138,1.2119930982589722,-5.159389183972962e-05,2.6905618142336607e-05,0.16462235152721405,0.7237566113471985
scoop_total132g_09191449_set3,scoop,scoop_total_132g,132,27,5,949.374,-0.5674318671226501,1.884321928024292,1.2645193338394165,-5.294830771163106e-05,2.761192990874406e-05,0.16894392669200897,0.7197425961494446
scoop_total132g_09191449_set3,scoop,scoop_total_132g,132,27,6,950.190,-0.5538195967674255,1.8998899459838867,1.2492507696151733,-5.299395343172364e-05,2.763573320407886e-05,0.16908957064151764,0.712317705154419
scoop_total132g_09191449_set3,scoop,scoop_total_132g,132,27,7,951.012,-0.51520174741745,1.8205561637878418,1.1790037155151367,-5.3438539907801896e-05,2.7867579774465412e-05,0.17050813138484955,0.7046520113945007
scoop_total132g_09191449_set3,scoop,scoop_total_132g,132,27,8,951.833,-0.5822484493255615,1.8755630254745483,1.1217268705368042,-5.2646810217993334e-05,2.7454701921669766e-05,0.16798192262649536,0.7143546342849731
scoop_total132g_09191449_set3,scoop,scoop_total_132g,132,27,9,952.650,-0.5829657316207886,1.8902302980422974,1.2035151720046997,-5.2188428526278585e-05,2.721566124819219e-05,0.16651934385299683,0.7225849628448486
scoop_total132g_09191449_set3,scoop,scoop_total_132g,132,27,10,953.473,-0.5893166661262512,1.8997324705123901,1.2468205690383911,-5.299143595038913e-05,2.76344198937295e-05,0.16908153891563416,0.7086175084114075
scoop_total132g_09191449_set3,scoop,scoop_total_132g,132,28,1,955.290,-0.5182520151138306,1.861094355583191,1.1538149118423462,-5.229766611591913e-05,2.7272626539343037e-05,0.16686789691448212,0.7175247669219971
scoop_total132g_09191449_set3,scoop,scoop_total_132g,132,28,2,956.110,-0.5761800408363342,1.8837333917617798,1.2308259010314941,-5.192386015551165e-05,2.707769272092264e-05,0.16567519307136536,0.7207624316215515
scoop_total132g_09191449_set3,scoop,scoop_total_132g,132,28,3,956.930,-0.587569534778595,1.9543921947479248,1.2548266649246216,-5.221746687311679e-05,2.723080433497671e-05,0.16661199927330017,0.717933714389801
scoop_total132g_09191449_set3,scoop,scoop_total_132g,132,28,4,957.753,-0.5418868660926819,1.8371295928955078,1.2028263807296753,-5.171559314476326e-05,2.6969082682626322e-05,0.16501066088676453,0.7192820906639099
scoop_total132g_09191449_set3,scoop,scoop_total_132g,132,28,5,958.570,-0.4928390383720398,1.8320107460021973,1.2415740489959717,-5.221428727963939e-05,2.7229145416640677e-05,0.16660185158252716,0.7319936752319336
scoop_total132g_09191449_set3,scoop,scoop_total_132g,132,28,6,959.393,-0.47278738021850586,1.8266786336898804,1.301645278930664,-5.195812991587445e-05,2.709556429181248e-05,0.1657845377922058,0.7137231230735779
scoop_total132g_09191449_set3,scoop,scoop_total_132g,132,28,7,960.210,-0.4196479618549347,1.8119854927062988,1.2501450777053833,-5.1732698921114206e-05,2.6978004825650714e-05,0.1650652438402176,0.7213425040245056
scoop_total132g_09191449_set3,scoop,scoop_total_132g,132,28,8,961.033,-0.43818870186805725,1.803931474685669,1.2789398431777954,-5.22187547176145e-05,2.723147554206662e-05,0.16661611199378967,0.7239100337028503
scoop_total132g_09191449_set3,scoop,scoop_total_132g,132,28,9,961.851,-0.4195300340652466,1.7935676574707031,1.2519491910934448,-5.206439163885079e-05,2.71509779850021e-05,0.16612358391284943,0.7117908596992493
scoop_total132g_09191449_set3,scoop,scoop_total_132g,132,28,10,962.670,-0.40523961186408997,1.7689162492752075,1.1914712190628052,-5.345566387404688e-05,2.7876511012436822e-05,0.1705627590417862,0.7139593958854675
scoop_total132g_09191449_set3,scoop,scoop_total_132g,132,29,1,964.490,-0.4365047812461853,1.8304901123046875,1.1913200616836548,-5.287746535032056e-05,2.7574986233958043e-05,0.1687178760766983,0.7087111473083496
scoop_total132g_09191449_set3,scoop,scoop_total_132g,132,29,2,965.311,-0.49717646837234497,1.848201036453247,1.1483803987503052,-5.212104588281363e-05,2.7180522010894492e-05,0.166304349899292,0.7104904651641846
scoop_total132g_09191449_set3,scoop,scoop_total_132g,132,29,3,966.133,-0.5138968229293823,1.865029215812683,1.1412063837051392,-5.249756941339001e-05,2.7376874641049653e-05,0.16750574111938477,0.7130129933357239
scoop_total132g_09191449_set3,scoop,scoop_total_132g,132,29,4,966.950,-0.6016373038291931,1.8642514944076538,1.1950016021728516,-5.219817103352398e-05,2.7220741685596295e-05,0.1665504276752472,0.7134647369384766
scoop_total132g_09191449_set3,scoop,scoop_total_132g,132,29,5,967.770,-0.5882734060287476,1.8763879537582397,1.1377615928649902,-5.1967996114399284e-05,2.7100708393845707e-05,0.16581600904464722,0.7082093954086304
scoop_total132g_09191449_set3,scoop,scoop_total_132g,132,29,6,968.590,-0.6145766973495483,1.9131876230239868,1.1753960847854614,-5.368564234231599e-05,2.7996440621791407e-05,0.17129656672477722,0.7324225306510925
scoop_total132g_09191449_set3,scoop,scoop_total_132g,132,29,7,969.411,-0.6056937575340271,1.9028007984161377,1.1864640712738037,-5.273137503536418e-05,2.7498801500769332e-05,0.16825175285339355,0.7093709111213684
scoop_total132g_09191449_set3,scoop,scoop_total_132g,132,29,8,970.230,-0.5688862204551697,1.8732330799102783,1.1848108768463135,-5.3064082749187946e-05,2.767230398603715e-05,0.16931332647800446,0.7066015601158142
scoop_total132g_09191449_set3,scoop,scoop_total_132g,132,29,9,971.052,-0.6290591359138489,1.8977726697921753,1.131537675857544,-5.2835508540738374e-05,2.755310561042279e-05,0.16858400404453278,0.7272257804870605
scoop_total132g_09191449_set3,scoop,scoop_total_132g,132,29,10,971.869,-0.4912674129009247,1.8615927696228027,1.237553596496582,-5.1983417506562546e-05,2.7108750145998783e-05,0.1658652126789093,0.7297859787940979
scoop_total132g_09191449_set3,scoop,scoop_total_132g,132,30,1,973.692,-0.4789481461048126,1.8226135969161987,1.247506856918335,-5.237883669906296e-05,2.7314958060742356e-05,0.16712689399719238,0.7085458636283875
scoop_total132g_09191449_set3,scoop,scoop_total_132g,132,30,2,974.509,-0.6485711336135864,1.9121612310409546,1.1769733428955078,-5.277862510411069e-05,2.7523443350219168e-05,0.1684025228023529,0.7148553133010864
scoop_total132g_09191449_set3,scoop,scoop_total_132g,132,30,3,975.329,-0.7207188606262207,1.9196516275405884,1.222517728805542,-5.1116079703206196e-05,2.6656443878891878e-05,0.16309776902198792,0.7087553143501282
scoop_total132g_09191449_set3,scoop,scoop_total_132g,132,30,4,976.150,-0.6813016533851624,1.9261418581008911,1.1961721181869507,-5.164519461686723e-05,2.693237183848396e-05,0.16478604078292847,0.7167887091636658
scoop_total132g_09191449_set3,scoop,scoop_total_132g,132,30,5,976.972,-0.5861385464668274,1.8922390937805176,1.123497724533081,-5.2045037591597065e-05,2.7140884412801825e-05,0.16606183350086212,0.7167571783065796
scoop_total132g_09191449_set3,scoop,scoop_total_132g,132,30,6,977.792,-0.43765923380851746,1.8153477907180786,1.2460072040557861,-5.24246170243714e-05,2.7338830477674492e-05,0.16727297008037567,0.7219400405883789
scoop_total132g_09191449_set3,scoop,scoop_total_132g,132,30,7,978.609,-0.5051292181015015,1.872450828552246,1.2834440469741821,-5.299060285324231e-05,2.7633986974251457e-05,0.16907887160778046,0.7153483033180237
scoop_total132g_09191449_set3,scoop,scoop_total_132g,132,30,8,979.429,-0.6328993439674377,1.9440326690673828,1.1957448720932007,-5.420334855443798e-05,2.826641866704449e-05,0.17294842004776,0.7118434309959412
scoop_total132g_09191449_set3,scoop,scoop_total_132g,132,30,9,980.250,-0.5662919282913208,1.8996670246124268,1.1326149702072144,-5.385889744502492e-05,2.8086791644454934e-05,0.17184937000274658,0.722712516784668
scoop_total132g_09191449_set3,scoop,scoop_total_132g,132,30,10,981.069,-0.5285720825195312,1.9072496891021729,1.2066419124603271,-5.20756802870892e-05,2.7156864234711975e-05,0.16615960001945496,0.734512984752655
